sweep,x,x_ctrl,seed,N,m,E0,k0,k2,b_dist,b_param,b_mean,C,C_star,C_over_Cstar,regime,rho_c,S_h_E,S_h_1,Tc_sim,Tc_th,Tc_th_calib,t_sh1_sim,t_shE_sim,k_min
C,0.12907092470428427,0.0,0,2000,2,4428,6.642,121.934,uniform,1.0,0.5049144100442657,1.1430521091811414,8.856,0.12907092470428427,case_II,0.02880512091038407,0.15055706112616682,0.9565595349154571,17633,59363.16441069772,48729.23249192128,17633,17633,
C,0.1615923387928469,1.0,0,2000,2,4428,6.642,121.934,uniform,1.0,0.5049144100442657,1.4310617523494522,8.856,0.1615923387928469,case_II,0.02880512091038407,0.15055706112616682,0.7820780258591404,122051,332335.24276877486,272802.8647209441,122051,122051,
C,0.20230802573366452,2.0,0,2000,2,4428,6.642,121.934,uniform,1.0,0.5049144100442657,1.791639875897333,8.856,0.20230802573366452,case_II,0.02880512091038407,0.15055706112616682,0.6434011198257935,346654,603127.8975841696,495087.4811930744,346654,346654,
C,0.2532826592028064,3.0,0,2000,2,4428,6.642,121.934,uniform,1.0,0.5049144100442657,2.2430712299000533,8.856,0.2532826592028064,case_II,0.02880512091038407,0.15055706112616682,0.5334638935998004,541395,869252.4311430475,713540.1933476462,541395,541395,
C,0.3171011393156505,4.0,0,2000,2,4428,6.642,121.934,uniform,1.0,0.5049144100442657,2.808247689779401,8.856,0.3171011393156505,case_II,0.02880512091038407,0.15055706112616682,0.4466324656716865,768538,1127524.0007266188,925546.6705162266,768538,768538,
C,0.3969996717176343,5.0,0,2000,2,4428,6.642,121.934,uniform,1.0,0.5049144100442657,3.5158290927313693,8.856,0.3969996717176343,case_II,0.02880512091038407,0.15055706112616682,0.3784013821227308,968635,1374098.679524697,1127951.561984699,968635,968635,
C,0.4970298740775625,6.0,0,2000,2,4428,6.642,121.934,uniform,1.0,0.5049144100442657,4.401696564830893,8.856,0.4970298740775625,case_II,0.02880512091038407,0.15055706112616682,0.3251433511006615,1211312,1604711.464268114,1317253.8694834257,1211312,1211312,
C,0.622264231747939,7.0,0,2000,2,4428,6.642,121.934,uniform,1.0,0.5049144100442657,5.510772036359747,8.856,0.622264231747939,case_II,0.02880512091038407,0.15055706112616682,0.28390411795115117,1487932,1815181.5312253213,1490021.694904467,1487932,1487932,
C,0.7790533211539462,8.0,0,2000,2,4428,6.642,121.934,uniform,1.0,0.5049144100442657,6.8992962121393475,8.856,0.7790533211539462,case_II,0.02880512091038407,0.15055706112616682,0.2522433564574078,1698851,2002130.1142191542,1643481.5223105017,1698851,1698851,
C,0.9753478445903038,9.0,0,2000,2,4428,6.642,121.934,uniform,1.0,0.5049144100442657,8.63768051169173,8.856,0.9753478445903038,case_II,0.02880512091038407,0.15055706112616682,0.2281256740046962,1945724,2163671.745013347,1776085.6340056618,1945724,1945724,
C,1.2211018066617902,10.0,0,2000,2,4428,6.642,121.934,uniform,1.0,0.5049144100442657,10.814077599796814,8.856,1.2211018066617902,case_I,0.02880512091038407,0.15055706112616682,0.20985836185969214,2323700,2575066.543784416,2575066.543784416,2273360,2323700,
C,1.5287772772584758,11.0,0,2000,2,4428,6.642,121.934,uniform,1.0,0.5049144100442657,13.53885156740106,8.856,1.5287772772584758,case_I,0.02880512091038407,0.15055706112616682,0.19605877957654888,2591480,2659911.670062971,2659911.670062971,2378206,2591480,
C,1.9139763373629695,12.0,0,2000,2,4428,6.642,121.934,uniform,1.0,0.5049144100442657,16.950174443686457,8.856,1.9139763373629695,case_I,0.02880512091038407,0.15055706112616682,0.18562848199355822,2885766,2717405.6653085942,2717405.6653085942,2462748,2802989,
C,2.3962322533696336,13.0,0,2000,2,4428,6.642,121.934,uniform,1.0,0.5049144100442657,21.221032835841473,8.856,2.3962322533696336,case_I,0.02880512091038407,0.15055706112616682,0.17771973375187375,3171522,2756787.8803725606,2756787.8803725606,2523215,2805124,
C,3.0,14.0,0,2000,2,4428,6.642,121.934,uniform,1.0,0.5049144100442657,26.567999999999998,8.856,3.0,case_I,0.02880512091038407,0.15055706112616682,0.17169349641707432,3781985,2784153.1309003737,2784153.1309003737,2583212,2805124,
C,0.12827730907113766,0.0,1,2000,2,4453,6.6795,137.8985,uniform,1.0,0.494370552627203,1.1424377145875517,8.905999999999999,0.12827730907113766,case_II,0.025451725740936904,0.14971180477580656,0.9565325432369861,2432,59400.975323589286,48760.27020332558,2432,2432,
C,0.1606695263433769,1.0,1,2000,2,4453,6.6795,137.8985,uniform,1.0,0.494370552627203,1.4309228016141144,8.905999999999999,0.1606695263433769,case_II,0.025451725740936904,0.14971180477580656,0.7816337241483363,161537,333114.5274302125,273442.5533868289,161537,161537,
C,0.20124133318924897,2.0,1,2000,2,4453,6.6795,137.8985,uniform,1.0,0.494370552627203,1.7922553133834511,8.905999999999999,0.20124133318924897,case_II,0.025451725740936904,0.14971180477580656,0.6426803244702065,287612,604701.5287332046,496379.2222732388,287612,287612,
C,0.2520582160504746,3.0,1,2000,2,4453,6.6795,137.8985,uniform,1.0,0.494370552627203,2.2448304721455266,8.905999999999999,0.2520582160504746,case_II,0.025451725740936904,0.14971180477580656,0.5325660973031536,491435,871673.3187206672,715527.4188397119,491435,491435,
C,0.31570723206648843,4.0,1,2000,2,4453,6.6795,137.8985,uniform,1.0,0.494370552627203,2.8116886087841455,8.905999999999999,0.31570723206648843,case_II,0.025451725740936904,0.14971180477580656,0.4456269119918031,723605,1130839.6170851262,928268.3488834702,723605,723605,
C,0.39542871460744006,5.0,1,2000,2,4453,6.6795,137.8985,uniform,1.0,0.494370552627203,3.521688132293861,8.905999999999999,0.39542871460744006,case_II,0.025451725740936904,0.14971180477580656,0.37733553546682086,962783,1378342.495110271,1131435.167994843,962783,962783,
C,0.4952812367097177,6.0,1,2000,2,4453,6.6795,137.8985,uniform,1.0,0.494370552627203,4.410974694136745,8.905999999999999,0.4952812367097177,case_II,0.025451725740936904,0.14971180477580656,0.3240493362014753,1192960,1609891.82746812,1321506.2560479161,1192960,1192960,
C,0.6203482306039189,7.0,1,2000,2,4453,6.6795,137.8985,uniform,1.0,0.494370552627203,5.524821341758501,8.905999999999999,0.6203482306039189,case_II,0.025451725740936904,0.14971180477580656,0.2828034748763109,1388743,1821270.8415712672,1495020.20572357,1388743,1388743,
C,0.7769967822119644,8.0,1,2000,2,4453,6.6795,137.8985,uniform,1.0,0.494370552627203,6.919933342379754,8.905999999999999,0.7769967822119644,case_II,0.025451725740936904,0.14971180477580656,0.2511503284278637,1710723,2009059.4729278418,1649169.6006817871,1710723,1710723,
C,0.9732017756865557,9.0,1,2000,2,4453,6.6795,137.8985,uniform,1.0,0.494370552627203,8.667335014264465,8.905999999999999,0.9732017756865557,case_II,0.025451725740936904,0.14971180477580656,0.22704929133712684,1937471,2171335.753339207,1782376.76163065,1937471,1937471,
C,1.2189518899977774,10.0,1,2000,2,4453,6.6795,137.8985,uniform,1.0,0.494370552627203,10.855985532320204,8.905999999999999,1.2189518899977774,case_I,0.025451725740936904,0.14971180477580656,0.2088037342971641,2211696,2589378.5678326115,2589378.5678326115,2185556,2211696,
C,1.5267581166104511,11.0,1,2000,2,4453,6.6795,137.8985,uniform,1.0,0.494370552627203,13.597307786532676,8.905999999999999,1.5267581166104511,case_I,0.025451725740936904,0.14971180477580656,0.19502803750219727,2620720,2674139.012359168,2674139.012359168,2417027,2620720,
C,1.9122906865833267,12.0,1,2000,2,4453,6.6795,137.8985,uniform,1.0,0.494370552627203,17.030860854711104,8.905999999999999,1.9122906865833267,case_I,0.025451725740936904,0.14971180477580656,0.18462162117657427,2894750,2731221.2091962993,2731221.2091962993,2528444,2836677,
C,2.3951768326680973,13.0,1,2000,2,4453,6.6795,137.8985,uniform,1.0,0.494370552627203,21.33144487174207,8.905999999999999,2.3951768326680973,case_I,0.025451725740936904,0.14971180477580656,0.1767353892954051,3286057,2770070.857126503,2770070.857126503,2612835,2877299,
C,3.0,14.0,1,2000,2,4453,6.6795,137.8985,uniform,1.0,0.494370552627203,26.717999999999996,8.905999999999999,3.0,case_I,0.025451725740936904,0.14971180477580656,0.17072957604644173,3629778,2796892.725833259,2796892.725833259,2655292,2877299,
C,0.12690414269159456,0.0,2,2000,2,4497,6.7455,137.1255,uniform,1.0,0.5009659858369434,1.1413758593682013,8.994,0.12690414269159456,case_II,0.025868614818223654,0.14824697946779336,0.9564858666287424,8616,59466.3643938217,48813.94589998725,8616,8616,
C,0.15907185004659874,1.0,2,2000,2,4497,6.7455,137.1255,uniform,1.0,0.5009659858369434,1.430692219319109,8.994,0.15907185004659874,case_II,0.025868614818223654,0.14824697946779336,0.780860015306968,154922,334472.7591498208,274557.48029309686,154922,154922,
C,0.1993934393358743,2.0,2,2000,2,4497,6.7455,137.1255,uniform,1.0,0.5009659858369434,1.7933445933868535,8.994,0.1993934393358743,case_II,0.025868614818223654,0.14824697946779336,0.6414257523025273,346731,607445.2258510874,498631.431300031,346731,346731,
C,0.24993575946053495,3.0,2,2000,2,4497,6.7455,137.1255,uniform,1.0,0.5009659858369434,2.2479222205880514,8.994,0.24993575946053495,case_II,0.025868614818223654,0.14824697946779336,0.5310043932454398,491737,875895.4066992288,718993.1893853198,491737,491737,
C,0.3132895649183746,4.0,2,2000,2,4497,6.7455,137.1255,uniform,1.0,0.5009659858369434,2.8177263468758613,8.994,0.3132895649183746,case_II,0.025868614818223654,0.14824697946779336,0.4438788203778535,680038,1136623.836855859,933016.4210725197,680038,680038,
C,0.39270231558138635,5.0,2,2000,2,4497,6.7455,137.1255,uniform,1.0,0.5009659858369434,3.5319646263389886,8.994,0.39270231558138635,case_II,0.025868614818223654,0.14824697946779336,0.3754836773787381,876868,1385748.4727852945,1137514.4869047892,876868,876868,
C,0.4922446386082551,6.0,2,2000,2,4497,6.7455,137.1255,uniform,1.0,0.5009659858369434,4.4272482796426464,8.994,0.4922446386082551,case_II,0.025868614818223654,0.14824697946779336,0.3221495053115909,1148398,1618935.5582623854,1328929.951614736,1148398,1148398,
C,0.6170189851818041,7.0,2,2000,2,4497,6.7455,137.1255,uniform,1.0,0.5009659858369434,5.549468752725146,8.994,0.6170189851818041,case_II,0.025868614818223654,0.14824697946779336,0.28089298046716876,1426611,1831905.5077889846,1503749.8468695823,1426611,1426611,
C,0.7734211776306765,8.0,2,2000,2,4497,6.7455,137.1255,uniform,1.0,0.5009659858369434,6.956150071610304,8.994,0.7734211776306765,case_II,0.025868614818223654,0.14824697946779336,0.2492537678358138,1680846,2021165.7093410948,1659107.2044911496,1680846,1680846,
C,0.9694682536087106,9.0,2,2000,2,4497,6.7455,137.1255,uniform,1.0,0.5009659858369434,8.719397472956743,8.994,0.9694682536087106,case_II,0.025868614818223654,0.14824697946779336,0.22518220769722808,1957001,2184729.7283872077,1793371.4269350388,1957001,1957001,
C,1.2152094123338433,10.0,2,2000,2,4497,6.7455,137.1255,uniform,1.0,0.5009659858369434,10.929593454530586,8.994,1.2152094123338433,case_I,0.025868614818223654,0.14824697946779336,0.2069748769017566,2298415,2600421.632876155,2600421.632876155,2298415,2298415,
C,1.52324112762623,11.0,2,2000,2,4497,6.7455,137.1255,uniform,1.0,0.5009659858369434,13.700030701870313,8.994,1.52324112762623,case_I,0.025868614818223654,0.14824697946779336,0.1932409986200688,2659213,2686426.9539391985,2686426.9539391985,2450708,2659213,
C,1.9093528319830075,12.0,2,2000,2,4497,6.7455,137.1255,uniform,1.0,0.5009659858369434,17.17271937085517,8.994,1.9093528319830075,case_I,0.025868614818223654,0.14824697946779336,0.1828763017154413,2953526,2744497.9604055486,2744497.9604055486,2583807,2887555,
C,2.3933362688826283,13.0,2,2000,2,4497,6.7455,137.1255,uniform,1.0,0.5009659858369434,21.52566640233036,8.994,2.3933362688826283,case_I,0.025868614818223654,0.14824697946779336,0.17502934233758038,3471568,2784132.4344268893,2784132.4344268893,2669983,2979353,
C,3.0,14.0,2,2000,2,4497,6.7455,137.1255,uniform,1.0,0.5009659858369434,26.982,8.994,3.0,case_I,0.025868614818223654,0.14824697946779336,0.1690591065454314,3708616,2811577.3624039837,2811577.3624039837,2733986,2984062,
C,0.13029633149319994,0.0,3,2000,2,4390,6.585,125.956,uniform,1.0,0.4971070164153008,1.1440017905102955,8.78,0.13029633149319994,case_II,0.02758207604862152,0.15186028853454822,0.9566012337565055,8937,59304.753508718044,48681.28493975006,8937,8937,
C,0.16301644099574916,1.0,3,2000,2,4390,6.585,125.956,uniform,1.0,0.4971070164153008,1.4312843519426774,8.78,0.16301644099574916,case_II,0.02758207604862152,0.15186028853454822,0.7827600139657536,137067,331140.02905365056,271821.7538320621,137067,137067,
C,0.2039532481872481,2.0,3,2000,2,4390,6.585,125.956,uniform,1.0,0.4971070164153008,1.7907095190840383,8.78,0.2039532481872481,case_II,0.02758207604862152,0.15186028853454822,0.6445080214387149,316447,600715.1733274113,493106.95669756265,316447,316447,
C,0.2551701361656762,3.0,3,2000,2,4390,6.585,125.956,uniform,1.0,0.4971070164153008,2.240393795534637,8.78,0.2551701361656762,case_II,0.02758207604862152,0.15186028853454822,0.5348433770918731,534174,865541.625327921,710494.1171976846,534174,534174,
C,0.3192486462928554,4.0,3,2000,2,4390,6.585,125.956,uniform,1.0,0.4971070164153008,2.80300311445127,8.78,0.3192486462928554,case_II,0.02758207604862152,0.15186028853454822,0.44817837805215754,732688,1122443.119424879,921375.94530853,732688,732688,
C,0.39941859847441774,5.0,3,2000,2,4390,6.585,125.956,uniform,1.0,0.4971070164153008,3.5068952946053873,8.78,0.39941859847441774,case_II,0.02758207604862152,0.15186028853454822,0.38004084043373904,955432,1367597.436447247,1122614.9093895678,955432,955432,
C,0.49972088733908726,6.0,3,2000,2,4390,6.585,125.956,uniform,1.0,0.4971070164153008,4.387549390837186,8.78,0.49972088733908726,case_II,0.02758207604862152,0.15186028853454822,0.326826924808539,1136441,1596778.2242932832,1310741.7386193562,1136441,1136441,
C,0.6252111599128728,7.0,3,2000,2,4390,6.585,125.956,uniform,1.0,0.4971070164153008,5.489353984035023,8.78,0.6252111599128728,case_II,0.02758207604862152,0.15186028853454822,0.28559858118067294,1378251,1805859.6616422078,1482369.6845259054,1378251,1378251,
C,0.7822146409788967,8.0,3,2000,2,4390,6.585,125.956,uniform,1.0,0.4971070164153008,6.8678445477947125,8.78,0.7822146409788967,case_II,0.02758207604862152,0.15186028853454822,0.25392667953339076,1672940,1991525.858528851,1634776.8441474312,1672940,1672940,
C,0.9786449503668663,9.0,3,2000,2,4390,6.585,125.956,uniform,1.0,0.4971070164153008,8.592502664221085,8.78,0.9786449503668663,case_II,0.02758207604862152,0.15186028853454822,0.22978384793094156,1850252,2151946.640513893,1766460.888613164,1850252,1850252,
C,1.2244029818720883,10.0,3,2000,2,4390,6.585,125.956,uniform,1.0,0.4971070164153008,10.750258180836935,8.78,1.2244029818720883,case_I,0.02758207604862152,0.15186028853454822,0.21148342256093866,2110882,2566479.7551064678,2566479.7551064678,2070126,2110882,
C,1.5318759489386502,11.0,3,2000,2,4390,6.585,125.956,uniform,1.0,0.4971070164153008,13.449870831681348,8.78,1.5318759489386502,case_I,0.02758207604862152,0.15186028853454822,0.19764736136009264,2434582,2650134.690686223,2650134.690686223,2297496,2417990,
C,1.916561751057415,12.0,3,2000,2,4390,6.585,125.956,uniform,1.0,0.4971070164153008,16.827412174284103,8.78,1.916561751057415,case_I,0.02758207604862152,0.15186028853454822,0.18718051658593107,2785277,2706636.3312719017,2706636.3312719017,2389044,2649470,
C,2.3978501315078566,13.0,3,2000,2,4390,6.585,125.956,uniform,1.0,0.4971070164153008,21.05312415463898,8.78,2.3978501315078566,case_I,0.02758207604862152,0.15186028853454822,0.1792372589604549,3228444,2745202.6464376138,2745202.6464376138,2465537,2731037,
C,3.0,14.0,3,2000,2,4390,6.585,125.956,uniform,1.0,0.4971070164153008,26.339999999999996,8.78,3.0,case_I,0.02758207604862152,0.15186028853454822,0.17317968157968225,3683594,2771903.4391444596,2771903.4391444596,2528155,2763332,
C,0.12802542235347716,0.0,4,2000,2,4461,6.6915,121.6135,uniform,1.0,0.4908466375467251,1.1422428182377231,8.921999999999999,0.12802542235347716,case_II,0.029113224621917472,0.14944332361951732,0.9565239786204206,12933,59412.973194177364,48770.11885326023,12933,12933,
C,0.1603765485301563,1.0,4,2000,2,4461,6.6915,121.6135,uniform,1.0,0.4908466375467251,1.4308795659860543,8.921999999999999,0.1603765485301563,case_II,0.029113224621917472,0.14944332361951732,0.7814922709669394,125967,333362.7336513777,273646.297556756,125967,125967,
C,0.20090257736023007,2.0,4,2000,2,4461,6.6915,121.6135,uniform,1.0,0.4908466375467251,1.7924527952079725,8.921999999999999,0.20090257736023007,case_II,0.029113224621917472,0.14944332361951732,0.642450898210546,290192,605202.8249195956,496790.7195149452,290192,290192,
C,0.2516692494002253,3.0,4,2000,2,4461,6.6915,121.6135,uniform,1.0,0.4908466375467251,2.24539304314881,8.921999999999999,0.2516692494002253,case_II,0.029113224621917472,0.14944332361951732,0.532280415346242,470614,872444.6192465753,716160.5535962774,470614,470614,
C,0.31526430335487987,4.0,4,2000,2,4461,6.6915,121.6135,uniform,1.0,0.4908466375467251,2.8127881145322378,8.921999999999999,0.31526430335487987,case_II,0.029113224621917472,0.14944332361951732,0.44530703391520665,681532,1131896.1301172161,929135.6050293063,681532,681532,
C,0.3949293813475678,5.0,4,2000,2,4461,6.6915,121.6135,uniform,1.0,0.4908466375467251,3.523559940382999,8.921999999999999,0.3949293813475678,case_II,0.029113224621917472,0.14944332361951732,0.3769965696728692,865983,1379694.9944579876,1132545.3893891086,865983,865983,
C,0.49472526572729214,6.0,4,2000,2,4461,6.6915,121.6135,uniform,1.0,0.4908466375467251,4.4139388208189,8.921999999999999,0.49472526572729214,case_II,0.029113224621917472,0.14944332361951732,0.3237014972793332,1108633,1611543.0988510726,1322861.729394493,1108633,1108633,
C,0.6197388700577297,7.0,4,2000,2,4461,6.6915,121.6135,uniform,1.0,0.4908466375467251,5.529310198655063,8.921999999999999,0.6197388700577297,case_II,0.029113224621917472,0.14944332361951732,0.2824536029685801,1414182,1823212.206814025,1496613.8073990399,1414182,1414182,
C,0.7763425352772385,8.0,4,2000,2,4461,6.6915,121.6135,uniform,1.0,0.4908466375467251,6.926528099743521,8.921999999999999,0.7763425352772385,case_II,0.029113224621917472,0.14944332361951732,0.25080294011066206,1658932,2011269.0501456885,1650983.3685802163,1658932,1658932,
C,0.9725188481796327,9.0,4,2000,2,4461,6.6915,121.6135,uniform,1.0,0.4908466375467251,8.676813163458682,8.921999999999999,0.9725188481796327,case_II,0.029113224621917472,0.14944332361951732,0.22670724561092687,1930966,2173779.9606932225,1784383.1295457475,1930966,1930966,
C,1.2182675392465634,10.0,4,2000,2,4461,6.6915,121.6135,uniform,1.0,0.4908466375467251,10.869382985157838,8.921999999999999,1.2182675392465634,case_I,0.029113224621917472,0.14944332361951732,0.2084686448931643,2324578,2594090.6568402504,2594090.6568402504,2201491,2324578,
C,1.5261152007079006,11.0,4,2000,2,4461,6.6915,121.6135,uniform,1.0,0.4908466375467251,13.615999820715889,8.921999999999999,1.5261152007079006,case_I,0.029113224621917472,0.14944332361951732,0.19470057234351504,2536854,2678810.191213623,2678810.191213623,2365412,2536854,
C,1.911753806780488,12.0,4,2000,2,4461,6.6915,121.6135,uniform,1.0,0.4908466375467251,17.05666746409551,8.921999999999999,1.911753806780488,case_I,0.029113224621917472,0.14944332361951732,0.18430177085131466,2835567,2735742.9471582384,2735742.9471582384,2469344,2794048,
C,2.3948405834922424,13.0,4,2000,2,4461,6.6915,121.6135,uniform,1.0,0.4908466375467251,21.366767685917782,8.921999999999999,2.3948405834922424,case_I,0.029113224621917472,0.14944332361951732,0.17642271309192734,3240216,2774404.2794063874,2774404.2794063874,2540452,2845476,
C,3.0,14.0,4,2000,2,4461,6.6915,121.6135,uniform,1.0,0.4908466375467251,26.766,8.921999999999999,3.0,case_I,0.029113224621917472,0.14944332361951732,0.17042340330302735,3701412,2801035.8801766695,2801035.8801766695,2626138,2845476,
C,0.12592391222428698,0.0,5,2000,2,4529,6.7935,153.4585,uniform,1.0,0.49873619416150156,1.1406187969275914,9.058,0.12592391222428698,case_II,0.023159922271843998,0.14719952896150731,0.9564525672123777,5064,59513.01557963138,48852.24029520541,5064,5064,
C,0.15793059905623316,1.0,5,2000,2,4529,6.7935,153.4585,uniform,1.0,0.49873619416150156,1.43053536625136,9.058,0.15793059905623316,case_II,0.023159922271843998,0.14719952896150731,0.7803038110929377,155470,335450.0949030394,275359.7424638223,155470,155470,
C,0.19807257952592497,2.0,5,2000,2,4529,6.7935,153.4585,uniform,1.0,0.49873619416150156,1.7941414253458283,9.058,0.19807257952592497,case_II,0.023159922271843998,0.14719952896150731,0.6405243575129109,342554,609420.2608311104,500252.6713345983,342554,342554,
C,0.24841764037179748,3.0,5,2000,2,4529,6.7935,153.4585,uniform,1.0,0.49873619416150156,2.2501669864877414,9.058,0.24841764037179748,case_II,0.023159922271843998,0.14719952896150731,0.5298830727461884,524772,878935.5600249083,721488.7493792784,524772,524772,
C,0.311559147639689,4.0,5,2000,2,4529,6.7935,153.4585,uniform,1.0,0.49873619416150156,2.822102759320303,9.058,0.311559147639689,case_II,0.023159922271843998,0.14719952896150731,0.4426245027219179,737245,1140790.149543956,936436.4075511335,737245,737245,
C,0.3907496357049758,5.0,5,2000,2,4529,6.7935,153.4585,uniform,1.0,0.49873619416150156,3.5394102002156704,9.058,0.3907496357049758,case_II,0.023159922271843998,0.14719952896150731,0.3741557302049591,967176,1391084.8636760842,1141894.9513723843,967176,967176,
C,0.4900683512594156,6.0,5,2000,2,4529,6.7935,153.4585,uniform,1.0,0.49873619416150156,4.439039125707787,9.058,0.4900683512594156,case_II,0.023159922271843998,0.14719952896150731,0.32078792029836456,1217336,1625454.6774056782,1334281.278073317,1217336,1217336,
C,0.6146313827595049,7.0,5,2000,2,4529,6.7935,153.4585,uniform,1.0,0.49873619416150156,5.567331065035595,9.058,0.6146313827595049,case_II,0.023159922271843998,0.14719952896150731,0.27952442014995166,1492686,1839574.689361291,1510045.2210392305,1492686,1492686,
C,0.7708551994880588,8.0,5,2000,2,4529,6.7935,153.4585,uniform,1.0,0.49873619416150156,6.982406396962836,9.058,0.7708551994880588,case_II,0.023159922271843998,0.14719952896150731,0.24789575229415634,1758442,2029899.6410220237,1666276.5963467471,1758442,1758442,
C,0.9667871756074689,9.0,5,2000,2,4529,6.7935,153.4585,uniform,1.0,0.49873619416150156,8.757158236652453,9.058,0.9667871756074689,case_II,0.023159922271843998,0.14719952896150731,0.22384576676976142,2097435,2194396.0390296523,1801306.177437489,2090628,2097435,
C,1.2125201251023618,10.0,5,2000,2,4529,6.7935,153.4585,uniform,1.0,0.49873619416150156,10.983007293177193,9.058,1.2125201251023618,case_I,0.023159922271843998,0.14719952896150731,0.20566618299716893,2371483,2612308.5457003512,2612308.5457003512,2317226,2371483,
C,1.5207122010637568,11.0,5,2000,2,4529,6.7935,153.4585,uniform,1.0,0.49873619416150156,13.774611117235509,9.058,1.5207122010637568,case_I,0.023159922271843998,0.14719952896150731,0.19196254166012394,2663279,2698827.4645513436,2698827.4645513436,2532501,2663279,
C,1.907238940276515,12.0,5,2000,2,4529,6.7935,153.4585,uniform,1.0,0.49873619416150156,17.275770321024673,9.058,1.907238940276515,case_I,0.023159922271843998,0.14719952896150731,0.1816279384757407,3139368,2757135.2007546807,2757135.2007546807,2650413,3036466,
C,2.3920110411178173,13.0,5,2000,2,4529,6.7935,153.4585,uniform,1.0,0.49873619416150156,21.666836010445188,9.058,2.3920110411178173,case_I,0.023159922271843998,0.14719952896150731,0.17380925889949594,3514423,2796855.632165707,2796855.632165707,2758682,3041751,
C,3.0,14.0,5,2000,2,4529,6.7935,153.4585,uniform,1.0,0.49873619416150156,27.174,9.058,3.0,case_I,0.023159922271843998,0.14719952896150731,0.16786460634462466,3887361,2824309.2592915655,2824309.2592915655,2836617,3041751,
C,0.12799400649535164,0.0,6,2000,2,4462,6.693,123.545,uniform,1.0,0.48990200288595237,1.142218513964518,8.924,0.12799400649535164,case_II,0.028638790949234928,0.1494098311668908,0.9565229105011631,15359,59414.46949331486,48771.3471150834,15359,15359,
C,0.1603400048151291,1.0,6,2000,2,4462,6.693,123.545,uniform,1.0,0.48990200288595237,1.4308742029702122,8.924,0.1603400048151291,case_II,0.028638790949234928,0.1494098311668908,0.7814746138200368,145213,333393.7199620198,273671.73318085616,145213,145213,
C,0.20086032032327467,2.0,6,2000,2,4462,6.693,123.545,uniform,1.0,0.48990200288595237,1.792477498564903,8.924,0.20086032032327467,case_II,0.028638790949234928,0.1494098311668908,0.6424222615261148,329744,605265.4101591352,496842.0936409434,329744,329744,
C,0.25162072513896866,3.0,6,2000,2,4462,6.693,123.545,uniform,1.0,0.48990200288595237,2.245463351140156,8.924,0.25162072513896866,case_II,0.028638790949234928,0.1494098311668908,0.5322447597175682,516791,872540.9171309997,716239.6013028001,516791,516791,
C,0.3152090428690012,4.0,6,2000,2,4462,6.693,123.545,uniform,1.0,0.48990200288595237,2.8129254985629664,8.924,0.3152090428690012,case_II,0.028638790949234928,0.1494098311668908,0.4452671134555007,727231,1132028.042230199,929243.887262672,727231,727231,
C,0.3948670788207834,5.0,6,2000,2,4462,6.693,123.545,uniform,1.0,0.48990200288595237,3.523793811396671,8.924,0.3948670788207834,case_II,0.028638790949234928,0.1494098311668908,0.3769542702153044,947038,1379863.8696558727,1132684.0133802916,947038,947038,
C,0.49465589095189183,6.0,6,2000,2,4462,6.693,123.545,uniform,1.0,0.48990200288595237,4.414309170854683,8.924,0.49465589095189183,case_II,0.028638790949234928,0.1494098311668908,0.3236580934357366,1183537,1611749.2892103451,1323030.9841512823,1183537,1183537,
C,0.6196628272585463,7.0,6,2000,2,4462,6.693,123.545,uniform,1.0,0.48990200288595237,5.5298710704552665,8.924,0.6196628272585463,case_II,0.028638790949234928,0.1494098311668908,0.28240994797379454,1378801,1823454.6327792937,1496812.8067505893,1378801,1378801,
C,0.7762608846063442,8.0,6,2000,2,4462,6.693,123.545,uniform,1.0,0.48990200288595237,6.927352134227015,8.924,0.7762608846063442,case_II,0.028638790949234928,0.1494098311668908,0.250759597140716,1675413,2011544.9821051974,1651209.8718797008,1675413,1675413,
C,0.972433611413655,9.0,6,2000,2,4462,6.693,123.545,uniform,1.0,0.48990200288595237,8.677997548255457,8.924,0.972433611413655,case_II,0.028638790949234928,0.1494098311668908,0.22666457100226217,1960158,2174085.2058693226,1784633.6950824887,1960158,1960158,
C,1.2181821180987984,10.0,6,2000,2,4462,6.693,123.545,uniform,1.0,0.48990200288595237,10.871057221913675,8.924,1.2181821180987984,case_I,0.028638790949234928,0.1494098311668908,0.20842683963898992,2242978,2594973.391529972,2594973.391529972,2242978,2242978,
C,1.5260349451500228,11.0,6,2000,2,4462,6.693,123.545,uniform,1.0,0.48990200288595237,13.618335850518802,8.924,1.5260349451500228,case_I,0.028638790949234928,0.1494098311668908,0.19465971946798538,2653790,2679658.6284518675,2679658.6284518675,2407200,2653790,
C,1.911686782476773,12.0,6,2000,2,4462,6.693,123.545,uniform,1.0,0.48990200288595237,17.05989284682272,8.924,1.911686782476773,case_I,0.028638790949234928,0.1494098311668908,0.18426186890612226,2974061,2736536.76159941,2736536.76159941,2493650,2807470,
C,2.3947986026867305,13.0,6,2000,2,4462,6.693,123.545,uniform,1.0,0.48990200288595237,21.371182730376383,8.924,2.3947986026867305,case_I,0.028638790949234928,0.1494098311668908,0.17638370685551852,3297053,2775138.4206710714,2775138.4206710714,2563070,2824345,
C,3.0,14.0,6,2000,2,4462,6.693,123.545,uniform,1.0,0.48990200288595237,26.772,8.924,3.0,case_I,0.028638790949234928,0.1494098311668908,0.17038520890515574,3928085,2801713.104169849,2801713.104169849,2610480,2825601,
C,0.1315453879181919,0.0,7,2000,2,4352,6.528,115.296,uniform,1.0,0.5028858901978199,1.1449710564399422,8.703999999999999,0.1315453879181919,case_II,0.030008826125330977,0.15318627450980393,0.9566437639018178,16708,59245.181049427454,48632.383904104405,16708,16708,
C,0.16446704337857854,1.0,7,2000,2,4352,6.528,115.296,uniform,1.0,0.5028858901978199,1.4315211455671475,8.703999999999999,0.16446704337857854,case_II,0.030008826125330977,0.15318627450980393,0.7834501814968213,141721,329931.66451073415,270829.84786931064,141721,141721,
C,0.2056279493015237,2.0,7,2000,2,4352,6.528,115.296,uniform,1.0,0.5028858901978199,1.789785670720462,8.703999999999999,0.2056279493015237,case_II,0.030008826125330977,0.15318627450980393,0.645628817423885,322345,598276.8982280619,491105.4583715393,322345,322345,
C,0.2570901298238894,3.0,7,2000,2,4352,6.528,115.296,uniform,1.0,0.5028858901978199,2.2377124899871332,8.703999999999999,0.2570901298238894,case_II,0.030008826125330977,0.15318627450980393,0.5362411187173736,524081,861792.6983477301,707416.7486607061,524081,524081,
C,0.3214316685906595,4.0,7,2000,2,4352,6.528,115.296,uniform,1.0,0.5028858901978199,2.7977412434131,8.703999999999999,0.3214316685906595,case_II,0.030008826125330977,0.15318627450980393,0.44974580428293215,722726,1117311.7618739353,917163.7858392472,722726,722726,
C,0.4018758621490065,5.0,7,2000,2,4352,6.528,115.296,uniform,1.0,0.5028858901978199,3.4979275041449522,8.703999999999999,0.4018758621490065,case_II,0.030008826125330977,0.15318627450980393,0.38170416211461494,908251,1361034.0989045347,1117227.2855285974,908251,908251,
C,0.5024526963573136,6.0,7,2000,2,4352,6.528,115.296,uniform,1.0,0.5028858901978199,4.373348269094057,8.703999999999999,0.5024526963573136,case_II,0.030008826125330977,0.15318627450980393,0.3285359714425831,1159784,1588772.576119923,1304170.1702914068,1159784,1159784,
C,0.6282007352388055,7.0,7,2000,2,4352,6.528,115.296,uniform,1.0,0.5028858901978199,5.467859199518562,8.703999999999999,0.6282007352388055,case_II,0.030008826125330977,0.15318627450980393,0.28731952908666647,1421056,1796456.8085594657,1474651.1975061377,1421056,1421056,
C,0.7854195362381632,8.0,7,2000,2,4352,6.528,115.296,uniform,1.0,0.5028858901978199,6.836291643416971,8.703999999999999,0.7854195362381632,case_II,0.030008826125330977,0.15318627450980393,0.2556370303345822,1701201,1980833.8997318563,1626000.1734428804,1701201,1701201,
C,0.9819852370438056,9.0,7,2000,2,4352,6.528,115.296,uniform,1.0,0.5028858901978199,8.547199503229283,8.703999999999999,0.9819852370438056,case_II,0.030008826125330977,0.15318627450980393,0.23146924340936934,1954834,2140128.735541486,1756759.966422027,1954834,1954834,
C,1.2277451238233208,10.0,7,2000,2,4352,6.528,115.296,uniform,1.0,0.5028858901978199,10.686293557758182,8.703999999999999,1.2277451238233208,case_I,0.030008826125330977,0.15318627450980393,0.21313565481799504,2312936,2550259.9613846345,2550259.9613846345,2231955,2312936,
C,1.5350109474249656,11.0,7,2000,2,4352,6.528,115.296,uniform,1.0,0.5028858901978199,13.360735286386898,8.703999999999999,1.5350109474249656,case_I,0.030008826125330977,0.15318627450980393,0.19926290670009525,2547744,2633473.76869102,2633473.76869102,2375585,2547744,
C,1.9191757010419772,12.0,7,2000,2,4352,6.528,115.296,uniform,1.0,0.5028858901978199,16.704505301869368,8.703999999999999,1.9191757010419772,case_I,0.030008826125330977,0.15318627450980393,0.18875921373435497,2882844,2689899.746349045,2689899.746349045,2461124,2820422,
C,2.3994847578440535,13.0,7,2000,2,4352,6.528,115.296,uniform,1.0,0.5028858901978199,20.885115332274637,8.703999999999999,2.3994847578440535,case_I,0.030008826125330977,0.15318627450980393,0.18078109940189252,3229714,2728570.5633974834,2728570.5633974834,2547744,2851701,
C,3.0,14.0,7,2000,2,4352,6.528,115.296,uniform,1.0,0.5028858901978199,26.111999999999995,8.703999999999999,3.0,case_I,0.030008826125330977,0.15318627450980393,0.17469182034347544,3949184,2755451.142380128,2755451.142380128,2618537,2851701,
C,0.136434328514959,0.0,8,2000,2,4210,6.315,112.975,uniform,1.0,0.5026471788711424,1.1487770460959548,8.42,0.136434328514959,case_II,0.029603412713294582,0.1583531274742676,0.9568104820732969,3477,59011.68540842693,48440.71515650451,3477,3477,
C,0.17013548940466056,1.0,8,2000,2,4210,6.315,112.975,uniform,1.0,0.5026471788711424,1.4325408207872419,8.42,0.17013548940466056,case_II,0.029603412713294582,0.1583531274742676,0.786104793474036,121394,325294.9559912173,267023.72921496053,121394,121394,
C,0.21216130185145923,2.0,8,2000,2,4210,6.315,112.975,uniform,1.0,0.5026471788711424,1.7863981615892868,8.42,0.21216130185145923,case_II,0.029603412713294582,0.1583531274742676,0.6499454857701509,312118,588930.2399050018,483433.0997469902,312118,312118,
C,0.26456806960625207,3.0,8,2000,2,4210,6.315,112.975,uniform,1.0,0.5026471788711424,2.2276631460846423,8.42,0.26456806960625207,case_II,0.029603412713294582,0.1583531274742676,0.541633178746842,489983,847433.0386660234,695629.385199188,489983,489983,
C,0.3299200318076159,4.0,8,2000,2,4210,6.315,112.975,uniform,1.0,0.5026471788711424,2.777926667820126,8.42,0.3299200318076159,case_II,0.029603412713294582,0.1583531274742676,0.45580225180753414,713556,1097673.1381485765,901043.0976846595,713556,713556,
C,0.41141483002817414,5.0,8,2000,2,4210,6.315,112.975,uniform,1.0,0.5026471788711424,3.4641128688372262,8.42,0.41141483002817414,case_II,0.029603412713294582,0.1583531274742676,0.3881408962648117,902811,1335938.414228166,1096627.0788974573,902811,902811,
C,0.5130399674118972,6.0,8,2000,2,4210,6.315,112.975,uniform,1.0,0.5026471788711424,4.319796525608174,8.42,0.5130399674118972,case_II,0.029603412713294582,0.1583531274742676,0.3351586621176176,1107977,1558193.4232127015,1279068.7683325605,1107977,1107977,
C,0.6397679153762533,7.0,8,2000,2,4210,6.315,112.975,uniform,1.0,0.5026471788711424,5.386845847468053,8.42,0.6397679153762533,case_II,0.029603412713294582,0.1583531274742676,0.29399623516310697,1406145,1760578.7605300248,1445200.1100996872,1406145,1406145,
C,0.7977994143607637,8.0,8,2000,2,4210,6.315,112.975,uniform,1.0,0.5026471788711424,6.7174710689176305,8.42,0.7977994143607637,case_II,0.029603412713294582,0.1583531274742676,0.26227932332464937,1619992,1940077.8262129496,1592544.8783676275,1619992,1619992,
C,0.9948668732161343,9.0,8,2000,2,4210,6.315,112.975,uniform,1.0,0.5026471788711424,8.37677907247985,8.42,0.9948668732161343,case_II,0.029603412713294582,0.1583531274742676,0.23802021856422687,1864208,2095119.0146484072,1719812.9947508187,1864208,1864208,
C,1.240612712427086,10.0,8,2000,2,4210,6.315,112.975,uniform,1.0,0.5026471788711424,10.445959038636063,8.42,1.240612712427086,case_I,0.029603412713294582,0.1583531274742676,0.21956236447983574,2099756,2500848.2583113946,2500848.2583113946,2099756,2099756,
C,1.5470611633294569,11.0,8,2000,2,4210,6.315,112.975,uniform,1.0,0.5026471788711424,13.026254995234027,8.42,1.5470611633294569,case_I,0.029603412713294582,0.1583531274742676,0.2055507002877922,2420937,2581191.645510303,2581191.645510303,2351737,2420937,
C,1.9292066082411332,12.0,8,2000,2,4210,6.315,112.975,uniform,1.0,0.5026471788711424,16.24391964139034,8.42,1.9292066082411332,case_I,0.029603412713294582,0.1583531274742676,0.19490660682078437,2769321,2635846.0489454083,2635846.0489454083,2424983,2623546,
C,2.405747248719907,13.0,8,2000,2,4210,6.315,112.975,uniform,1.0,0.5026471788711424,20.256391834221617,8.42,2.405747248719907,case_I,0.029603412713294582,0.1583531274742676,0.18679508519990345,3036621,2673415.674126578,2673415.674126578,2471147,2757586,
C,3.0,14.0,8,2000,2,4210,6.315,112.975,uniform,1.0,0.5026471788711424,25.259999999999998,8.42,3.0,case_I,0.029603412713294582,0.1583531274742676,0.1805840385118302,3700226,2699601.64490972,2699601.64490972,2525348,2759054,
C,0.13227960753740015,0.0,9,2000,2,4330,6.495,127.882,uniform,1.0,0.49611408331939233,1.1455414012738854,8.66,0.13227960753740015,case_II,0.02675327671002661,0.15396458814472672,0.9566687763021372,6329,59210.147270776084,48603.62584914018,6329,6329,
C,0.16531927599746912,1.0,9,2000,2,4330,6.495,127.882,uniform,1.0,0.49611408331939233,1.4316649301380826,8.66,0.16531927599746912,case_II,0.02675327671002661,0.15396458814472672,0.7838535624936157,161748,329225.9644182037,270250.5623103304,161748,161748,
C,0.20661131012654443,2.0,9,2000,2,4330,6.495,127.882,uniform,1.0,0.49611408331939233,1.789253945695875,8.66,0.20661131012654443,case_II,0.02675327671002661,0.15396458814472672,0.6462841734503381,305497,596853.3812298586,489936.940967687,305497,305497,
C,0.2582169152063105,3.0,9,2000,2,4330,6.495,127.882,uniform,1.0,0.49611408331939233,2.236158485686649,8.66,0.2582169152063105,case_II,0.02675327671002661,0.15396458814472672,0.5370588484483714,474379,859604.5454318526,705620.5672538663,474379,474379,
C,0.3227121267360704,4.0,9,2000,2,4330,6.495,127.882,uniform,1.0,0.49611408331939233,2.7946870175343697,8.66,0.3227121267360704,case_II,0.02675327671002661,0.15396458814472672,0.4506632941623109,723344,1114317.5233289385,914705.9157502138,723344,723344,
C,0.4033164003191237,5.0,9,2000,2,4330,6.495,127.882,uniform,1.0,0.49611408331939233,3.492720026763611,8.66,0.4033164003191237,case_II,0.02675327671002661,0.15396458814472672,0.3826782701652285,934512,1357205.4371751053,1114084.465407764,934512,934512,
C,0.5040533196306263,6.0,9,2000,2,4330,6.495,127.882,uniform,1.0,0.49611408331939233,4.365101748001224,8.66,0.5040533196306263,case_II,0.02675327671002661,0.15396458814472672,0.3295373065442354,1188383,1584104.1213016598,1300337.992164188,1188383,1188383,
C,0.6299514446464906,7.0,9,2000,2,4330,6.495,127.882,uniform,1.0,0.49611408331939233,5.4553795106386085,8.66,0.6299514446464906,case_II,0.02675327671002661,0.15396458814472672,0.28832823006731245,1412253,1790975.4835135113,1470151.7614470995,1412253,1412253,
C,0.787295326024252,8.0,9,2000,2,4330,6.495,127.882,uniform,1.0,0.49611408331939233,6.817977523370023,8.66,0.787295326024252,case_II,0.02675327671002661,0.15396458814472672,0.2566398528987397,1705890,1974603.1477313917,1620885.5579090859,1705890,1705890,
C,0.9839392157080694,9.0,9,2000,2,4330,6.495,127.882,uniform,1.0,0.49611408331939233,8.520913608031881,8.66,0.9839392157080694,case_II,0.02675327671002661,0.15396458814472672,0.2324577116787103,2016641,2133243.7661687974,1751108.3257692412,2016641,2016641,
C,1.229699133484235,10.0,9,2000,2,4330,6.495,127.882,uniform,1.0,0.49611408331939233,10.649194495973477,8.66,1.229699133484235,case_I,0.02675327671002661,0.15396458814472672,0.21410490274098692,2333886,2546445.063624828,2546445.063624828,2333886,2333886,
C,1.536842860566023,11.0,9,2000,2,4330,6.495,127.882,uniform,1.0,0.49611408331939233,13.309059172501758,8.66,1.536842860566023,case_I,0.02675327671002661,0.15396458814472672,0.20021082011563526,2635760,2628841.135984086,2628841.135984086,2468238,2635760,
C,1.9207023195833104,12.0,9,2000,2,4330,6.495,127.882,uniform,1.0,0.49611408331939233,16.633282087591468,8.66,1.9207023195833104,case_I,0.02675327671002661,0.15396458814472672,0.18968565544629196,2945837,2684538.6969268327,2684538.6969268327,2568925,2881245,
C,2.400438909605894,13.0,9,2000,2,4330,6.495,127.882,uniform,1.0,0.49611408331939233,20.78780095718704,8.66,2.400438909605894,case_I,0.02675327671002661,0.15396458814472672,0.18168720033601368,3599986,2722583.636299783,2722583.636299783,2642908,2959723,
C,3.0,14.0,9,2000,2,4330,6.495,127.882,uniform,1.0,0.49611408331939233,25.98,8.66,3.0,case_I,0.02675327671002661,0.15396458814472672,0.17557940003113282,4018506,2748938.8911381904,2748938.8911381904,2713152,2971273,
m,2.0,2.0,0,2000,2,4428,6.642,121.934,uniform,1.0,0.5049144100442657,6.6419999999999995,8.856,0.75,case_II,0.02880512091038407,0.15055706112616682,0.2570169800039969,1681806,1972267.2220170707,1618968.0747636543,1681806,1681806,
m,2.0,2.0,0,2000,2,4428,6.642,121.934,uniform,1.0,0.5049144100442657,13.283999999999999,8.856,1.5,case_I,0.02880512091038407,0.15055706112616682,0.19708175163730013,2580722,2653953.110448397,2653953.110448397,2365361,2580722,
m,2.0,2.0,1,2000,2,4453,6.6795,137.8985,uniform,1.0,0.494370552627203,6.679499999999999,8.905999999999999,0.75,case_II,0.025451725740936904,0.14971180477580656,0.25557403715645594,1668129,1981226.2285209396,1626322.222999475,1668129,1668129,
m,2.0,2.0,1,2000,2,4453,6.6795,137.8985,uniform,1.0,0.494370552627203,13.358999999999998,8.905999999999999,1.5,case_I,0.025451725740936904,0.14971180477580656,0.19597529671007521,2558731,2668634.272232067,2668634.272232067,2397817,2558731,
m,2.0,2.0,2,2000,2,4497,6.7455,137.1255,uniform,1.0,0.5009659858369434,6.7455,8.994,0.75,case_II,0.025868614818223654,0.14824697946779336,0.25307342393989285,1631176,1996890.8759171283,1639180.8071475816,1631176,1631176,
m,2.0,2.0,2,2000,2,4497,6.7455,137.1255,uniform,1.0,0.5009659858369434,13.491,8.994,1.5,case_I,0.025868614818223654,0.14824697946779336,0.1940578154880954,2625846,2681590.469618675,2681590.469618675,2441319,2625846,
m,2.0,2.0,3,2000,2,4390,6.585,125.956,uniform,1.0,0.4971070164153008,6.584999999999999,8.78,0.75,case_II,0.02758207604862152,0.15186028853454822,0.2592417283502729,1609787,1958566.908222294,1607721.9462470005,1609787,1609787,
m,2.0,2.0,3,2000,2,4390,6.585,125.956,uniform,1.0,0.4971070164153008,13.169999999999998,8.78,1.5,case_I,0.02758207604862152,0.15186028853454822,0.1987876984624066,2353005,2643612.331161357,2643612.331161357,2297496,2353005,
m,2.0,2.0,4,2000,2,4461,6.6915,121.6135,uniform,1.0,0.4908466375467251,6.6915,8.921999999999999,0.75,case_II,0.029113224621917472,0.14944332361951732,0.2551157111539337,1629165,1984084.0907284948,1628668.146322874,1629165,1629165,
m,2.0,2.0,4,2000,2,4461,6.6915,121.6135,uniform,1.0,0.4908466375467251,13.383,8.921999999999999,1.5,case_I,0.029113224621917472,0.14944332361951732,0.19562385031382318,2508673,2673450.116779414,2673450.116779414,2359599,2508673,
m,2.0,2.0,5,2000,2,4529,6.7935,153.4585,uniform,1.0,0.49873619416150156,6.7935,9.058,0.75,case_II,0.023159922271843998,0.14719952896150731,0.25128531407765475,1752515,2008201.8406045423,1648465.5990455954,1752515,1752515,
m,2.0,2.0,5,2000,2,4529,6.7935,153.4585,uniform,1.0,0.49873619416150156,13.587,9.058,1.5,case_I,0.023159922271843998,0.14719952896150731,0.19268668497460034,2593253,2694508.9735984555,2694508.9735984555,2526820,2593253,
m,2.0,2.0,6,2000,2,4462,6.693,123.545,uniform,1.0,0.48990200288595237,6.693,8.924,0.75,case_II,0.028638790949234928,0.1494098311668908,0.2550585359609364,1575503,1984441.0174855543,1628961.1355376504,1575503,1575503,
m,2.0,2.0,6,2000,2,4462,6.693,123.545,uniform,1.0,0.48990200288595237,13.386,8.924,1.5,case_I,0.028638790949234928,0.1494098311668908,0.19558000812415172,2569154,2674319.1512110503,2674319.1512110503,2403211,2569154,
m,2.0,2.0,7,2000,2,4352,6.528,115.296,uniform,1.0,0.5028858901978199,6.527999999999999,8.703999999999999,0.75,case_II,0.030008826125330977,0.15318627450980393,0.2615053280003903,1634064,1944765.4709291947,1596392.8088390743,1634064,1634064,
m,2.0,2.0,7,2000,2,4352,6.528,115.296,uniform,1.0,0.5028858901978199,13.055999999999997,8.703999999999999,1.5,case_I,0.030008826125330977,0.15318627450980393,0.2005234366383192,2547744,2626306.5794148883,2626306.5794148883,2360637,2547744,
m,2.0,2.0,8,2000,2,4210,6.315,112.975,uniform,1.0,0.5026471788711424,6.3149999999999995,8.42,0.75,case_II,0.029603412713294582,0.1583531274742676,0.27032569773342,1546206,1892267.8422868117,1553299.2646052998,1546206,1546206,
m,2.0,2.0,8,2000,2,4210,6.315,112.975,uniform,1.0,0.5026471788711424,12.629999999999999,8.42,1.5,case_I,0.029603412713294582,0.1583531274742676,0.2072869349762387,2379788,2571735.219606391,2571735.219606391,2298395,2379788,
m,2.0,2.0,9,2000,2,4330,6.495,127.882,uniform,1.0,0.49611408331939233,6.495,8.66,0.75,case_II,0.02675327671002661,0.15396458814472672,0.2628339924844569,1683757,1936728.2888918775,1589795.3554188563,1683757,1683757,
m,2.0,2.0,9,2000,2,4330,6.495,127.882,uniform,1.0,0.49611408331939233,12.99,8.66,1.5,case_I,0.02675327671002661,0.15396458814472672,0.20154226241338677,2574601,2621366.9177652164,2621366.9177652164,2458552,2574601,
m,3.0,3.0,0,2000,3,3320,6.64,121.852,uniform,1.0,0.5034778854097691,7.469999999999999,9.959999999999999,0.75,case_II,0.019210961821106595,0.15060240963855423,0.22463903783296613,868630723,1066178188.1557605,875189948.5852697,868630723,868630723,
m,3.0,3.0,0,2000,3,3320,6.64,121.852,uniform,1.0,0.5034778854097691,14.939999999999998,9.959999999999999,1.5,case_I,0.019210961821106595,0.15060240963855423,0.1802543820726032,1291983527,1322155178.4965448,1322155178.4965448,1183869692,1265997356,
m,3.0,3.0,1,2000,3,3340,6.68,137.618,uniform,1.0,0.4914630757317178,7.515,10.02,0.75,case_II,0.017005503877153057,0.14970059880239522,0.22329389389384652,874630729,1070791921.1408553,878977207.3932892,874630729,874630729,
m,3.0,3.0,1,2000,3,3340,6.68,137.618,uniform,1.0,0.4914630757317178,15.03,10.02,1.5,case_I,0.017005503877153057,0.14970059880239522,0.1791750145152822,1318653164,1328956710.7716799,1328956710.7716799,1208763137,1313733106,
m,3.0,3.0,2,2000,3,3374,6.748,137.438,uniform,1.0,0.5008230315080674,7.5915,10.122,0.75,case_II,0.0172112122835208,0.14819205690574985,0.22104374795656412,959199487,1078578962.4217505,885369328.6484114,959199487,959199487,
m,3.0,3.0,2,2000,3,3374,6.748,137.438,uniform,1.0,0.5008230315080674,15.183,10.122,1.5,case_I,0.0172112122835208,0.14819205690574985,0.17736945716687685,1359818383,1335307965.605324,1335307965.605324,1300918049,1359818383,
m,3.0,3.0,3,2000,3,3291,6.582,125.53,uniform,1.0,0.4959881032078372,7.40475,9.873,0.75,case_II,0.018445034805124924,0.15192950470981464,0.22661853710284027,875339887,1059443999.5928631,869662078.8467971,875339887,875339887,
m,3.0,3.0,3,2000,3,3291,6.582,125.53,uniform,1.0,0.4959881032078372,14.8095,9.873,1.5,case_I,0.018445034805124924,0.15192950470981464,0.1818427676940269,1324943317,1316539412.8352656,1316539412.8352656,1241974013,1324943317,
m,3.0,3.0,4,2000,3,3347,6.694,121.874,uniform,1.0,0.4906552740599724,7.53075,10.041,0.75,case_II,0.019372576257452107,0.14938751120406335,0.2228268914267844,922611217,1072400901.7822194,880297965.6871969,922611217,922611217,
m,3.0,3.0,4,2000,3,3347,6.694,121.874,uniform,1.0,0.4906552740599724,15.0615,10.041,1.5,case_I,0.019372576257452107,0.14938751120406335,0.17880028338244475,1449973363,1330748057.5460613,1330748057.5460613,1314662484,1432629794,
m,3.0,3.0,5,2000,3,3398,6.796,153.527,uniform,1.0,0.4968950264458009,7.6455,10.194,0.75,case_II,0.015438682577869255,0.14714537963507945,0.21948252077853073,915117617,1084033636.3785238,889846887.7213798,915117617,915117617,
m,3.0,3.0,5,2000,3,3398,6.796,153.527,uniform,1.0,0.4968950264458009,15.291,10.194,1.5,case_I,0.015438682577869255,0.14714537963507945,0.17611670055357342,1323085820,1341570425.8067355,1341570425.8067355,1226027719,1278802411,
m,3.0,3.0,6,2000,3,3347,6.694,123.723,uniform,1.0,0.4897569449730465,7.53075,10.041,0.75,case_II,0.019066499186811248,0.14938751120406335,0.2228268914267844,968694087,1072400901.7822194,880297965.6871969,968694087,968694087,
m,3.0,3.0,6,2000,3,3347,6.694,123.723,uniform,1.0,0.4897569449730465,15.0615,10.041,1.5,case_I,0.019066499186811248,0.14938751120406335,0.17880028338244475,1371559506,1330907853.728937,1330907853.728937,1265723276,1354122849,
m,3.0,3.0,7,2000,3,3265,6.53,115.496,uniform,1.0,0.501597965018316,7.3462499999999995,9.795,0.75,case_II,0.019975649896909742,0.15313935681470137,0.22842315638757954,914446024,1053361245.1445494,864668949.5443819,914446024,914446024,
m,3.0,3.0,7,2000,3,3265,6.53,115.496,uniform,1.0,0.501597965018316,14.692499999999999,9.795,1.5,case_I,0.019975649896909742,0.15313935681470137,0.18329082648730247,1348771084,1309345211.0930898,1309345211.0930898,1217358023,1311007160,
m,3.0,3.0,8,2000,3,3156,6.312,112.656,uniform,1.0,0.5028394176956144,7.101,9.468,0.75,case_II,0.01978484916873542,0.15842839036755385,0.23631229581921656,910269231,1027380046.3367729,843341854.0350527,910269231,910269231,
m,3.0,3.0,8,2000,3,3156,6.312,112.656,uniform,1.0,0.5028394176956144,14.202,9.468,1.5,case_I,0.01978484916873542,0.15842839036755385,0.18962121308017824,1321093024,1282525475.4202394,1282525475.4202394,1202190464,1321093024,
m,3.0,3.0,9,2000,3,3247,6.494,127.617,uniform,1.0,0.4964115808763529,7.30575,9.741,0.75,case_II,0.01787164012340073,0.1539882968894364,0.22968943812918,887707661,1049124712.5765097,861191321.9192885,887707661,887707661,
m,3.0,3.0,9,2000,3,3247,6.494,127.617,uniform,1.0,0.4964115808763529,14.6115,9.741,1.5,case_I,0.01787164012340073,0.1539882968894364,0.18430691360672702,1397956952,1305896341.8169274,1305896341.8169274,1238839315,1377414722,
m,4.0,4.0,0,2000,4,2656,6.64,121.903,uniform,1.0,0.5022569897514806,7.968,10.624,0.75,case_II,0.01440184621257472,0.15060240963855423,0.20792876961383064,410832735472,443289216912.67395,363881264190.268,410832735472,410832735472,
m,4.0,4.0,0,2000,4,2656,6.64,121.903,uniform,1.0,0.5022569897514806,15.936,10.624,1.5,case_I,0.01440184621257472,0.15060240963855423,0.17219067839426802,600358200139,525836382365.38617,525836382365.38617,526231261131,563664607944,
m,4.0,4.0,1,2000,4,2672,6.68,137.49,uniform,1.0,0.4924040983781051,8.016,10.688,0.75,case_II,0.01276660805748796,0.14970059880239522,0.2066836871610532,389457902337,445089248487.9581,365358849793.9932,389457902337,389457902337,
m,4.0,4.0,1,2000,4,2672,6.68,137.49,uniform,1.0,0.4924040983781051,16.032,10.688,1.5,case_I,0.01276660805748796,0.14970059880239522,0.17115959648771553,580417682759,528177093539.6131,528177093539.6131,504463931342,541812817281,
m,4.0,4.0,2,2000,4,2698,6.745,137.215,uniform,1.0,0.5006516843921085,8.094000000000001,10.792000000000002,0.75,case_II,0.0129244270713574,0.14825796886582654,0.20469192442340028,377554211947,447993313344.6832,367742699323.9127,377554211947,377554211947,
m,4.0,4.0,2,2000,4,2698,6.745,137.215,uniform,1.0,0.5006516843921085,16.188000000000002,10.792000000000002,1.5,case_I,0.0129244270713574,0.14825796886582654,0.16951017116944989,584311888749,530697196136.99176,530697196136.99176,519858736681,552411846662,
m,4.0,4.0,3,2000,4,2633,6.5825,125.4235,uniform,1.0,0.4968373641653227,7.899,10.532,0.75,case_II,0.013847283344973534,0.1519179642992784,0.2097450862492724,357001160841,440684160069.50745,361742860319.35754,357001160841,357001160841,
m,4.0,4.0,3,2000,4,2633,6.5825,125.4235,uniform,1.0,0.4968373641653227,15.798,10.532,1.5,case_I,0.013847283344973534,0.1519179642992784,0.17369481269091372,523171826312,523469240657.5387,523469240657.5387,468622265303,504168619494,
m,4.0,4.0,4,2000,4,2676,6.69,121.644,uniform,1.0,0.49160993648431667,8.028,10.704,0.75,case_II,0.01454929798006159,0.14947683109118085,0.2063747429351024,412320428563,445537710781.6051,365726977463.5325,412320428563,412320428563,
m,4.0,4.0,4,2000,4,2676,6.69,121.644,uniform,1.0,0.49160993648431667,16.056,10.704,1.5,case_I,0.01454929798006159,0.14947683109118085,0.17090375254677725,572112929934,528674844517.90643,528674844517.90643,512545616217,555203022075,
m,4.0,4.0,5,2000,4,2718,6.795,153.518,uniform,1.0,0.49438524714248794,8.154,10.872,0.75,case_II,0.011577939382373587,0.14716703458425312,0.20318572924736353,385798032634,450209789017.30493,369562129932.7097,385798032634,385798032634,
m,4.0,4.0,5,2000,4,2718,6.795,153.518,uniform,1.0,0.49438524714248794,16.308,10.872,1.5,case_I,0.011577939382373587,0.14716703458425312,0.16826285570830607,595398065494,533274352827.43335,533274352827.43335,518044892668,555841827069,
m,4.0,4.0,6,2000,4,2678,6.695,123.731,uniform,1.0,0.4908248722940096,8.034,10.712000000000002,0.75,case_II,0.014301155200109368,0.14936519790888722,0.20622061691349292,390515984867,445761711314.74866,365910851995.25977,390515984867,390515984867,
m,4.0,4.0,6,2000,4,2678,6.695,123.731,uniform,1.0,0.4908248722940096,16.068,10.712000000000002,1.5,case_I,0.014301155200109368,0.14936519790888722,0.1707761171826646,579258010487,528944223738.8847,528944223738.8847,511239566240,542657724704,
m,4.0,4.0,7,2000,4,2612,6.53,115.496,uniform,1.0,0.5020117601066298,7.836,10.448,0.75,case_II,0.014981737422682306,0.15313935681470137,0.21143139819844334,386766230400,438287325932.57324,359775379490.75476,386766230400,386766230400,
m,4.0,4.0,7,2000,4,2612,6.53,115.496,uniform,1.0,0.5020117601066298,15.672,10.448,1.5,case_I,0.014981737422682306,0.15313935681470137,0.17509128706553442,560346879077,520767791679.2793,520767791679.2793,505950594221,540440494596,
m,4.0,4.0,8,2000,4,2525,6.3125,112.6135,uniform,1.0,0.5049287123067336,7.575000000000001,10.100000000000001,0.75,case_II,0.0148458151851817,0.15841584158415842,0.21871636122547883,359950804454,428165312359.01685,351466557722.0937,359950804454,359950804454,
m,4.0,4.0,8,2000,4,2525,6.3125,112.6135,uniform,1.0,0.5049287123067336,15.150000000000002,10.100000000000001,1.5,case_I,0.0148458151851817,0.15841584158415842,0.18112413537234684,534396342809,510338123983.2943,510338123983.2943,475238624196,510730260554,
m,4.0,4.0,9,2000,4,2599,6.4975,127.9145,uniform,1.0,0.496977001306739,7.797000000000001,10.396,0.75,case_II,0.013378480772873649,0.15390534821085033,0.21248896194472258,348278989244,436794692574.87036,358550126783.3773,348278989244,348278989244,
m,4.0,4.0,9,2000,4,2599,6.4975,127.9145,uniform,1.0,0.496977001306739,15.594000000000001,10.396,1.5,case_I,0.013378480772873649,0.15390534821085033,0.17596708034443084,505613350315,519510973217.47766,519510973217.47766,475069547007,496395798247,
m,5.0,5.0,0,2000,5,2213,6.639,121.848,uniform,1.0,0.5043806018263565,8.298750000000002,11.065000000000001,0.7500000000000001,case_II,0.011525141265005336,0.15062509414068384,0.1976669020276797,133731780069144,151232376708473.56,124141590464220.56,133731780069144,133731780069144,
m,5.0,5.0,0,2000,5,2213,6.639,121.848,uniform,1.0,0.5043806018263565,16.597500000000004,11.065000000000001,1.5000000000000002,case_I,0.011525141265005336,0.15062509414068384,0.16754188319954297,191269782383740,174338010410729.88,174338010410729.88,166253072258113,176205771088774,
m,5.0,5.0,1,2000,5,2226,6.678,137.362,uniform,1.0,0.49131103905715395,8.3475,11.13,0.75,case_II,0.010220072847479417,0.1497454327643007,0.19651251311197457,131977438625711,151807156925752.62,124613408284540.47,131977438625711,131977438625711,
m,5.0,5.0,1,2000,5,2226,6.678,137.362,uniform,1.0,0.49131103905715395,16.695,11.13,1.5,case_I,0.010220072847479417,0.1497454327643007,0.1665634265591144,203111914930638,175099905256565.9,175099905256565.9,163621061222990,176219248256604,
m,5.0,5.0,2,2000,5,2248,6.744,137.075,uniform,1.0,0.4972280303671145,8.43,11.24,0.75,case_II,0.010349034381689697,0.14827995255041518,0.19458934794806737,149097386408126,152772762406089.94,125406041467321.94,149097386408126,149097386408126,
m,5.0,5.0,2,2000,5,2248,6.744,137.075,uniform,1.0,0.4972280303671145,16.86,11.24,1.5,case_I,0.010349034381689697,0.14827995255041518,0.16493335743798432,202039207105417,175993339212075.94,175993339212075.94,182703661148210,191941143134465,
m,5.0,5.0,3,2000,5,2195,6.585,125.956,uniform,1.0,0.4959368330517449,8.23125,10.975,0.75,case_II,0.01103283041944861,0.15186028853454822,0.1992878606775651,134751509816828,150431302278480.0,123484015307471.4,134751509816828,134751509816828,
m,5.0,5.0,3,2000,5,2195,6.585,125.956,uniform,1.0,0.4959368330517449,16.4625,10.975,1.5,case_I,0.01103283041944861,0.15186028853454822,0.16891580297065545,192970614253556,173643631321505.56,173643631321505.56,167256832852053,178011349186209,
m,5.0,5.0,4,2000,5,2230,6.69,121.462,uniform,1.0,0.4933665495189686,8.3625,11.15,0.75,case_II,0.011657895653992263,0.14947683109118085,0.1961600242992176,133499181764945,151983382132809.8,124758065651964.77,133499181764945,133499181764945,
m,5.0,5.0,4,2000,5,2230,6.69,121.462,uniform,1.0,0.4933665495189686,16.725,11.15,1.5,case_I,0.011657895653992263,0.14947683109118085,0.16626465808098145,191087824030843,175249050124115.62,175249050124115.62,166029682886380,176331088379830,
m,5.0,5.0,5,2000,5,2265,6.795,153.518,uniform,1.0,0.4938373047137892,8.49375,11.325000000000001,0.75,case_II,0.00926235150589887,0.14716703458425312,0.19312885394580806,140016951266475,153512890349360.06,126013587695347.44,140016951266475,140016951266475,
m,5.0,5.0,5,2000,5,2265,6.795,153.518,uniform,1.0,0.4938373047137892,16.9875,11.325000000000001,1.5,case_I,0.00926235150589887,0.14716703458425312,0.16369544702895744,200985568884346,176789067259216.7,176789067259216.7,173658076577123,182821335926168,
m,5.0,5.0,6,2000,5,2231,6.693,123.515,uniform,1.0,0.4929309596763629,8.366249999999999,11.155,0.75,case_II,0.011458458167126054,0.1494098311668908,0.19607209959088093,148030322301775,152027392335258.25,124794192152437.17,148030322301775,148030322301775,
m,5.0,5.0,6,2000,5,2231,6.693,123.515,uniform,1.0,0.4929309596763629,16.732499999999998,11.155,1.5,case_I,0.011458458167126054,0.1494098311668908,0.1661901333575028,211761823996646,175299689002917.28,175299689002917.28,179878626367489,191384679098157,
m,5.0,5.0,7,2000,5,2176,6.528,115.307,uniform,1.0,0.5038138804411811,8.16,10.879999999999999,0.7500000000000001,case_II,0.012002316623613013,0.15318627450980393,0.2010279660787019,128903262157499,149579043623025.7,122784424735150.08,128903262157499,128903262157499,
m,5.0,5.0,7,2000,5,2176,6.528,115.307,uniform,1.0,0.5038138804411811,16.32,10.879999999999999,1.5000000000000002,case_I,0.012002316623613013,0.15318627450980393,0.1703907111767411,186138374283561,172673852750355.84,172673852750355.84,162565222522404,172018642581553,
m,5.0,5.0,8,2000,5,2104,6.312,112.492,uniform,1.0,0.503799587924994,7.890000000000001,10.520000000000001,0.75,case_II,0.011889244678847239,0.15842839036755385,0.2079072500889997,133258160016599,146285109016107.25,120080544191262.02,133258160016599,133258160016599,
m,5.0,5.0,8,2000,5,2104,6.312,112.492,uniform,1.0,0.503799587924994,15.780000000000001,10.520000000000001,1.5,case_I,0.011889244678847239,0.15842839036755385,0.1762215720154889,197397729348817,169343428078655.88,169343428078655.88,174216691576782,183020478164251,
m,5.0,5.0,9,2000,5,2166,6.498,127.919,uniform,1.0,0.4951071834036562,8.1225,10.83,0.75,case_II,0.010703255614761861,0.1538935056940597,0.20195607303197385,127938439368241,149127692217113.7,122413925490162.42,127938439368241,127938439368241,
m,5.0,5.0,9,2000,5,2166,6.498,127.919,uniform,1.0,0.4951071834036562,16.245,10.83,1.5,case_I,0.010703255614761861,0.1538935056940597,0.17117737189316193,185526823158372,172337048322994.47,172337048322994.47,169382035404173,179333295377596,
k0,1.7865,1.0,0,2000,2,1191,1.7865,11.8755,uniform,1.0,0.49016750008511634,1.7864999999999998,2.3819999999999997,0.75,case_II,0.08853702051739518,0.559753708368318,0.9555593513498727,382747,60765.05078038972,49879.99403763946,59288,136704,1
k0,1.7865,1.0,0,2000,2,1191,1.7865,11.8755,uniform,1.0,0.49016750008511634,3.5729999999999995,2.3819999999999997,1.5,case_I,0.08853702051739518,0.559753708368318,0.7327271169185264,1560994,680198.9929364112,680198.9929364112,416077,777646,1
k0,1.854,1.0,1,2000,2,1236,1.854,20.144,uniform,1.0,0.51415365236505,1.854,2.472,0.75,case_II,0.050683433570256974,0.5393743257820928,0.9207695691405327,1207420,110570.01961630941,90763.22406338026,111238,226405,1
k0,1.854,1.0,1,2000,2,1236,1.854,20.144,uniform,1.0,0.51415365236505,3.708,2.472,1.5,case_I,0.050683433570256974,0.5393743257820928,0.7060501587782887,2318531,719520.794146897,719520.794146897,474709,797564,1
k0,1.8615,1.0,2,2000,2,1241,1.8615,22.1155,uniform,1.0,0.498065297877723,1.8615,2.4819999999999998,0.75,case_II,0.04595388565221684,0.5372011818426001,0.9170597803849302,1045967,116004.18149111245,95223.94545558914,103715,214195,1
k0,1.8615,1.0,2,2000,2,1241,1.8615,22.1155,uniform,1.0,0.498065297877723,3.723,2.4819999999999998,1.5,case_I,0.04595388565221684,0.5372011818426001,0.7032054764302699,1772207,733075.1529581128,733075.1529581128,480714,816798,1
k0,1.797,1.0,3,2000,2,1198,1.797,16.348,uniform,1.0,0.4946385445744931,1.797,2.396,0.75,case_II,0.061748333447873005,0.5564830272676684,0.9499759494638552,765785,68621.01464319366,56328.69153075556,53785,167149,1
k0,1.797,1.0,3,2000,2,1198,1.797,16.348,uniform,1.0,0.4946385445744931,3.594,2.396,1.5,case_I,0.061748333447873005,0.5564830272676684,0.7284457397745953,2125909,685966.7494047007,685966.7494047007,439608,853283,1
k0,1.794,1.0,4,2000,2,1196,1.794,11.145,uniform,1.0,0.498002434294464,1.794,2.392,0.75,case_II,0.09592556945781201,0.5574136008918618,0.951564538008109,649308,66380.62029190228,54489.62688011859,68303,166299,1
k0,1.794,1.0,4,2000,2,1196,1.794,11.145,uniform,1.0,0.498002434294464,3.588,2.392,1.5,case_I,0.09592556945781201,0.5574136008918618,0.7296638764631814,1485703,681928.531988329,681928.531988329,437264,740532,1
k0,1.8825,1.0,5,2000,2,1255,1.8825,18.5275,uniform,1.0,0.5105397702706156,1.8824999999999998,2.51,0.75,case_II,0.056548513066987084,0.5312084993359893,0.906829631440397,1073324,131117.20804256498,107629.72253625965,111107,170738,1
k0,1.8825,1.0,5,2000,2,1255,1.8825,18.5275,uniform,1.0,0.5105397702706156,3.7649999999999997,2.51,1.5,case_I,0.056548513066987084,0.5312084993359893,0.6953609531872231,2061806,742457.1160981553,742457.1160981553,493139,753438,1
k0,1.7835,1.0,6,2000,2,1189,1.7835,10.4775,uniform,1.0,0.4924988629521422,1.7835,2.378,0.75,case_II,0.10257073844030368,0.5606952621250351,0.9571666841528161,197110,58512.96136242368,48031.32929865384,69035,131689,1
k0,1.7835,1.0,6,2000,2,1189,1.7835,10.4775,uniform,1.0,0.4924988629521422,3.567,2.378,1.5,case_I,0.10257073844030368,0.5606952621250351,0.7339596267871867,1555879,676654.7482710013,676654.7482710013,448195,785899,1
k0,1.755,1.0,7,2000,2,1170,1.755,11.572,uniform,1.0,0.5031702655236342,1.755,2.34,0.75,case_II,0.08938575939696444,0.5698005698005698,0.9727104166305114,857529,36948.69700130813,30329.947271574983,32139,156690,1
k0,1.755,1.0,7,2000,2,1170,1.755,11.572,uniform,1.0,0.5031702655236342,3.51,2.34,1.5,case_I,0.08938575939696444,0.5698005698005698,0.7458786292734744,1640323,648970.9000276106,648970.9000276106,434476,791384,1
k0,1.701,1.0,8,2000,2,1134,1.701,12.315,uniform,1.0,0.5032390019374465,3.4019999999999997,2.268,1.5,case_I,0.08013001695873376,0.5878894767783657,0.7695573159170767,1762638,605919.4345301792,605919.4345301792,396875,763435,1
k0,1.7745,1.0,9,2000,2,1183,1.7745,15.4615,uniform,1.0,0.4961557194649488,1.7744999999999997,2.3659999999999997,0.75,case_II,0.06482428581866004,0.5635390250774867,0.9620212911730334,835721,51736.45539860045,42468.72262375552,47491,123758,1
k0,1.7745,1.0,9,2000,2,1183,1.7745,15.4615,uniform,1.0,0.4961557194649488,3.5489999999999995,2.3659999999999997,1.5,case_I,0.06482428581866004,0.5635390250774867,0.7376821608199198,1831698,667773.6063066993,667773.6063066993,394781,792683,1
k0,4.2135,2.0,0,2000,2,2809,4.2135,55.7965,uniform,1.0,0.5038410116806883,4.2135,5.617999999999999,0.75,case_II,0.04084194405133474,0.23733238400379733,0.40515172212805217,1013888,1271830.577139323,1044003.103591089,1013888,1013888,2
k0,4.2135,2.0,0,2000,2,2809,4.2135,55.7965,uniform,1.0,0.5038410116806883,8.427,5.617999999999999,1.5,case_I,0.04084194405133474,0.23733238400379733,0.31067212397649163,1784075,1926032.5722917018,1926032.5722917018,1626398,1784075,2
k0,4.275,2.0,1,2000,2,2850,4.275,71.532,uniform,1.0,0.5006887765121405,4.275,5.7,0.75,case_II,0.031781078549444675,0.23391812865497075,0.39932322366936784,1041663,1293445.8706061738,1061746.3737011552,1041663,1041663,2
k0,4.275,2.0,1,2000,2,2850,4.275,71.532,uniform,1.0,0.5006887765121405,8.55,5.7,1.5,case_I,0.031781078549444675,0.23391812865497075,0.3062028057017421,1795511,1950050.0529864605,1950050.0529864605,1620154,1741675,2
k0,4.3035,2.0,2,2000,2,2869,4.3035,70.6115,uniform,1.0,0.49252501400717325,4.3035,5.7379999999999995,0.75,case_II,0.032450835494962894,0.23236900197513655,0.3966786990093058,1090853,1303371.7824892094,1069894.2221631487,1090853,1090853,2
k0,4.3035,2.0,2,2000,2,2869,4.3035,70.6115,uniform,1.0,0.49252501400717325,8.607,5.7379999999999995,1.5,case_I,0.032450835494962894,0.23236900197513655,0.3041749725513994,1801151,1964542.7338686837,1964542.7338686837,1678960,1801151,2
k0,4.185,2.0,3,2000,2,2790,4.185,62.71,uniform,1.0,0.49988895663260347,4.185,5.579999999999999,0.75,case_II,0.03575395130286202,0.23894862604540026,0.4079108198773113,1022858,1261721.180713151,1035704.6388159336,1022858,1022858,2
k0,4.185,2.0,3,2000,2,2790,4.185,62.71,uniform,1.0,0.49988895663260347,8.37,5.579999999999999,1.5,case_I,0.03575395130286202,0.23894862604540026,0.31278781227597313,1907404,1917525.4912800353,1917525.4912800353,1640658,1907404,2
k0,4.2255,2.0,4,2000,2,2817,4.2255,55.6285,uniform,1.0,0.5056982071974959,4.2255,5.634,0.75,case_II,0.041101686671984126,0.23665838362323985,0.4040011315078801,1075969,1276069.4986551735,1047482.69222339,1075969,1075969,2
k0,4.2255,2.0,4,2000,2,2817,4.2255,55.6285,uniform,1.0,0.5056982071974959,8.451,5.634,1.5,case_I,0.041101686671984126,0.23665838362323985,0.3097898460241267,1914452,1929510.0160474123,1929510.0160474123,1668188,1914452,2
k0,4.356,2.0,5,2000,2,2904,4.356,78.029,uniform,1.0,0.4986442697350901,4.356,5.808,0.75,case_II,0.02956306923839127,0.2295684113865932,0.39189779182427625,1118322,1321508.7425013985,1084782.24489415,1118322,1118322,2
k0,4.356,2.0,5,2000,2,2904,4.356,78.029,uniform,1.0,0.4986442697350901,8.712,5.808,1.5,case_I,0.02956306923839127,0.2295684113865932,0.3005089518767097,1913679,1980219.2015420161,1980219.2015420161,1688233,1913679,2
k0,4.2315,2.0,6,2000,2,2821,4.2315,54.9075,uniform,1.0,0.4946418128096836,4.2315,5.6419999999999995,0.75,case_II,0.0417505327965901,0.23632281696797827,0.40342828339514303,1087897,1278185.0608912962,1049219.2863736267,1087897,1087897,2
k0,4.2315,2.0,6,2000,2,2821,4.2315,54.9075,uniform,1.0,0.4946418128096836,8.463,5.6419999999999995,1.5,case_I,0.0417505327965901,0.23632281696797827,0.30935058356964373,1852759,1937298.6298768707,1937298.6298768707,1694338,1852759,2
k0,4.137,2.0,7,2000,2,2758,4.137,53.6,uniform,1.0,0.5058069191116197,4.137,5.515999999999999,0.75,case_II,0.04181913753714898,0.24172105390379506,0.4126436502747275,972814,1244559.549423318,1021617.2307512751,972814,972814,2
k0,4.137,2.0,7,2000,2,2758,4.137,53.6,uniform,1.0,0.5058069191116197,8.274,5.515999999999999,1.5,case_I,0.04181913753714898,0.24172105390379506,0.31641696745829045,1829720,1896753.409180415,1896753.409180415,1685028,1829720,2
k0,3.993,2.0,8,2000,2,2662,3.993,53.674,uniform,1.0,0.5057373320578743,3.993,5.324,0.75,case_II,0.04018638916285904,0.25043826696719257,0.4275248638083014,924123,1192020.9068117137,978490.0195244851,924123,924123,2
k0,3.993,2.0,8,2000,2,2662,3.993,53.674,uniform,1.0,0.5057373320578743,7.986,5.324,1.5,case_I,0.04018638916285904,0.25043826696719257,0.3278279475018651,1800270,1842273.086575468,1842273.086575468,1591198,1777843,2
k0,4.125,2.0,9,2000,2,2750,4.125,63.569,uniform,1.0,0.5067747821324662,4.125,5.5,0.75,case_II,0.03469652109548482,0.24242424242424243,0.41384406816643576,1059932,1240242.2571388953,1018073.310181143,1059932,1059932,2
k0,4.125,2.0,9,2000,2,2750,4.125,63.569,uniform,1.0,0.5067747821324662,8.25,5.5,1.5,case_I,0.03469652109548482,0.24242424242424243,0.3173374531818054,1872489,1891795.3685708935,1891795.3685708935,1605506,1872489,2
k0,6.642,3.0,0,2000,2,4428,6.642,121.934,uniform,1.0,0.5049144100442657,6.6419999999999995,8.856,0.75,case_II,0.02880512091038407,0.15055706112616682,0.2570169800039969,1681806,1972267.2220170707,1618968.0747636543,1681806,1681806,3
k0,6.642,3.0,0,2000,2,4428,6.642,121.934,uniform,1.0,0.5049144100442657,13.283999999999999,8.856,1.5,case_I,0.02880512091038407,0.15055706112616682,0.19708175163730013,2580722,2653953.110448397,2653953.110448397,2365361,2580722,3
k0,6.6795,3.0,1,2000,2,4453,6.6795,137.8985,uniform,1.0,0.494370552627203,6.679499999999999,8.905999999999999,0.75,case_II,0.025451725740936904,0.14971180477580656,0.25557403715645594,1668129,1981226.2285209396,1626322.222999475,1668129,1668129,3
k0,6.6795,3.0,1,2000,2,4453,6.6795,137.8985,uniform,1.0,0.494370552627203,13.358999999999998,8.905999999999999,1.5,case_I,0.025451725740936904,0.14971180477580656,0.19597529671007521,2558731,2668634.272232067,2668634.272232067,2397817,2558731,3
k0,6.7455,3.0,2,2000,2,4497,6.7455,137.1255,uniform,1.0,0.5009659858369434,6.7455,8.994,0.75,case_II,0.025868614818223654,0.14824697946779336,0.25307342393989285,1631176,1996890.8759171283,1639180.8071475816,1631176,1631176,3
k0,6.7455,3.0,2,2000,2,4497,6.7455,137.1255,uniform,1.0,0.5009659858369434,13.491,8.994,1.5,case_I,0.025868614818223654,0.14824697946779336,0.1940578154880954,2625846,2681590.469618675,2681590.469618675,2441319,2625846,3
k0,6.585,3.0,3,2000,2,4390,6.585,125.956,uniform,1.0,0.4971070164153008,6.584999999999999,8.78,0.75,case_II,0.02758207604862152,0.15186028853454822,0.2592417283502729,1609787,1958566.908222294,1607721.9462470005,1609787,1609787,3
k0,6.585,3.0,3,2000,2,4390,6.585,125.956,uniform,1.0,0.4971070164153008,13.169999999999998,8.78,1.5,case_I,0.02758207604862152,0.15186028853454822,0.1987876984624066,2353005,2643612.331161357,2643612.331161357,2297496,2353005,3
k0,6.6915,3.0,4,2000,2,4461,6.6915,121.6135,uniform,1.0,0.4908466375467251,6.6915,8.921999999999999,0.75,case_II,0.029113224621917472,0.14944332361951732,0.2551157111539337,1629165,1984084.0907284948,1628668.146322874,1629165,1629165,3
k0,6.6915,3.0,4,2000,2,4461,6.6915,121.6135,uniform,1.0,0.4908466375467251,13.383,8.921999999999999,1.5,case_I,0.029113224621917472,0.14944332361951732,0.19562385031382318,2508673,2673450.116779414,2673450.116779414,2359599,2508673,3
k0,6.7935,3.0,5,2000,2,4529,6.7935,153.4585,uniform,1.0,0.49873619416150156,6.7935,9.058,0.75,case_II,0.023159922271843998,0.14719952896150731,0.25128531407765475,1752515,2008201.8406045423,1648465.5990455954,1752515,1752515,3
k0,6.7935,3.0,5,2000,2,4529,6.7935,153.4585,uniform,1.0,0.49873619416150156,13.587,9.058,1.5,case_I,0.023159922271843998,0.14719952896150731,0.19268668497460034,2593253,2694508.9735984555,2694508.9735984555,2526820,2593253,3
k0,6.693,3.0,6,2000,2,4462,6.693,123.545,uniform,1.0,0.48990200288595237,6.693,8.924,0.75,case_II,0.028638790949234928,0.1494098311668908,0.2550585359609364,1575503,1984441.0174855543,1628961.1355376504,1575503,1575503,3
k0,6.693,3.0,6,2000,2,4462,6.693,123.545,uniform,1.0,0.48990200288595237,13.386,8.924,1.5,case_I,0.028638790949234928,0.1494098311668908,0.19558000812415172,2569154,2674319.1512110503,2674319.1512110503,2403211,2569154,3
k0,6.528,3.0,7,2000,2,4352,6.528,115.296,uniform,1.0,0.5028858901978199,6.527999999999999,8.703999999999999,0.75,case_II,0.030008826125330977,0.15318627450980393,0.2615053280003903,1634064,1944765.4709291947,1596392.8088390743,1634064,1634064,3
k0,6.528,3.0,7,2000,2,4352,6.528,115.296,uniform,1.0,0.5028858901978199,13.055999999999997,8.703999999999999,1.5,case_I,0.030008826125330977,0.15318627450980393,0.2005234366383192,2547744,2626306.5794148883,2626306.5794148883,2360637,2547744,3
k0,6.315,3.0,8,2000,2,4210,6.315,112.975,uniform,1.0,0.5026471788711424,6.3149999999999995,8.42,0.75,case_II,0.029603412713294582,0.1583531274742676,0.27032569773342,1546206,1892267.8422868117,1553299.2646052998,1546206,1546206,3
k0,6.315,3.0,8,2000,2,4210,6.315,112.975,uniform,1.0,0.5026471788711424,12.629999999999999,8.42,1.5,case_I,0.029603412713294582,0.1583531274742676,0.2072869349762387,2379788,2571735.219606391,2571735.219606391,2298395,2379788,3
k0,6.495,3.0,9,2000,2,4330,6.495,127.882,uniform,1.0,0.49611408331939233,6.495,8.66,0.75,case_II,0.02675327671002661,0.15396458814472672,0.2628339924844569,1683757,1936728.2888918775,1589795.3554188563,1683757,1683757,3
k0,6.495,3.0,9,2000,2,4330,6.495,127.882,uniform,1.0,0.49611408331939233,12.99,8.66,1.5,case_I,0.02675327671002661,0.15396458814472672,0.20154226241338677,2574601,2621366.9177652164,2621366.9177652164,2458552,2574601,3
k0,9.0255,4.0,0,2000,2,6017,9.0255,201.9875,uniform,1.0,0.5035420510715529,9.0255,12.033999999999999,0.75,case_II,0.023386728993273282,0.11079718575148192,0.18914262713274033,1979090,2471736.5650776634,2028965.7219948852,1979090,1979090,4
k0,9.0255,4.0,0,2000,2,6017,9.0255,201.9875,uniform,1.0,0.5035420510715529,18.051,12.033999999999999,1.5,case_I,0.023386728993273282,0.11079718575148192,0.14503539907760762,2991869,3175898.0924956575,3175898.0924956575,2826162,2991869,4
k0,9.0465,4.0,1,2000,2,6031,9.0465,214.9535,uniform,1.0,0.49275184103319997,9.0465,12.062,0.75,case_II,0.02196744161198988,0.11053998784060133,0.18870356283496906,2045305,2475615.141333986,2032149.5152782826,2045305,2045305,4
k0,9.0465,4.0,1,2000,2,6031,9.0465,214.9535,uniform,1.0,0.49275184103319997,18.093,12.062,1.5,case_I,0.02196744161198988,0.11053998784060133,0.14469872264134717,3186920,3185454.410005444,3185454.410005444,2929676,3186920,4
k0,9.12,4.0,2,2000,2,6080,9.12,217.474,uniform,1.0,0.5036595486773675,9.12,12.159999999999998,0.75,case_II,0.021885828925770564,0.10964912280701755,0.18718276109501616,2055778,2489130.9840903785,2043244.2177008814,2055778,2055778,4
k0,9.12,4.0,2,2000,2,6080,9.12,217.474,uniform,1.0,0.5036595486773675,18.24,12.159999999999998,1.5,case_I,0.021885828925770564,0.10964912280701755,0.1435325651726916,3010660,3194020.512529835,3194020.512529835,2841139,3010660,4
k0,8.916,4.0,3,2000,2,5944,8.916,200.936,uniform,1.0,0.4890061864363668,8.916,11.888,0.75,case_II,0.023216331632121653,0.11215791834903543,0.1914655429774055,2146049,2451389.0800489523,2012263.1533492813,2146049,2146049,4
k0,8.916,4.0,3,2000,2,5944,8.916,200.936,uniform,1.0,0.4890061864363668,17.832,11.888,1.5,case_I,0.023216331632121653,0.11215791834903543,0.14681662117260513,3291808,3162102.2082834053,3162102.2082834053,3089102,3291808,4
k0,9.1035,4.0,4,2000,2,6069,9.1035,201.7295,uniform,1.0,0.5045006435701251,9.1035,12.138,0.75,case_II,0.023629987644450904,0.10984786071291261,0.18752202792184844,1930302,2486104.784763201,2040760.112076715,1930302,1930302,4
k0,9.1035,4.0,4,2000,2,6069,9.1035,201.7295,uniform,1.0,0.5045006435701251,18.207,12.138,1.5,case_I,0.023629987644450904,0.10984786071291261,0.14379271646893474,2911721,3190438.493094009,3190438.493094009,2769442,2911721,4
k0,9.1485,4.0,5,2000,2,6099,9.1485,238.5425,uniform,1.0,0.5010732506090392,9.1485,12.198,0.75,case_II,0.01994058257844582,0.10930753675465923,0.18659963722867656,2030075,2494347.2643438512,2047526.0873710348,2030075,2030075,4
k0,9.1485,4.0,5,2000,2,6099,9.1485,238.5425,uniform,1.0,0.5010732506090392,18.297,12.198,1.5,case_I,0.01994058257844582,0.10930753675465923,0.14308542322511314,3082904,3200769.737661319,3200769.737661319,2877706,3082904,4
k0,9.102,4.0,6,2000,2,6068,9.102,206.622,uniform,1.0,0.5086527537309495,9.102,12.136,0.7500000000000001,case_II,0.02304070473876063,0.10986596352450011,0.187552931354268,2037731,2485829.447820545,2040534.097206627,2037731,2037731,4
k0,9.102,4.0,6,2000,2,6068,9.102,206.622,uniform,1.0,0.5086527537309495,18.204,12.136,1.5000000000000002,case_I,0.02304070473876063,0.10986596352450011,0.14381641335694872,2985493,3188103.4012642684,3188103.4012642684,2866324,2985493,4
k0,8.8815,4.0,7,2000,2,5921,8.8815,191.9005,uniform,1.0,0.4993280060411772,8.8815,11.842,0.75,case_II,0.02426387424256498,0.11259359342453414,0.19220928685318325,2267254,2444934.8007310927,2006965.0517307108,2267254,2267254,4
k0,8.8815,4.0,7,2000,2,5921,8.8815,191.9005,uniform,1.0,0.4993280060411772,17.763,11.842,1.5,case_I,0.02426387424256498,0.11259359342453414,0.1473869272504585,3178415,3150008.6108268276,3150008.6108268276,3059293,3178415,4
k0,8.5785,4.0,8,2000,2,5719,8.5785,182.9955,uniform,1.0,0.502419190261416,8.578499999999998,11.437999999999999,0.7499999999999999,case_II,0.02459192624572146,0.11657049600746051,0.1989982842206152,1845649,2387326.575647589,1959676.3901270328,1845649,1845649,4
k0,8.5785,4.0,8,2000,2,5719,8.5785,182.9955,uniform,1.0,0.502419190261416,17.156999999999996,11.437999999999999,1.4999999999999998,case_I,0.02459192624572146,0.11657049600746051,0.15259276031648278,2721488,3088259.021183827,3088259.021183827,2651687,2721488,4
k0,8.7915,4.0,9,2000,2,5861,8.7915,202.6995,uniform,1.0,0.5019631617674821,8.7915,11.721999999999998,0.7500000000000001,case_II,0.02266925552323782,0.11374623215605983,0.1941769642480291,1920804,2427997.973759778,1993062.1779982601,1920804,1920804,4
k0,8.7915,4.0,9,2000,2,5861,8.7915,202.6995,uniform,1.0,0.5019631617674821,17.583,11.721999999999998,1.5000000000000002,case_I,0.02266925552323782,0.11374623215605983,0.14889575093840046,2963468,3130980.1825396707,3130980.1825396707,2798183,2963468,4
k0,11.3265,5.0,0,2000,2,7551,11.3265,293.4855,uniform,1.0,0.510954984176112,11.3265,15.101999999999999,0.75,case_II,0.020071130107492584,0.08828852690592857,0.15071794298208163,2267981,2857813.1916496856,2345883.087884741,2267981,2267981,5
k0,11.3265,5.0,0,2000,2,7551,11.3265,293.4855,uniform,1.0,0.510954984176112,22.653,15.101999999999999,1.5,case_I,0.020071130107492584,0.08828852690592857,0.11557118212819033,3131479,3576230.4511640132,3576230.4511640132,3086468,3131479,5
k0,11.328,5.0,1,2000,2,7552,11.328,301.693,uniform,1.0,0.4993580112361058,11.328,15.104,0.75,case_II,0.019506483219396277,0.0882768361581921,0.15069798562734354,2412601,2858042.6255681617,2346071.4225004227,2412601,2412601,5
k0,11.328,5.0,1,2000,2,7552,11.328,301.693,uniform,1.0,0.4993580112361058,22.656,15.104,1.5,case_I,0.019506483219396277,0.0882768361581921,0.11555587874072629,3525772,3582221.813532632,3582221.813532632,3268690,3525772,5
k0,11.427,5.0,2,2000,2,7618,11.427,308.401,uniform,1.0,0.5049658699458726,11.427,15.235999999999999,0.75,case_II,0.01923905796467031,0.08751203290452438,0.14939238480673384,2481223,2873129.8070073063,2358455.9841944315,2481223,2481223,5
k0,11.427,5.0,2,2000,2,7618,11.427,308.401,uniform,1.0,0.5049658699458726,22.854,15.235999999999999,1.5,case_I,0.01923905796467031,0.08751203290452438,0.114554738284322,3444382,3595213.4514398505,3595213.4514398505,3295745,3444382,5
k0,11.187,5.0,3,2000,2,7458,11.187,285.882,uniform,1.0,0.5068989938499062,11.187,14.915999999999999,0.75,case_II,0.020362583956752032,0.08938946992044337,0.1525973702678598,2448911,2836364.737789931,2328276.7708175885,2448911,2448911,5
k0,11.187,5.0,3,2000,2,7458,11.187,285.882,uniform,1.0,0.5068989938499062,22.374,14.915999999999999,1.5,case_I,0.020362583956752032,0.08938946992044337,0.11701233524402857,3640195,3555744.62051333,3555744.62051333,3463487,3640195,5
k0,11.4225,5.0,4,2000,2,7615,11.4225,292.2735,uniform,1.0,0.4984415312358751,11.4225,15.229999999999999,0.75,case_II,0.02033551598534454,0.08754650908295032,0.14945123932471416,2494263,2872446.383845375,2357894.9850213127,2494263,2494263,5
k0,11.4225,5.0,4,2000,2,7615,11.4225,292.2735,uniform,1.0,0.4984415312358751,22.845,15.229999999999999,1.5,case_I,0.02033551598534454,0.08754650908295032,0.11459986818778266,3575662,3597777.3102478413,3597777.3102478413,3393517,3575662,5
k0,11.4135,5.0,5,2000,2,7609,11.4135,330.7335,uniform,1.0,0.49918745128237707,11.413499999999999,15.218,0.7499999999999999,case_II,0.017871570838030818,0.08761554299732772,0.14956908758807969,2471753,2871078.867017458,2356772.436280765,2471753,2471753,5
k0,11.4135,5.0,5,2000,2,7609,11.4135,330.7335,uniform,1.0,0.49918745128237707,22.826999999999998,15.218,1.4999999999999998,case_I,0.017871570838030818,0.08761554299732772,0.11469023475489092,3683217,3595965.300265649,3595965.300265649,3392572,3683217,5
k0,11.4075,5.0,6,2000,2,7605,11.4075,299.3085,uniform,1.0,0.4966946989454723,11.4075,15.21,0.75,case_II,0.01981149770233518,0.08766162612316458,0.14964775640469405,2601806,2870166.691931905,2356023.6623186874,2601806,2601806,5
k0,11.4075,5.0,6,2000,2,7605,11.4075,299.3085,uniform,1.0,0.4966946989454723,22.815,15.21,1.5,case_I,0.01981149770233518,0.08766162612316458,0.11475055834976526,3627661,3596281.758576176,3596281.758576176,3433629,3627661,5
k0,11.1765,5.0,7,2000,2,7451,11.1765,279.3835,uniform,1.0,0.5093671340579867,11.1765,14.902000000000001,0.75,case_II,0.020835585946675513,0.08947344875408222,0.1527407311042408,2345047,2834741.366738865,2326944.1999185584,2345047,2345047,5
k0,11.1765,5.0,7,2000,2,7451,11.1765,279.3835,uniform,1.0,0.5093671340579867,22.353,14.902000000000001,1.5,case_I,0.020835585946675513,0.08947344875408222,0.11712226496442957,3390445,3552834.735890971,3552834.735890971,3293647,3390445,5
k0,10.773,5.0,8,2000,2,7182,10.773,261.704,uniform,1.0,0.4902550299472753,10.773,14.363999999999999,0.75,case_II,0.02146606039110353,0.09282465422816301,0.1584615966941936,2359688,2771375.797098412,2274929.5270882766,2359688,2359688,5
k0,10.773,5.0,8,2000,2,7182,10.773,261.704,uniform,1.0,0.4902550299472753,21.546,14.363999999999999,1.5,case_I,0.02146606039110353,0.09282465422816301,0.12150904988164371,3432080,3496160.4635235993,3496160.4635235993,3272184,3432080,5
k0,11.016,5.0,9,2000,2,7344,11.016,286.225,uniform,1.0,0.493820191800582,11.015999999999998,14.687999999999999,0.7499999999999999,case_II,0.020013880360017295,0.09077705156136529,0.15496612029652754,2408826,2809767.9086525915,2306444.324999593,2408826,2408826,5
k0,11.016,5.0,9,2000,2,7344,11.016,286.225,uniform,1.0,0.493820191800582,22.031999999999996,14.687999999999999,1.4999999999999998,case_I,0.020013880360017295,0.09077705156136529,0.11882870319307802,3599256,3534499.4486099007,3534499.4486099007,3441181,3599256,5
k0,13.5675,6.0,0,2000,2,9045,13.5675,392.3605,uniform,1.0,0.49471656253351387,13.567499999999999,18.09,0.75,case_II,0.017908857872241567,0.07370554634236226,0.12582323797210596,2847353,3175507.120071791,2606667.388267535,2847353,2847353,6
k0,13.5675,6.0,0,2000,2,9045,13.5675,392.3605,uniform,1.0,0.49471656253351387,27.134999999999998,18.09,1.5,case_I,0.017908857872241567,0.07370554634236226,0.09648181274184245,4038504,3917480.3408753667,3917480.3408753667,3740156,4038504,6
k0,13.548,6.0,1,2000,2,9032,13.548,396.914,uniform,1.0,0.5016479104620633,13.548,18.064,0.75,case_II,0.017669798573686765,0.07381163271331562,0.12600433873535188,2618391,3172936.308277008,2604557.095009341,2618391,2618391,6
k0,13.548,6.0,1,2000,2,9032,13.548,396.914,uniform,1.0,0.5016479104620633,27.096,18.064,1.5,case_I,0.017669798573686765,0.07381163271331562,0.09662068160429194,3611253,3911248.2336035464,3911248.2336035464,3546817,3611253,6
k0,13.6485,6.0,2,2000,2,9099,13.6485,407.0575,uniform,1.0,0.5005199056125806,13.6485,18.198,0.75,case_II,0.017346451148804426,0.07326812470234824,0.1250765125242003,2759820,3186153.4317947235,2615406.5888185543,2759820,2759820,6
k0,13.6485,6.0,2,2000,2,9099,13.6485,407.0575,uniform,1.0,0.5005199056125806,27.297,18.198,1.5,case_I,0.017346451148804426,0.07326812470234824,0.09590922038135674,3736266,3925689.104220568,3925689.104220568,3525569,3736266,6
k0,13.389,6.0,3,2000,2,8926,13.389,379.918,uniform,1.0,0.5087902002309449,13.388999999999998,17.851999999999997,0.75,case_II,0.01826458479410906,0.07468817686160281,0.12750069319490237,2596169,3151859.824944482,2587256.116083802,2596169,2596169,6
k0,13.389,6.0,3,2000,2,8926,13.389,379.918,uniform,1.0,0.5087902002309449,26.777999999999995,17.851999999999997,1.5,case_I,0.01826458479410906,0.07468817686160281,0.09776809279071981,3734408,3885588.2961613717,3885588.2961613717,3568100,3734408,6
k0,13.668,6.0,4,2000,2,9112,13.668,390.9,uniform,1.0,0.49319431727717494,13.667999999999997,18.223999999999997,0.75,case_II,0.018116172541035754,0.07316359379572725,0.124898067104664,2900359,3188708.6647730935,2617504.093948378,2900359,2900359,6
k0,13.668,6.0,4,2000,2,9112,13.668,390.9,uniform,1.0,0.49319431727717494,27.335999999999995,18.223999999999997,1.5,case_I,0.018116172541035754,0.07316359379572725,0.09577238764815242,4040660,3932126.0450143185,3932126.0450143185,3806129,4040660,6
k0,13.608,6.0,5,2000,2,9072,13.608,428.969,uniform,1.0,0.49699985498420324,13.607999999999999,18.144,0.75,case_II,0.016380931286278683,0.07348618459729571,0.12544876404956992,2735042,3180836.7953694463,2611042.3401297554,2735042,2735042,6
k0,13.608,6.0,5,2000,2,9072,13.608,428.969,uniform,1.0,0.49699985498420324,27.215999999999998,18.144,1.5,case_I,0.016380931286278683,0.07348618459729571,0.09619466448963458,3799408,3921899.201606625,3921899.201606625,3615823,3770739,6
k0,13.653,6.0,6,2000,2,9102,13.653,399.779,uniform,1.0,0.5041499813088047,13.653,18.204,0.75,case_II,0.017679462144481337,0.07324397568300008,0.12503528756951202,2590851,3186743.367452532,2615890.8472321685,2590851,2590851,6
k0,13.653,6.0,6,2000,2,9102,13.653,399.779,uniform,1.0,0.5041499813088047,27.306,18.204,1.5,case_I,0.017679462144481337,0.07324397568300008,0.0958776089046325,3646403,3924488.0728227757,3924488.0728227757,3445217,3646403,6
k0,13.3845,6.0,7,2000,2,8923,13.3845,375.0395,uniform,1.0,0.5041054866718314,13.384499999999997,17.845999999999997,0.75,case_II,0.018504513970496746,0.0747132877582278,0.12754356017681256,2718925,3151260.3277383326,2586764.0089155487,2718925,2718925,6
k0,13.3845,6.0,7,2000,2,8923,13.3845,375.0395,uniform,1.0,0.5041054866718314,26.768999999999995,17.845999999999997,1.5,case_I,0.018504513970496746,0.0747132877582278,0.09780096338114591,3880646,3887270.273410146,3887270.273410146,3620860,3880646,6
k0,12.924,6.0,8,2000,2,8616,12.924,349.266,uniform,1.0,0.5052039531007113,12.924,17.232,0.75,case_II,0.019212587188040742,0.07737542556484062,0.13208811367893433,2662415,3089014.7663376685,2535668.7133194716,2662415,2662415,6
k0,12.924,6.0,8,2000,2,8616,12.924,349.266,uniform,1.0,0.5052039531007113,25.848,17.232,1.5,case_I,0.019212587188040742,0.07737542556484062,0.10128574701137012,3741910,3821415.959528261,3821415.959528261,3533531,3741910,6
k0,13.1955,6.0,9,2000,2,8797,13.1955,376.8595,uniform,1.0,0.4978663876364069,13.1955,17.593999999999998,0.75,case_II,0.018142433675040693,0.07578341101132963,0.12937037483888808,2683454,3125930.2097930973,2565971.363869512,2683454,2683454,6
k0,13.1955,6.0,9,2000,2,8797,13.1955,376.8595,uniform,1.0,0.4978663876364069,26.391,17.593999999999998,1.5,case_I,0.018142433675040693,0.07578341101132963,0.09920177290553202,3797288,3863836.221323499,3863836.221323499,3592986,3797288,6
k0,17.8395,8.0,0,2000,2,11893,17.8395,610.9885,uniform,1.0,0.502438033066236,17.8395,23.786,0.75,case_II,0.015037958421914225,0.056055382718125504,0.09569252396011926,3123559,3677140.960467413,3018441.7988319513,3123559,3123559,8
k0,17.8395,8.0,0,2000,2,11893,17.8395,610.9885,uniform,1.0,0.502438033066236,35.679,23.786,1.5,case_I,0.015037958421914225,0.056055382718125504,0.07337744860421802,4251506,4440829.278564971,4440829.278564971,4151782,4251506,8
k0,17.823,8.0,1,2000,2,11882,17.823,608.817,uniform,1.0,0.4996220490235548,17.823,23.764,0.75,case_II,0.01507883328764759,0.05610727711384166,0.09578111323495189,3214446,3675402.2886520037,3017014.5813990314,3214446,3214446,8
k0,17.823,8.0,1,2000,2,11882,17.823,608.817,uniform,1.0,0.4996220490235548,35.646,23.764,1.5,case_I,0.01507883328764759,0.05610727711384166,0.07344537925012329,4312156,4440418.387681692,4440418.387681692,4057595,4312156,8
k0,17.946,8.0,2,2000,2,11964,17.946,625.163,uniform,1.0,0.4928843682472142,17.946,23.928,0.75,case_II,0.014777254260009191,0.05572272372673576,0.09512463954009513,3268017,3688331.9865159476,3027628.137120277,3268017,3268017,8
k0,17.946,8.0,2,2000,2,11964,17.946,625.163,uniform,1.0,0.4928843682472142,35.892,23.928,1.5,case_I,0.014777254260009191,0.05572272372673576,0.07294199233115721,4443906,4457491.6923278505,4457491.6923278505,4173987,4443906,8
k0,17.6355,8.0,3,2000,2,11757,17.6355,588.0455,uniform,1.0,0.49709236182379746,17.6355,23.514,0.75,case_II,0.015458617485668204,0.05670380766068441,0.09679945457665207,3125524,3655552.2340981606,3000720.336762079,3125524,3125524,8
k0,17.6355,8.0,3,2000,2,11757,17.6355,588.0455,uniform,1.0,0.49709236182379746,35.271,23.514,1.5,case_I,0.015458617485668204,0.05670380766068441,0.07422624787360423,4213963,4420812.624508402,4420812.624508402,3960141,4213963,8
k0,17.997,8.0,4,2000,2,11998,17.997,609.722,uniform,1.0,0.5005920377714814,17.997,23.996,0.75,case_II,0.015207233089695382,0.055564816358281935,0.09485507480060831,3364772,3693671.985743044,3032011.563550236,3364772,3364772,8
k0,17.997,8.0,4,2000,2,11998,17.997,609.722,uniform,1.0,0.5005920377714814,35.994,23.996,1.5,case_I,0.015207233089695382,0.055564816358281935,0.07273528890231414,4584924,4459160.87842508,4459160.87842508,4288798,4584924,8
k0,17.8185,8.0,5,2000,2,11879,17.8185,642.8325,uniform,1.0,0.4973240887495689,17.8185,23.758,0.75,case_II,0.014254480699632328,0.056121446810898784,0.09580530242088545,3110164,3674927.878554521,3016625.1540467963,3110164,3110164,8
k0,17.8185,8.0,5,2000,2,11879,17.8185,642.8325,uniform,1.0,0.4973240887495689,35.637,23.758,1.5,case_I,0.014254480699632328,0.056121446810898784,0.07346392762437619,4285732,4441089.174356258,4441089.174356258,4080534,4285732,8
k0,17.961,8.0,6,2000,2,11974,17.961,618.359,uniform,1.0,0.49974225521447974,17.961,23.947999999999997,0.75,case_II,0.014957578139833907,0.05567618729469406,0.09504519688138453,3221383,3689903.85206856,3028918.4288815013,3221383,3221383,8
k0,17.961,8.0,6,2000,2,11974,17.961,618.359,uniform,1.0,0.49974225521447974,35.922,23.947999999999997,1.5,case_I,0.014957578139833907,0.05567618729469406,0.07288107535075705,4432031,4455623.654462408,4455623.654462408,4225101,4432031,8
k0,17.631,8.0,7,2000,2,11754,17.631,585.969,uniform,1.0,0.501591631277857,17.631,23.508,0.75,case_II,0.015511016331830704,0.05671828030174125,0.09682416092034186,3363853,3655073.729880362,3000327.5486836643,3363853,3363853,8
k0,17.631,8.0,7,2000,2,11754,17.631,585.969,uniform,1.0,0.501591631277857,35.262,23.508,1.5,case_I,0.015511016331830704,0.05671828030174125,0.07424519280670111,4709614,4418025.744954707,4418025.744954707,4382576,4709614,8
k0,17.049,8.0,8,2000,2,11366,17.049,541.367,uniform,1.0,0.5036268600704732,17.049,22.732,0.75,case_II,0.01625826311513242,0.05865446653762684,0.10012943757326223,3157892,3592333.204951808,2948825.9541130466,3157892,3157892,8
k0,17.049,8.0,8,2000,2,11366,17.049,541.367,uniform,1.0,0.5036268600704732,34.098,22.732,1.5,case_I,0.01625826311513242,0.05865446653762684,0.07677969349375022,4209399,4350980.801937389,4350980.801937389,3975820,4209399,8
k0,17.3535,8.0,9,2000,2,11569,17.3535,575.9325,uniform,1.0,0.5024654065301717,17.353499999999997,23.137999999999998,0.7499999999999999,case_II,0.015533612971486577,0.05762526291526205,0.09837247709030152,3166637,3625372.3207207182,2975946.6571552954,3166637,3166637,8
k0,17.3535,8.0,9,2000,2,11569,17.3535,575.9325,uniform,1.0,0.5024654065301717,34.706999999999994,23.137999999999998,1.4999999999999998,case_I,0.015533612971486577,0.05762526291526205,0.07543244846140244,4598857,4386327.475882892,4386327.475882892,4255366,4598857,8
N,500.0,500.0,0,500,2,1113,6.678,91.618,uniform,1.0,0.4902134767558078,6.678,8.904,0.75,case_II,0.039310101247939724,0.1497454327643007,0.25563144372365193,110183,123804.29308084084,108195.96842154147,110183,110183,
N,500.0,500.0,0,500,2,1113,6.678,91.618,uniform,1.0,0.4902134767558078,13.356,8.904,1.5,case_I,0.039310101247939724,0.1497454327643007,0.19601931631850064,180410,166902.00526046992,166902.00526046992,154749,167485,
N,500.0,500.0,1,500,2,995,5.97,69.546,uniform,1.0,0.4819554065943701,5.969999999999999,7.959999999999999,0.7499999999999999,case_II,0.04695167987919969,0.16750418760469013,0.2859475345371101,108864,112746.7386670995,98532.46824398762,108864,108864,
N,500.0,500.0,1,500,2,995,5.97,69.546,uniform,1.0,0.4819554065943701,11.939999999999998,7.959999999999999,1.4999999999999998,case_I,0.04695167987919969,0.16750418760469013,0.21926582820350876,186035,155660.65310162888,155660.65310162888,151280,174878,
N,500.0,500.0,2,500,2,1010,6.06,74.08,uniform,1.0,0.5005915426949443,6.059999999999999,8.079999999999998,0.75,case_II,0.04454572184651573,0.16501650165016502,0.2817007889746778,116137,114212.42411428542,99813.37096887206,116137,116137,
N,500.0,500.0,2,500,2,1010,6.06,74.08,uniform,1.0,0.5005915426949443,12.119999999999997,8.079999999999998,1.5,case_I,0.04454572184651573,0.16501650165016502,0.21600940501236757,166983,156575.8021421915,156575.8021421915,143911,164514,
N,500.0,500.0,3,500,2,946,5.676,58.036,uniform,1.0,0.495069175130743,5.676,7.568,0.7500000000000001,case_II,0.05420168067226891,0.17618040873854826,0.30075877046979343,105749,107823.6988311662,94230.08866270103,105749,105749,
N,500.0,500.0,3,500,2,946,5.676,58.036,uniform,1.0,0.495069175130743,11.352,7.568,1.5000000000000002,case_I,0.05420168067226891,0.17618040873854826,0.23062314911468415,165100,150101.87824912218,150101.87824912218,144870,165100,
N,500.0,500.0,4,500,2,1093,6.558,82.346,uniform,1.0,0.49597098203591145,6.558,8.744,0.75,case_II,0.043265424605478435,0.15248551387618176,0.2603090547707453,118016,122002.63076827623,106621.44629613151,118016,118016,
N,500.0,500.0,4,500,2,1093,6.558,82.346,uniform,1.0,0.49597098203591145,13.116,8.744,1.5,case_I,0.043265424605478435,0.15248551387618176,0.1996061290599188,170838,164837.28021575705,164837.28021575705,154779,170838,
N,500.0,500.0,5,500,2,1022,6.132,82.292,uniform,1.0,0.4830895850949461,6.131999999999999,8.175999999999998,0.75,case_II,0.04025735294117647,0.1630789302022179,0.2783931476168539,97876,115371.67261999747,100826.47004318962,97876,97876,
N,500.0,500.0,5,500,2,1022,6.132,82.292,uniform,1.0,0.4830895850949461,12.263999999999998,8.175999999999998,1.5,case_I,0.04025735294117647,0.1630789302022179,0.2134730910591891,155015,158355.24166939638,158355.24166939638,146510,155015,
N,500.0,500.0,6,500,2,1068,6.408,81.464,uniform,1.0,0.4754350272987892,6.408,8.544,0.75,case_II,0.04268812619910467,0.1560549313358302,0.2664024315209968,108270,119710.73288139852,104618.49385221185,108270,108270,
N,500.0,500.0,6,500,2,1068,6.408,81.464,uniform,1.0,0.4754350272987892,12.816,8.544,1.5,case_I,0.04268812619910467,0.1560549313358302,0.2042785571746172,176167,163138.14019381508,163138.14019381508,153112,176167,
N,500.0,500.0,7,500,2,1015,6.09,73.734,uniform,1.0,0.4972511545454719,6.09,8.12,0.75,case_II,0.04501507894270002,0.16420361247947454,0.280313100359039,96810,114696.86315971191,100236.73554175404,96810,96810,
N,500.0,500.0,7,500,2,1015,6.09,73.734,uniform,1.0,0.4972511545454719,12.18,8.12,1.5,case_I,0.04501507894270002,0.16420361247947454,0.2149453192733904,143693,157186.34781818773,157186.34781818773,127877,143693,
N,500.0,500.0,8,500,2,967,5.802,64.714,uniform,1.0,0.523790936148654,5.802,7.735999999999999,0.7500000000000001,case_II,0.04924293862031504,0.1723543605653223,0.294227297688133,84700,109959.6180101962,96096.72703439622,84700,84700,
N,500.0,500.0,8,500,2,967,5.802,64.714,uniform,1.0,0.523790936148654,11.604,7.735999999999999,1.5000000000000002,case_I,0.04924293862031504,0.1723543605653223,0.22561478703463417,133713,151448.84414586582,151448.84414586582,117617,133713,
N,500.0,500.0,9,500,2,1001,6.006,70.43,uniform,1.0,0.5079377052831578,6.005999999999999,8.008,0.75,case_II,0.046613063454613184,0.1665001665001665,0.2842335633011235,81626,113335.25874328296,99046.79208521832,81626,81626,
N,500.0,500.0,9,500,2,1001,6.006,70.43,uniform,1.0,0.5079377052831578,12.011999999999999,8.008,1.5,case_I,0.046613063454613184,0.1665001665001665,0.21795154751497628,136998,155434.03531602497,155434.03531602497,122617,136998,
N,1000.0,1000.0,0,1000,2,2182,6.546,101.764,uniform,1.0,0.4822083170308408,6.545999999999999,8.728,0.75,case_II,0.03437375286185386,0.15276504735716467,0.2607862482716998,473698,487283.71124745265,411625.5121453716,473698,473698,
N,1000.0,1000.0,0,1000,2,2182,6.546,101.764,uniform,1.0,0.4822083170308408,13.091999999999999,8.728,1.5,case_I,0.03437375286185386,0.15276504735716467,0.1999720431370222,711478,660412.116162851,660412.116162851,627749,701464,
N,1000.0,1000.0,1,1000,2,2179,6.537,105.873,uniform,1.0,0.5211774427664965,6.536999999999999,8.716,0.75,case_II,0.03290347910123218,0.15297537096527458,0.2611452931293479,396546,486737.8590013917,411164.41175322974,396546,396546,
N,1000.0,1000.0,1,1000,2,2179,6.537,105.873,uniform,1.0,0.5211774427664965,13.073999999999998,8.716,1.5,case_I,0.03290347910123218,0.15297537096527458,0.2002473603143564,675152,654938.4089992947,654938.4089992947,579178,675152,
N,1000.0,1000.0,2,1000,2,2144,6.432,95.886,uniform,1.0,0.49839938623866137,6.432,8.576,0.75,case_II,0.035951438728284935,0.15547263681592038,0.265408392597411,438969,480321.9241823198,405744.64828723803,438969,438969,
N,1000.0,1000.0,2,1000,2,2144,6.432,95.886,uniform,1.0,0.49839938623866137,12.864,8.576,1.5,case_I,0.035951438728284935,0.15547263681592038,0.20351632375232387,671841,651027.7076177647,651027.7076177647,600379,671841,
N,1000.0,1000.0,3,1000,2,2069,6.207,95.647,uniform,1.0,0.4938695807203799,6.207,8.276,0.75,case_II,0.034699239713774595,0.16110842597067826,0.27502928648083574,398048,466267.8264528238,393872.66274346696,398048,398048,
N,1000.0,1000.0,3,1000,2,2069,6.207,95.647,uniform,1.0,0.4938695807203799,12.414,8.276,1.5,case_I,0.034699239713774595,0.16110842597067826,0.21089366753261596,661036,636970.7571031459,636970.7571031459,571634,659587,
N,1000.0,1000.0,4,1000,2,2234,6.702,107.112,uniform,1.0,0.5053534988903359,6.702,8.936,0.75,case_II,0.03337317000298775,0.14920919128618323,0.2547160222600041,438757,496645.2882401283,419533.56208661327,438757,438757,
N,1000.0,1000.0,4,1000,2,2234,6.702,107.112,uniform,1.0,0.5053534988903359,13.404,8.936,1.5,case_I,0.03337317000298775,0.14920919128618323,0.19531736711055617,620434,667163.1490664072,667163.1490664072,593081,620434,
N,1000.0,1000.0,5,1000,2,2188,6.564,117.974,uniform,1.0,0.5122428469321945,6.563999999999999,8.751999999999999,0.75,case_II,0.029458755946503906,0.15234613040828762,0.2600711123075179,351569,488373.50530051254,412546.09911528154,351569,351569,
N,1000.0,1000.0,5,1000,2,2188,6.564,117.974,uniform,1.0,0.5122428469321945,13.127999999999998,8.751999999999999,1.5,case_I,0.029458755946503906,0.15234613040828762,0.1994236737317105,577854,657701.3420946369,657701.3420946369,553874,577854,
N,1000.0,1000.0,6,1000,2,2127,6.381,93.633,uniform,1.0,0.4844181566937489,6.380999999999999,8.508,0.75,case_II,0.03656649704304773,0.1567152483936687,0.26752966324816607,417401,477173.42289364664,403084.99965641747,417401,417401,
N,1000.0,1000.0,6,1000,2,2127,6.381,93.633,uniform,1.0,0.4844181566937489,12.761999999999999,8.508,1.5,case_I,0.03656649704304773,0.1567152483936687,0.20514292342500356,692444,649579.5534138129,649579.5534138129,625881,692444,
N,1000.0,1000.0,7,1000,2,2082,6.246,90.404,uniform,1.0,0.5079812292092919,6.2459999999999996,8.328,0.75,case_II,0.03710877159628318,0.1601024655779699,0.2733120046728383,383516,468734.6037832295,395956.4354174548,383516,383516,
N,1000.0,1000.0,7,1000,2,2082,6.246,90.404,uniform,1.0,0.5079812292092919,12.491999999999999,8.328,1.5,case_I,0.03710877159628318,0.1601024655779699,0.20957684828289264,614161,637760.5529577252,637760.5529577252,582684,614161,
N,1000.0,1000.0,8,1000,2,1950,5.85,76.496,uniform,1.0,0.5022323636942955,5.85,7.799999999999999,0.7500000000000001,case_II,0.04140361803923789,0.17094017094017094,0.2918131249891534,414403,443051.56830678217,374261.08138155553,414403,414403,
N,1000.0,1000.0,8,1000,2,1950,5.85,76.496,uniform,1.0,0.5022323636942955,11.7,7.799999999999999,1.5000000000000002,case_I,0.04140361803923789,0.17094017094017094,0.22376358878204225,619094,611732.083156608,611732.083156608,569343,619094,
N,1000.0,1000.0,9,1000,2,2076,6.228,91.906,uniform,1.0,0.4933514469427732,6.227999999999999,8.303999999999998,0.75,case_II,0.03634538621349704,0.16056518946692358,0.27410192376148806,439672,467597.72563989076,394996.0748775946,439672,439672,
N,1000.0,1000.0,9,1000,2,2076,6.228,91.906,uniform,1.0,0.4933514469427732,12.455999999999998,8.303999999999998,1.5,case_I,0.03634538621349704,0.16056518946692358,0.21018256171723626,636161,638423.0751240356,638423.0751240356,584799,636161,
N,2000.0,2000.0,0,2000,2,4428,6.642,121.934,uniform,1.0,0.5049144100442657,6.6419999999999995,8.856,0.75,case_II,0.02880512091038407,0.15055706112616682,0.2570169800039969,1681806,1972267.2220170707,1618968.0747636543,1681806,1681806,
N,2000.0,2000.0,0,2000,2,4428,6.642,121.934,uniform,1.0,0.5049144100442657,13.283999999999999,8.856,1.5,case_I,0.02880512091038407,0.15055706112616682,0.19708175163730013,2580722,2653953.110448397,2653953.110448397,2365361,2580722,
N,2000.0,2000.0,1,2000,2,4453,6.6795,137.8985,uniform,1.0,0.494370552627203,6.679499999999999,8.905999999999999,0.75,case_II,0.025451725740936904,0.14971180477580656,0.25557403715645594,1668129,1981226.2285209396,1626322.222999475,1668129,1668129,
N,2000.0,2000.0,1,2000,2,4453,6.6795,137.8985,uniform,1.0,0.494370552627203,13.358999999999998,8.905999999999999,1.5,case_I,0.025451725740936904,0.14971180477580656,0.19597529671007521,2558731,2668634.272232067,2668634.272232067,2397817,2558731,
N,2000.0,2000.0,2,2000,2,4497,6.7455,137.1255,uniform,1.0,0.5009659858369434,6.7455,8.994,0.75,case_II,0.025868614818223654,0.14824697946779336,0.25307342393989285,1631176,1996890.8759171283,1639180.8071475816,1631176,1631176,
N,2000.0,2000.0,2,2000,2,4497,6.7455,137.1255,uniform,1.0,0.5009659858369434,13.491,8.994,1.5,case_I,0.025868614818223654,0.14824697946779336,0.1940578154880954,2625846,2681590.469618675,2681590.469618675,2441319,2625846,
N,2000.0,2000.0,3,2000,2,4390,6.585,125.956,uniform,1.0,0.4971070164153008,6.584999999999999,8.78,0.75,case_II,0.02758207604862152,0.15186028853454822,0.2592417283502729,1609787,1958566.908222294,1607721.9462470005,1609787,1609787,
N,2000.0,2000.0,3,2000,2,4390,6.585,125.956,uniform,1.0,0.4971070164153008,13.169999999999998,8.78,1.5,case_I,0.02758207604862152,0.15186028853454822,0.1987876984624066,2353005,2643612.331161357,2643612.331161357,2297496,2353005,
N,2000.0,2000.0,4,2000,2,4461,6.6915,121.6135,uniform,1.0,0.4908466375467251,6.6915,8.921999999999999,0.75,case_II,0.029113224621917472,0.14944332361951732,0.2551157111539337,1629165,1984084.0907284948,1628668.146322874,1629165,1629165,
N,2000.0,2000.0,4,2000,2,4461,6.6915,121.6135,uniform,1.0,0.4908466375467251,13.383,8.921999999999999,1.5,case_I,0.029113224621917472,0.14944332361951732,0.19562385031382318,2508673,2673450.116779414,2673450.116779414,2359599,2508673,
N,2000.0,2000.0,5,2000,2,4529,6.7935,153.4585,uniform,1.0,0.49873619416150156,6.7935,9.058,0.75,case_II,0.023159922271843998,0.14719952896150731,0.25128531407765475,1752515,2008201.8406045423,1648465.5990455954,1752515,1752515,
N,2000.0,2000.0,5,2000,2,4529,6.7935,153.4585,uniform,1.0,0.49873619416150156,13.587,9.058,1.5,case_I,0.023159922271843998,0.14719952896150731,0.19268668497460034,2593253,2694508.9735984555,2694508.9735984555,2526820,2593253,
N,2000.0,2000.0,6,2000,2,4462,6.693,123.545,uniform,1.0,0.48990200288595237,6.693,8.924,0.75,case_II,0.028638790949234928,0.1494098311668908,0.2550585359609364,1575503,1984441.0174855543,1628961.1355376504,1575503,1575503,
N,2000.0,2000.0,6,2000,2,4462,6.693,123.545,uniform,1.0,0.48990200288595237,13.386,8.924,1.5,case_I,0.028638790949234928,0.1494098311668908,0.19558000812415172,2569154,2674319.1512110503,2674319.1512110503,2403211,2569154,
N,2000.0,2000.0,7,2000,2,4352,6.528,115.296,uniform,1.0,0.5028858901978199,6.527999999999999,8.703999999999999,0.75,case_II,0.030008826125330977,0.15318627450980393,0.2615053280003903,1634064,1944765.4709291947,1596392.8088390743,1634064,1634064,
N,2000.0,2000.0,7,2000,2,4352,6.528,115.296,uniform,1.0,0.5028858901978199,13.055999999999997,8.703999999999999,1.5,case_I,0.030008826125330977,0.15318627450980393,0.2005234366383192,2547744,2626306.5794148883,2626306.5794148883,2360637,2547744,
N,2000.0,2000.0,8,2000,2,4210,6.315,112.975,uniform,1.0,0.5026471788711424,6.3149999999999995,8.42,0.75,case_II,0.029603412713294582,0.1583531274742676,0.27032569773342,1546206,1892267.8422868117,1553299.2646052998,1546206,1546206,
N,2000.0,2000.0,8,2000,2,4210,6.315,112.975,uniform,1.0,0.5026471788711424,12.629999999999999,8.42,1.5,case_I,0.029603412713294582,0.1583531274742676,0.2072869349762387,2379788,2571735.219606391,2571735.219606391,2298395,2379788,
N,2000.0,2000.0,9,2000,2,4330,6.495,127.882,uniform,1.0,0.49611408331939233,6.495,8.66,0.75,case_II,0.02675327671002661,0.15396458814472672,0.2628339924844569,1683757,1936728.2888918775,1589795.3554188563,1683757,1683757,
N,2000.0,2000.0,9,2000,2,4330,6.495,127.882,uniform,1.0,0.49611408331939233,12.99,8.66,1.5,case_I,0.02675327671002661,0.15396458814472672,0.20154226241338677,2574601,2621366.9177652164,2621366.9177652164,2458552,2574601,
N,5000.0,5000.0,0,5000,2,11603,6.9618,189.1206,uniform,1.0,0.4979445113085838,6.961799999999999,9.282399999999999,0.75,case_II,0.01910915091667271,0.14364101238185525,0.24521054629356598,9595949,12795829.037620265,10176222.19098345,9595949,9595949,
N,5000.0,5000.0,0,5000,2,11603,6.9618,189.1206,uniform,1.0,0.4979445113085838,13.923599999999999,9.282399999999999,1.5,case_I,0.01910915091667271,0.14364101238185525,0.18802852629707076,15301016,17098149.419779792,17098149.419779792,14654397,15301016,
N,5000.0,5000.0,1,5000,2,11404,6.8424,182.6128,uniform,1.0,0.5022324127651152,6.8424,9.123199999999999,0.75,case_II,0.019464028072986122,0.1461475505670525,0.2494894746268192,9841649,12622846.056474194,10038652.89037575,9841649,9841649,
N,5000.0,5000.0,1,5000,2,11404,6.8424,182.6128,uniform,1.0,0.5022324127651152,13.6848,9.123199999999999,1.5,case_I,0.019464028072986122,0.1461475505670525,0.19130962737854373,14624386,16904259.575229652,16904259.575229652,14573946,14624386,
N,5000.0,5000.0,2,5000,2,11692,7.0152,196.1708,uniform,1.0,0.5041695144182976,7.0152,9.3536,0.75,case_II,0.018543463688095937,0.14254761090204127,0.24334399321281608,10423903,12872380.443210322,10237101.725246234,10423903,10423903,
N,5000.0,5000.0,2,5000,2,11692,7.0152,196.1708,uniform,1.0,0.5041695144182976,14.0304,9.3536,1.5,case_I,0.018543463688095937,0.14254761090204127,0.18659724517831955,15724923,17158352.712139003,17158352.712139003,15152034,15672920,
N,5000.0,5000.0,3,5000,2,11514,6.9084,179.0788,uniform,1.0,0.500679105349407,6.9084,9.2112,0.75,case_II,0.020062682087048644,0.14475131723698684,0.24710595524094545,9602769,12718778.267481256,10114945.523827637,9602769,9602769,
N,5000.0,5000.0,3,5000,2,11514,6.9084,179.0788,uniform,1.0,0.500679105349407,13.8168,9.2112,1.5,case_I,0.020062682087048644,0.14475131723698684,0.18948193422137502,14873714,17009148.064369336,17009148.064369336,14600660,14873714,
N,5000.0,5000.0,4,5000,2,11409,6.8454,163.3754,uniform,1.0,0.5004216050623758,6.845399999999999,9.127199999999998,0.75,case_II,0.021866095956046765,0.14608350132935988,0.2493801357388243,10196956,12627223.601626258,10042134.249183178,10196956,10196956,
N,5000.0,5000.0,4,5000,2,11409,6.8454,163.3754,uniform,1.0,0.5004216050623758,13.690799999999998,9.127199999999998,1.5,case_I,0.021866095956046765,0.14608350132935988,0.1912257858379273,15756347,16914520.487274837,16914520.487274837,14969004,15756347,
N,5000.0,5000.0,5,5000,2,11766,7.0596,211.6208,uniform,1.0,0.4975037490826644,7.0596,9.412799999999999,0.75,case_II,0.01725547171213309,0.14165108504731147,0.2418135278466978,9933747,12935654.858286548,10287422.380901065,9933747,9933747,
N,5000.0,5000.0,5,5000,2,11766,7.0596,211.6208,uniform,1.0,0.4975037490826644,14.1192,9.412799999999999,1.5,case_I,0.01725547171213309,0.14165108504731147,0.18542367759858175,15720313,17245342.87992412,17245342.87992412,15010001,15720313,
N,5000.0,5000.0,6,5000,2,11391,6.8346,167.1034,uniform,1.0,0.49187413396359364,6.8346,9.1128,0.75,case_II,0.021322303530069482,0.14631434173177654,0.24977420495516164,10473124,12611456.814935882,10029595.294174684,10473124,10473124,
N,5000.0,5000.0,6,5000,2,11391,6.8346,167.1034,uniform,1.0,0.49187413396359364,13.6692,9.1128,1.5,case_I,0.021322303530069482,0.14631434173177654,0.19152795984767906,16814728,16925546.731857896,16925546.731857896,15823862,16814728,
N,5000.0,5000.0,7,5000,2,11323,6.7938,161.805,uniform,1.0,0.5029719612276662,6.793799999999999,9.058399999999999,0.75,case_II,0.021913900414937758,0.14719302893814948,0.2512742178437027,9547581,12551702.003717333,9982073.696773496,9547581,9547581,
N,5000.0,5000.0,7,5000,2,11323,6.7938,161.805,uniform,1.0,0.5029719612276662,13.587599999999998,9.058399999999999,1.5,case_I,0.021913900414937758,0.14719302893814948,0.19267817633356113,14720836,16827786.826914363,16827786.826914363,14180524,14720836,
N,5000.0,5000.0,8,5000,2,11439,6.8634,181.4898,uniform,1.0,0.49840606806102195,6.8633999999999995,9.1512,0.75,case_II,0.019651667789062823,0.14570038173500013,0.24872610968128736,10073727,12653454.752092473,10062995.266838582,10073727,10073727,
N,5000.0,5000.0,8,5000,2,11439,6.8634,181.4898,uniform,1.0,0.49840606806102195,13.726799999999999,9.1512,1.5,case_I,0.019651667789062823,0.14570038173500013,0.19072427577803241,16499970,16948254.738487646,16948254.738487646,15056566,16491436,
N,5000.0,5000.0,9,5000,2,11405,6.843,195.9146,uniform,1.0,0.5013315440122433,6.842999999999999,9.123999999999999,0.75,case_II,0.01809631906642774,0.14613473622680112,0.24946759917967962,10037652,12623721.695731118,10039349.26570332,10037652,10037652,
N,5000.0,5000.0,9,5000,2,11405,6.843,195.9146,uniform,1.0,0.5013315440122433,13.685999999999998,9.123999999999999,1.5,case_I,0.01809631906642774,0.14613473622680112,0.19129285318938288,15604204,16908001.81243695,16908001.81243695,15016846,15604204,
N,10000.0,10000.0,0,10000,2,23976,7.1928,283.9724,uniform,1.0,0.5004575982164482,7.192799999999999,9.590399999999999,0.75,case_II,0.01299373219702608,0.13902791680569457,0.2373354995532404,41782513,52493905.489709735,40908558.59695553,41782513,41782513,
N,10000.0,10000.0,0,10000,2,23976,7.1928,283.9724,uniform,1.0,0.5004575982164482,14.385599999999998,9.590399999999999,1.5,case_I,0.01299373219702608,0.13902791680569457,0.18198990579120058,69391853,69727275.90540037,69727275.90540037,62472324,62604532,
N,10000.0,10000.0,1,10000,2,23472,7.0416,215.1886,uniform,1.0,0.49911546117990885,7.0416,9.3888,0.75,case_II,0.01691496874804825,0.14201317882299477,0.24243166058659218,41486311,51640175.28303933,40243245.702825114,41486311,41486311,
N,10000.0,10000.0,1,10000,2,23472,7.0416,215.1886,uniform,1.0,0.49911546117990885,14.0832,9.3888,1.5,case_I,0.01691496874804825,0.14201317882299477,0.18589766450450854,65644513,68854022.89872113,68854022.89872113,62587133,64773185,
N,10000.0,10000.0,2,10000,2,23746,7.1238,256.7772,uniform,1.0,0.5000754941694385,7.1238,9.4984,0.75,case_II,0.014267380296042433,0.14037451921727168,0.23963429366160582,41058183,52106210.722582504,40606427.63621254,41058183,41058183,
N,10000.0,10000.0,2,10000,2,23746,7.1238,256.7772,uniform,1.0,0.5000754941694385,14.2476,9.4984,1.5,case_I,0.014267380296042433,0.14037451921727168,0.1837526312326213,67108315,69327804.54183018,69327804.54183018,62297356,63187129,
N,10000.0,10000.0,3,10000,2,23233,6.9699,213.0277,uniform,1.0,0.49888645461856707,6.969899999999999,9.293199999999999,0.75,case_II,0.016912487661229034,0.14347408140719378,0.24492557729473127,39114706,51229890.87020804,39923510.60620487,39114706,39114706,
N,10000.0,10000.0,3,10000,2,23233,6.9699,213.0277,uniform,1.0,0.49888645461856707,13.939799999999998,9.293199999999999,1.5,case_I,0.016912487661229034,0.14347408140719378,0.18781001081435134,64631051,68429160.56707238,68429160.56707238,58442037,61031479,
N,10000.0,10000.0,4,10000,2,22905,6.8715,173.1669,uniform,1.0,0.4994596838477698,6.871499999999999,9.161999999999999,0.75,case_II,0.02066052338188549,0.14552863275849523,0.24843291583883395,41932129,50660958.95056091,39480141.33208741,41932129,41932129,
N,10000.0,10000.0,4,10000,2,22905,6.8715,173.1669,uniform,1.0,0.4994596838477698,13.742999999999999,9.161999999999999,1.5,case_I,0.02066052338188549,0.14552863275849523,0.19049945344902094,65443690,67828770.3966114,67828770.3966114,61694523,65443690,
N,10000.0,10000.0,5,10000,2,23686,7.1058,238.7168,uniform,1.0,0.5057054990209919,7.1057999999999995,9.4744,0.75,case_II,0.01533994499397697,0.14073010779926257,0.24024132134123505,41015492,52004550.152380124,40527203.44143551,41015492,41015492,
N,10000.0,10000.0,5,10000,2,23686,7.1058,238.7168,uniform,1.0,0.5057054990209919,14.211599999999999,9.4744,1.5,case_I,0.01533994499397697,0.14073010779926257,0.18421810272945305,62309102,69151373.3306832,69151373.3306832,61067066,62309102,
N,10000.0,10000.0,6,10000,2,23465,7.0395,241.9943,uniform,1.0,0.5028364540811296,7.039499999999999,9.386,0.75,case_II,0.014980540938086815,0.14205554371759357,0.24250398198544607,39429709,51628209.01754075,40233920.37888953,39429709,39429709,
N,10000.0,10000.0,6,10000,2,23465,7.0395,241.9943,uniform,1.0,0.5028364540811296,14.078999999999999,9.386,1.5,case_I,0.014980540938086815,0.14205554371759357,0.18595312087150326,65115379,68794646.813618,68794646.813618,60702897,61671673,
N,10000.0,10000.0,7,10000,2,23246,6.9738,200.0272,uniform,1.0,0.4974038414624598,6.973799999999999,9.298399999999999,0.75,case_II,0.018061841956681417,0.1433938455361496,0.2447886060951773,40890832,51252299.37422764,39940973.578167126,40890832,40890832,
N,10000.0,10000.0,7,10000,2,23246,6.9738,200.0272,uniform,1.0,0.4974038414624598,13.947599999999998,9.298399999999999,1.5,case_I,0.018061841956681417,0.1433938455361496,0.18770498069559605,64513375,68471422.65785594,68471422.65785594,61414372,64513375,
N,10000.0,10000.0,8,10000,2,23279,6.9837,212.9757,uniform,1.0,0.5039639599207913,6.983699999999999,9.311599999999999,0.75,case_II,0.01695138646161016,0.14319057233271762,0.24444159703116505,37903080,51309134.83250119,39985265.5136495,37903080,37903080,
N,10000.0,10000.0,8,10000,2,23279,6.9837,212.9757,uniform,1.0,0.5039639599207913,13.967399999999998,9.311599999999999,1.5,case_I,0.01695138646161016,0.14319057233271762,0.18743889261780253,58081481,68447896.10915229,68447896.10915229,57699657,58081481,
N,10000.0,10000.0,9,10000,2,23878,7.1634,301.7732,uniform,1.0,0.49658098581861293,7.163399999999999,9.5512,0.75,case_II,0.012157436717991054,0.1395985146718039,0.23830957103980616,39857835,52329100.51662314,40780125.899184465,39857835,39857835,
N,10000.0,10000.0,9,10000,2,23878,7.1634,301.7732,uniform,1.0,0.49658098581861293,14.326799999999999,9.5512,1.5,case_I,0.012157436717991054,0.1395985146718039,0.18273682809489175,69125042,69604750.7623288,69604750.7623288,61133034,62224027,
N,20000.0,20000.0,0,20000,2,48245,7.23675,309.65675,uniform,1.0,0.4984572851682628,7.236749999999999,9.649,0.75,case_II,0.011964734475233118,0.1381835768818876,0.2358941211436829,156811005,210956847.47351235,161500535.53063175,156811005,156811005,
N,20000.0,20000.0,0,20000,2,48245,7.23675,309.65675,uniform,1.0,0.4984572851682628,14.473499999999998,9.649,1.5,case_I,0.011964734475233118,0.1381835768818876,0.18088465048190794,269439198,280033894.63619053,280033894.63619053,243137806,249113762,
N,20000.0,20000.0,1,20000,2,47324,7.0986,265.3882,uniform,1.0,0.49868777086912053,7.0986,9.4648,0.75,case_II,0.013741552118242469,0.14087284816724424,0.24048499439136556,159159667,207855299.38450646,159126108.32740313,159159667,159159667,
N,20000.0,20000.0,1,20000,2,47324,7.0986,265.3882,uniform,1.0,0.49868777086912053,14.1972,9.4648,1.5,case_I,0.013741552118242469,0.14087284816724424,0.18440495229692438,270319735,276787725.9374914,276787725.9374914,244359232,249106082,
N,20000.0,20000.0,2,20000,2,47984,7.1976,313.4821,uniform,1.0,0.49997259904148833,7.1975999999999996,9.5968,0.75,case_II,0.011749860015769654,0.1389352006224297,0.2371772231280632,165828947,210083032.9979151,160831576.4167016,165828947,165828947,
N,20000.0,20000.0,2,20000,2,47984,7.1976,313.4821,uniform,1.0,0.49997259904148833,14.395199999999999,9.5968,1.5,case_I,0.011749860015769654,0.1389352006224297,0.1818685387316533,291199797,279045646.5945567,279045646.5945567,251938964,256072083,
N,20000.0,20000.0,3,20000,2,46825,7.02375,246.63535,uniform,1.0,0.5013893962957707,7.023749999999999,9.364999999999998,0.75,case_II,0.01465653165372628,0.1423740879159993,0.24304777094665206,166406873,206153461.94977045,157823246.34217912,166406873,166406873,
N,20000.0,20000.0,3,20000,2,46825,7.02375,246.63535,uniform,1.0,0.5013893962957707,14.047499999999998,9.364999999999998,1.5,case_I,0.01465653165372628,0.1423740879159993,0.1863701006406759,254526091,274876506.58820105,274876506.58820105,242968451,245535757,
N,20000.0,20000.0,4,20000,2,47384,7.1076,308.0972,uniform,1.0,0.5053044273339052,7.1076,9.476799999999999,0.75,case_II,0.01180705246958699,0.14069446789352244,0.24018048021646513,156979866,208058904.0708598,159281980.32812944,156979866,156979866,
N,20000.0,20000.0,4,20000,2,47384,7.1076,308.0972,uniform,1.0,0.5053044273339052,14.2152,9.476799999999999,1.5,case_I,0.01180705246958699,0.14069446789352244,0.1841714494871613,266995853,276667796.73772407,276667796.73772407,233266947,236829631,
N,20000.0,20000.0,5,20000,2,48849,7.32735,355.53445,uniform,1.0,0.5010990084011251,7.32735,9.7698,0.75,case_II,0.010521540198347478,0.13647498754665738,0.23297737670324847,167062563,212963768.65001184,163036958.02013227,167062563,167062563,
N,20000.0,20000.0,5,20000,2,48849,7.32735,355.53445,uniform,1.0,0.5010990084011251,14.6547,9.7698,1.5,case_I,0.010521540198347478,0.13647498754665738,0.17864807800568386,300708457,281993294.4022248,281993294.4022248,252508235,258710060,
N,20000.0,20000.0,6,20000,2,48938,7.3407,439.1078,uniform,1.0,0.49837112162847896,7.3407,9.7876,0.75,case_II,0.008500763490316888,0.13622679036059232,0.23255367760384532,161053882,213257713.56893623,163261991.06547466,161053882,161053882,
N,20000.0,20000.0,6,20000,2,48938,7.3407,439.1078,uniform,1.0,0.49837112162847896,14.6814,9.7876,1.5,case_I,0.008500763490316888,0.13622679036059232,0.17832318367116864,319924194,282438111.7645129,282438111.7645129,250398359,252636769,
N,20000.0,20000.0,7,20000,2,47493,7.12395,267.08205,uniform,1.0,0.4989437636400173,7.12395,9.4986,0.75,case_II,0.013702111994202142,0.14037156352866037,0.23962924798553437,159838160,208428227.91831374,159564720.61299047,159838160,159838160,
N,20000.0,20000.0,7,20000,2,47493,7.12395,267.08205,uniform,1.0,0.4989437636400173,14.2479,9.4986,1.5,case_I,0.013702111994202142,0.14037156352866037,0.18374876218599898,272985184,277372139.8908802,277372139.8908802,242745545,248961761,
N,20000.0,20000.0,8,20000,2,47728,7.1592,299.353,uniform,1.0,0.49915766052730415,7.1592,9.5456,0.75,case_II,0.012250773288139585,0.13968041121913063,0.23844937719110343,166863415,209222040.88352966,160172433.61462522,166863415,166863415,
N,20000.0,20000.0,8,20000,2,47728,7.1592,299.353,uniform,1.0,0.49915766052730415,14.3184,9.5456,1.5,case_I,0.012250773288139585,0.13968041121913063,0.18284403206712307,276265941,278189069.2455413,278189069.2455413,250927682,253762695,
N,20000.0,20000.0,9,20000,2,48187,7.22805,355.75635,uniform,1.0,0.5001828437406626,7.22805,9.6374,0.75,case_II,0.010369387507413313,0.13834990073394623,0.23617805371940528,165533927,210763012.87729746,161352143.13916412,165533927,165533927,
N,20000.0,20000.0,9,20000,2,48187,7.22805,355.75635,uniform,1.0,0.5001828437406626,14.4561,9.6374,1.5,case_I,0.010369387507413313,0.13834990073394623,0.1811023712308226,306665659,279744165.38512874,279744165.38512874,248946878,261571483,
b,0.10098288200885315,0.2,0,2000,2,4428,6.642,121.934,uniform,0.2,0.10098288200885315,6.6419999999999995,8.856,0.75,case_II,0.02880512091038407,0.15055706112616682,0.2570169800039969,8409030,9861336.110085353,8094840.373818271,8409030,8409030,
b,0.10098288200885315,0.2,0,2000,2,4428,6.642,121.934,uniform,0.2,0.10098288200885315,13.283999999999999,8.856,1.5,case_I,0.02880512091038407,0.15055706112616682,0.19708175163730013,12903611,13269765.552241987,13269765.552241987,11826804,12903611,
b,0.1514743230132797,0.3,0,2000,2,4428,6.642,121.934,uniform,0.3,0.1514743230132797,6.6419999999999995,8.856,0.75,case_II,0.02880512091038407,0.15055706112616682,0.2570169800039969,5606020,6574224.073390238,5396560.249212183,5606020,5606020,
b,0.1514743230132797,0.3,0,2000,2,4428,6.642,121.934,uniform,0.3,0.1514743230132797,13.283999999999999,8.856,1.5,case_I,0.02880512091038407,0.15055706112616682,0.19708175163730013,8602407,8846510.368161326,8846510.368161326,7884536,8602407,
b,0.2019657640177063,0.4,0,2000,2,4428,6.642,121.934,uniform,0.4,0.2019657640177063,6.6419999999999995,8.856,0.75,case_II,0.02880512091038407,0.15055706112616682,0.2570169800039969,4204515,4930668.055042677,4047420.1869091354,4204515,4204515,
b,0.2019657640177063,0.4,0,2000,2,4428,6.642,121.934,uniform,0.4,0.2019657640177063,13.283999999999999,8.856,1.5,case_I,0.02880512091038407,0.15055706112616682,0.19708175163730013,6451805,6634882.776120993,6634882.776120993,5913402,6451805,
b,0.25245720502213287,0.5,0,2000,2,4428,6.642,121.934,uniform,0.5,0.25245720502213287,6.6419999999999995,8.856,0.75,case_II,0.02880512091038407,0.15055706112616682,0.2570169800039969,3363612,3944534.4440341415,3237936.1495273085,3363612,3363612,
b,0.25245720502213287,0.5,0,2000,2,4428,6.642,121.934,uniform,0.5,0.25245720502213287,13.283999999999999,8.856,1.5,case_I,0.02880512091038407,0.15055706112616682,0.19708175163730013,5161444,5307906.220896794,5307906.220896794,4730721,5161444,
b,0.353440087030986,0.7,0,2000,2,4428,6.642,121.934,uniform,0.7,0.353440087030986,6.6419999999999995,8.856,0.75,case_II,0.02880512091038407,0.15055706112616682,0.2570169800039969,2402580,2817524.6028815303,2312811.5353766493,2402580,2402580,
b,0.353440087030986,0.7,0,2000,2,4428,6.642,121.934,uniform,0.7,0.353440087030986,13.283999999999999,8.856,1.5,case_I,0.02880512091038407,0.15055706112616682,0.19708175163730013,3686746,3791361.586354854,3791361.586354854,3379087,3686746,
b,0.42917724853762584,0.85,0,2000,2,4428,6.642,121.934,uniform,0.85,0.42917724853762584,6.6419999999999995,8.856,0.75,case_II,0.02880512091038407,0.15055706112616682,0.2570169800039969,1978595,2320314.378843614,1904668.323251359,1978595,1978595,
b,0.42917724853762584,0.85,0,2000,2,4428,6.642,121.934,uniform,0.85,0.42917724853762584,13.283999999999999,8.856,1.5,case_I,0.02880512091038407,0.15055706112616682,0.19708175163730013,3036143,3122297.776998115,3122297.776998115,2782777,3036143,
b,0.5049144100442657,1.0,0,2000,2,4428,6.642,121.934,uniform,1.0,0.5049144100442657,6.6419999999999995,8.856,0.75,case_II,0.02880512091038407,0.15055706112616682,0.2570169800039969,1681806,1972267.2220170707,1618968.0747636543,1681806,1681806,
b,0.5049144100442657,1.0,0,2000,2,4428,6.642,121.934,uniform,1.0,0.5049144100442657,13.283999999999999,8.856,1.5,case_I,0.02880512091038407,0.15055706112616682,0.19708175163730013,2580722,2653953.110448397,2653953.110448397,2365361,2580722,
b,0.0988741105254406,0.2,1,2000,2,4453,6.6795,137.8985,uniform,0.2,0.0988741105254406,6.679499999999999,8.905999999999999,0.75,case_II,0.025451725740936904,0.14971180477580656,0.25557403715645594,8340646,9906131.142604697,8131611.114997374,8340646,8340646,
b,0.0988741105254406,0.2,1,2000,2,4453,6.6795,137.8985,uniform,0.2,0.0988741105254406,13.358999999999998,8.905999999999999,1.5,case_I,0.025451725740936904,0.14971180477580656,0.19597529671007521,12793658,13343171.361160334,13343171.361160334,11989086,12793658,
b,0.1483111657881609,0.3,1,2000,2,4453,6.6795,137.8985,uniform,0.3,0.1483111657881609,6.679499999999999,8.905999999999999,0.75,case_II,0.025451725740936904,0.14971180477580656,0.25557403715645594,5560431,6604087.428403132,5421074.076664916,5560431,5560431,
b,0.1483111657881609,0.3,1,2000,2,4453,6.6795,137.8985,uniform,0.3,0.1483111657881609,13.358999999999998,8.905999999999999,1.5,case_I,0.025451725740936904,0.14971180477580656,0.19597529671007521,8529105,8895447.574106889,8895447.574106889,7992724,8529105,
b,0.1977482210508812,0.4,1,2000,2,4453,6.6795,137.8985,uniform,0.4,0.1977482210508812,6.679499999999999,8.905999999999999,0.75,case_II,0.025451725740936904,0.14971180477580656,0.25557403715645594,4170323,4953065.571302349,4065805.557498687,4170323,4170323,
b,0.1977482210508812,0.4,1,2000,2,4453,6.6795,137.8985,uniform,0.4,0.1977482210508812,13.358999999999998,8.905999999999999,1.5,case_I,0.025451725740936904,0.14971180477580656,0.19597529671007521,6396829,6671585.680580167,6671585.680580167,5994543,6396829,
b,0.2471852763136015,0.5,1,2000,2,4453,6.6795,137.8985,uniform,0.5,0.2471852763136015,6.679499999999999,8.905999999999999,0.75,case_II,0.025451725740936904,0.14971180477580656,0.25557403715645594,3336258,3962452.457041879,3252644.44599895,3336258,3336258,
b,0.2471852763136015,0.5,1,2000,2,4453,6.6795,137.8985,uniform,0.5,0.2471852763136015,13.358999999999998,8.905999999999999,1.5,case_I,0.025451725740936904,0.14971180477580656,0.19597529671007521,5117463,5337268.544464134,5337268.544464134,4795634,5117463,
b,0.3460593868390421,0.7,1,2000,2,4453,6.6795,137.8985,uniform,0.7,0.3460593868390421,6.679499999999999,8.905999999999999,0.75,case_II,0.025451725740936904,0.14971180477580656,0.25557403715645594,2383042,2830323.183601342,2323317.4614278213,2383042,2383042,
b,0.3460593868390421,0.7,1,2000,2,4453,6.6795,137.8985,uniform,0.7,0.3460593868390421,13.358999999999998,8.905999999999999,1.5,case_I,0.025451725740936904,0.14971180477580656,0.19597529671007521,3655331,3812334.6746172383,3812334.6746172383,3425453,3655331,
b,0.4202149697331225,0.85,1,2000,2,4453,6.6795,137.8985,uniform,0.85,0.4202149697331225,6.679499999999999,8.905999999999999,0.75,case_II,0.025451725740936904,0.14971180477580656,0.25557403715645594,1962505,2330854.3864952223,1913320.2623523227,1962505,1962505,
b,0.4202149697331225,0.85,1,2000,2,4453,6.6795,137.8985,uniform,0.85,0.4202149697331225,13.358999999999998,8.905999999999999,1.5,case_I,0.025451725740936904,0.14971180477580656,0.19597529671007521,3010272,3139569.7320377263,3139569.7320377263,2820961,3010272,
b,0.494370552627203,1.0,1,2000,2,4453,6.6795,137.8985,uniform,1.0,0.494370552627203,6.679499999999999,8.905999999999999,0.75,case_II,0.025451725740936904,0.14971180477580656,0.25557403715645594,1668129,1981226.2285209396,1626322.222999475,1668129,1668129,
b,0.494370552627203,1.0,1,2000,2,4453,6.6795,137.8985,uniform,1.0,0.494370552627203,13.358999999999998,8.905999999999999,1.5,case_I,0.025451725740936904,0.14971180477580656,0.19597529671007521,2558731,2668634.272232067,2668634.272232067,2397817,2558731,
b,0.10019319716738868,0.2,2,2000,2,4497,6.7455,137.1255,uniform,0.2,0.10019319716738868,6.7455,8.994,0.75,case_II,0.025868614818223654,0.14824697946779336,0.25307342393989285,8155880,9984454.379585642,8195904.035737908,8155880,8155880,
b,0.10019319716738868,0.2,2,2000,2,4497,6.7455,137.1255,uniform,0.2,0.10019319716738868,13.491,8.994,1.5,case_I,0.025868614818223654,0.14824697946779336,0.1940578154880954,13129236,13407952.348093374,13407952.348093374,12206594,13129236,
b,0.150289795751083,0.3,2,2000,2,4497,6.7455,137.1255,uniform,0.3,0.150289795751083,6.7455,8.994,0.75,case_II,0.025868614818223654,0.14824697946779336,0.25307342393989285,5437253,6656302.919723762,5463936.023825273,5437253,5437253,
b,0.150289795751083,0.3,2,2000,2,4497,6.7455,137.1255,uniform,0.3,0.150289795751083,13.491,8.994,1.5,case_I,0.025868614818223654,0.14824697946779336,0.1940578154880954,8752823,8938634.898728918,8938634.898728918,8137729,8752823,
b,0.20038639433477737,0.4,2,2000,2,4497,6.7455,137.1255,uniform,0.4,0.20038639433477737,6.7455,8.994,0.75,case_II,0.025868614818223654,0.14824697946779336,0.25307342393989285,4077940,4992227.189792821,4097952.017868954,4077940,4077940,
b,0.20038639433477737,0.4,2,2000,2,4497,6.7455,137.1255,uniform,0.4,0.20038639433477737,13.491,8.994,1.5,case_I,0.025868614818223654,0.14824697946779336,0.1940578154880954,6564617,6703976.174046687,6703976.174046687,6103297,6564617,
b,0.2504829929184717,0.5,2,2000,2,4497,6.7455,137.1255,uniform,0.5,0.2504829929184717,6.7455,8.994,0.75,case_II,0.025868614818223654,0.14824697946779336,0.25307342393989285,3262352,3993781.7518342566,3278361.614295163,3262352,3262352,
b,0.2504829929184717,0.5,2,2000,2,4497,6.7455,137.1255,uniform,0.5,0.2504829929184717,13.491,8.994,1.5,case_I,0.025868614818223654,0.14824697946779336,0.1940578154880954,5251694,5363180.93923735,5363180.93923735,4882637,5251694,
b,0.3506761900858604,0.7,2,2000,2,4497,6.7455,137.1255,uniform,0.7,0.3506761900858604,6.7455,8.994,0.75,case_II,0.025868614818223654,0.14824697946779336,0.25307342393989285,2330251,2852701.2513101837,2341686.8673536885,2330251,2330251,
b,0.3506761900858604,0.7,2,2000,2,4497,6.7455,137.1255,uniform,0.7,0.3506761900858604,13.491,8.994,1.5,case_I,0.025868614818223654,0.14824697946779336,0.1940578154880954,3751210,3830843.5280266786,3830843.5280266786,3487598,3751210,
b,0.4258210879614019,0.85,2,2000,2,4497,6.7455,137.1255,uniform,0.85,0.4258210879614019,6.7455,8.994,0.75,case_II,0.025868614818223654,0.14824697946779336,0.25307342393989285,1919031,2349283.383431916,1928448.00840892,1919031,1919031,
b,0.4258210879614019,0.85,2,2000,2,4497,6.7455,137.1255,uniform,0.85,0.4258210879614019,13.491,8.994,1.5,case_I,0.025868614818223654,0.14824697946779336,0.1940578154880954,3089231,3154812.3171984414,3154812.3171984414,2872140,3089231,
b,0.5009659858369434,1.0,2,2000,2,4497,6.7455,137.1255,uniform,1.0,0.5009659858369434,6.7455,8.994,0.75,case_II,0.025868614818223654,0.14824697946779336,0.25307342393989285,1631176,1996890.8759171283,1639180.8071475816,1631176,1631176,
b,0.5009659858369434,1.0,2,2000,2,4497,6.7455,137.1255,uniform,1.0,0.5009659858369434,13.491,8.994,1.5,case_I,0.025868614818223654,0.14824697946779336,0.1940578154880954,2625846,2681590.469618675,2681590.469618675,2441319,2625846,
b,0.09942140328306016,0.2,3,2000,2,4390,6.585,125.956,uniform,0.2,0.09942140328306016,6.584999999999999,8.78,0.75,case_II,0.02758207604862152,0.15186028853454822,0.2592417283502729,8048937,9792834.54111147,8038609.731235002,8048937,8048937,
b,0.09942140328306016,0.2,3,2000,2,4390,6.585,125.956,uniform,0.2,0.09942140328306016,13.169999999999998,8.78,1.5,case_I,0.02758207604862152,0.15186028853454822,0.1987876984624066,11765027,13218061.655806785,13218061.655806785,11487479,11765027,
b,0.14913210492459023,0.3,3,2000,2,4390,6.585,125.956,uniform,0.3,0.14913210492459023,6.584999999999999,8.78,0.75,case_II,0.02758207604862152,0.15186028853454822,0.2592417283502729,5365958,6528556.36074098,5359073.154156668,5365958,5365958,
b,0.14913210492459023,0.3,3,2000,2,4390,6.585,125.956,uniform,0.3,0.14913210492459023,13.169999999999998,8.78,1.5,case_I,0.02758207604862152,0.15186028853454822,0.1987876984624066,7843351,8812041.103871189,8812041.103871189,7658319,7843351,
b,0.19884280656612033,0.4,3,2000,2,4390,6.585,125.956,uniform,0.4,0.19884280656612033,6.584999999999999,8.78,0.75,case_II,0.02758207604862152,0.15186028853454822,0.2592417283502729,4024468,4896417.270555735,4019304.865617501,4024468,4024468,
b,0.19884280656612033,0.4,3,2000,2,4390,6.585,125.956,uniform,0.4,0.19884280656612033,13.169999999999998,8.78,1.5,case_I,0.02758207604862152,0.15186028853454822,0.1987876984624066,5882514,6609030.827903393,6609030.827903393,5743739,5882514,
b,0.2485535082076504,0.5,3,2000,2,4390,6.585,125.956,uniform,0.5,0.2485535082076504,6.584999999999999,8.78,0.75,case_II,0.02758207604862152,0.15186028853454822,0.2592417283502729,3219575,3917133.816444588,3215443.892494001,3219575,3219575,
b,0.2485535082076504,0.5,3,2000,2,4390,6.585,125.956,uniform,0.5,0.2485535082076504,13.169999999999998,8.78,1.5,case_I,0.02758207604862152,0.15186028853454822,0.1987876984624066,4706011,5287224.662322714,5287224.662322714,4594991,4706011,
b,0.3479749114907105,0.7,3,2000,2,4390,6.585,125.956,uniform,0.7,0.3479749114907105,6.584999999999999,8.78,0.75,case_II,0.02758207604862152,0.15186028853454822,0.2592417283502729,2299696,2797952.726031848,2296745.6374957147,2299696,2299696,
b,0.3479749114907105,0.7,3,2000,2,4390,6.585,125.956,uniform,0.7,0.3479749114907105,13.169999999999998,8.78,1.5,case_I,0.02758207604862152,0.15186028853454822,0.1987876984624066,3361436,3776589.0445162244,3776589.0445162244,3282137,3361436,
b,0.42254096395300567,0.85,3,2000,2,4390,6.585,125.956,uniform,0.85,0.42254096395300567,6.584999999999999,8.78,0.75,case_II,0.02758207604862152,0.15186028853454822,0.2592417283502729,1893867,2304196.362614463,1891437.5838200003,1893867,1893867,
b,0.42254096395300567,0.85,3,2000,2,4390,6.585,125.956,uniform,0.85,0.42254096395300567,13.169999999999998,8.78,1.5,case_I,0.02758207604862152,0.15186028853454822,0.1987876984624066,2768242,3110132.1543074786,3110132.1543074786,2702936,2768242,
b,0.4971070164153008,1.0,3,2000,2,4390,6.585,125.956,uniform,1.0,0.4971070164153008,6.584999999999999,8.78,0.75,case_II,0.02758207604862152,0.15186028853454822,0.2592417283502729,1609787,1958566.908222294,1607721.9462470005,1609787,1609787,
b,0.4971070164153008,1.0,3,2000,2,4390,6.585,125.956,uniform,1.0,0.4971070164153008,13.169999999999998,8.78,1.5,case_I,0.02758207604862152,0.15186028853454822,0.1987876984624066,2353005,2643612.331161357,2643612.331161357,2297496,2353005,
b,0.09816932750934503,0.2,4,2000,2,4461,6.6915,121.6135,uniform,0.2,0.09816932750934503,6.6915,8.921999999999999,0.75,case_II,0.029113224621917472,0.14944332361951732,0.2551157111539337,8145824,9920420.453642473,8143340.731614369,8145824,8145824,
b,0.09816932750934503,0.2,4,2000,2,4461,6.6915,121.6135,uniform,0.2,0.09816932750934503,13.383,8.921999999999999,1.5,case_I,0.029113224621917472,0.14944332361951732,0.19562385031382318,12543370,13367250.583897071,13367250.583897071,11797996,12543370,
b,0.14725399126401753,0.3,4,2000,2,4461,6.6915,121.6135,uniform,0.3,0.14725399126401753,6.6915,8.921999999999999,0.75,case_II,0.029113224621917472,0.14944332361951732,0.2551157111539337,5430550,6613613.63576165,5428893.821076248,5430550,5430550,
b,0.14725399126401753,0.3,4,2000,2,4461,6.6915,121.6135,uniform,0.3,0.14725399126401753,13.383,8.921999999999999,1.5,case_I,0.029113224621917472,0.14944332361951732,0.19562385031382318,8362246,8911500.389264714,8911500.389264714,7865330,8362246,
b,0.19633865501869005,0.4,4,2000,2,4461,6.6915,121.6135,uniform,0.4,0.19633865501869005,6.6915,8.921999999999999,0.75,case_II,0.029113224621917472,0.14944332361951732,0.2551157111539337,4072912,4960210.226821236,4071670.3658071845,4072912,4072912,
b,0.19633865501869005,0.4,4,2000,2,4461,6.6915,121.6135,uniform,0.4,0.19633865501869005,13.383,8.921999999999999,1.5,case_I,0.029113224621917472,0.14944332361951732,0.19562385031382318,6271685,6683625.2919485355,6683625.2919485355,5898998,6271685,
b,0.24542331877336254,0.5,4,2000,2,4461,6.6915,121.6135,uniform,0.5,0.24542331877336254,6.6915,8.921999999999999,0.75,case_II,0.029113224621917472,0.14944332361951732,0.2551157111539337,3258330,3968168.1814569896,3257336.292645748,3258330,3258330,
b,0.24542331877336254,0.5,4,2000,2,4461,6.6915,121.6135,uniform,0.5,0.24542331877336254,13.383,8.921999999999999,1.5,case_I,0.029113224621917472,0.14944332361951732,0.19562385031382318,5017348,5346900.233558828,5346900.233558828,4719198,5017348,
b,0.3435926462827075,0.7,4,2000,2,4461,6.6915,121.6135,uniform,0.7,0.3435926462827075,6.6915,8.921999999999999,0.75,case_II,0.029113224621917472,0.14944332361951732,0.2551157111539337,2327379,2834405.8438978493,2326668.780461248,2327379,2327379,
b,0.3435926462827075,0.7,4,2000,2,4461,6.6915,121.6135,uniform,0.7,0.3435926462827075,13.383,8.921999999999999,1.5,case_I,0.029113224621917472,0.14944332361951732,0.19562385031382318,3583819,3819214.452542021,3819214.452542021,3370856,3583819,
b,0.41721964191471633,0.85,4,2000,2,4461,6.6915,121.6135,uniform,0.85,0.41721964191471633,6.6915,8.921999999999999,0.75,case_II,0.029113224621917472,0.14944332361951732,0.2551157111539337,1916665,2334216.5773276407,1916080.1721445573,1916665,1916665,
b,0.41721964191471633,0.85,4,2000,2,4461,6.6915,121.6135,uniform,0.85,0.41721964191471633,13.383,8.921999999999999,1.5,case_I,0.029113224621917472,0.14944332361951732,0.19562385031382318,2951381,3145235.4315051935,3145235.4315051935,2775999,2951381,
b,0.4908466375467251,1.0,4,2000,2,4461,6.6915,121.6135,uniform,1.0,0.4908466375467251,6.6915,8.921999999999999,0.75,case_II,0.029113224621917472,0.14944332361951732,0.2551157111539337,1629165,1984084.0907284948,1628668.146322874,1629165,1629165,
b,0.4908466375467251,1.0,4,2000,2,4461,6.6915,121.6135,uniform,1.0,0.4908466375467251,13.383,8.921999999999999,1.5,case_I,0.029113224621917472,0.14944332361951732,0.19562385031382318,2508673,2673450.116779414,2673450.116779414,2359599,2508673,
b,0.09974723883230031,0.2,5,2000,2,4529,6.7935,153.4585,uniform,0.2,0.09974723883230031,6.7935,9.058,0.75,case_II,0.023159922271843998,0.14719952896150731,0.25128531407765475,8762577,10041009.203022711,8242327.995227977,8762577,8762577,
b,0.09974723883230031,0.2,5,2000,2,4529,6.7935,153.4585,uniform,0.2,0.09974723883230031,13.587,9.058,1.5,case_I,0.023159922271843998,0.14719952896150731,0.19268668497460034,12966266,13472544.867992276,13472544.867992276,12634100,12966266,
b,0.14962085824845045,0.3,5,2000,2,4529,6.7935,153.4585,uniform,0.3,0.14962085824845045,6.7935,9.058,0.75,case_II,0.023159922271843998,0.14719952896150731,0.25128531407765475,5841718,6694006.135348475,5494885.3301519845,5841718,5841718,
b,0.14962085824845045,0.3,5,2000,2,4529,6.7935,153.4585,uniform,0.3,0.14962085824845045,13.587,9.058,1.5,case_I,0.023159922271843998,0.14719952896150731,0.19268668497460034,8644178,8981696.578661518,8981696.578661518,8422733,8644178,
b,0.19949447766460063,0.4,5,2000,2,4529,6.7935,153.4585,uniform,0.4,0.19949447766460063,6.7935,9.058,0.75,case_II,0.023159922271843998,0.14719952896150731,0.25128531407765475,4381288,5020504.6015113555,4121163.9976139884,4381288,4381288,
b,0.19949447766460063,0.4,5,2000,2,4529,6.7935,153.4585,uniform,0.4,0.19949447766460063,13.587,9.058,1.5,case_I,0.023159922271843998,0.14719952896150731,0.19268668497460034,6483133,6736272.433996138,6736272.433996138,6317050,6483133,
b,0.24936809708075078,0.5,5,2000,2,4529,6.7935,153.4585,uniform,0.5,0.24936809708075078,6.7935,9.058,0.75,case_II,0.023159922271843998,0.14719952896150731,0.25128531407765475,3505030,4016403.6812090846,3296931.198091191,3505030,3505030,
b,0.24936809708075078,0.5,5,2000,2,4529,6.7935,153.4585,uniform,0.5,0.24936809708075078,13.587,9.058,1.5,case_I,0.023159922271843998,0.14719952896150731,0.19268668497460034,5186507,5389017.947196911,5389017.947196911,5053640,5186507,
b,0.34911533591305105,0.7,5,2000,2,4529,6.7935,153.4585,uniform,0.7,0.34911533591305105,6.7935,9.058,0.75,case_II,0.023159922271843998,0.14719952896150731,0.25128531407765475,2503593,2868859.7722922033,2354950.855779422,2503593,2503593,
b,0.34911533591305105,0.7,5,2000,2,4529,6.7935,153.4585,uniform,0.7,0.34911533591305105,13.587,9.058,1.5,case_I,0.023159922271843998,0.14719952896150731,0.19268668497460034,3704648,3849298.5337120797,3849298.5337120797,3609743,3704648,
b,0.4239257650372763,0.85,5,2000,2,4529,6.7935,153.4585,uniform,0.85,0.4239257650372763,6.7935,9.058,0.75,case_II,0.023159922271843998,0.14719952896150731,0.25128531407765475,2061782,2362590.4007112263,1939371.2929948182,2061782,2061782,
b,0.4239257650372763,0.85,5,2000,2,4529,6.7935,153.4585,uniform,0.85,0.4239257650372763,13.587,9.058,1.5,case_I,0.023159922271843998,0.14719952896150731,0.19268668497460034,3050886,3170010.5571746537,3170010.5571746537,2972729,3050886,
b,0.49873619416150156,1.0,5,2000,2,4529,6.7935,153.4585,uniform,1.0,0.49873619416150156,6.7935,9.058,0.75,case_II,0.023159922271843998,0.14719952896150731,0.25128531407765475,1752515,2008201.8406045423,1648465.5990455954,1752515,1752515,
b,0.49873619416150156,1.0,5,2000,2,4529,6.7935,153.4585,uniform,1.0,0.49873619416150156,13.587,9.058,1.5,case_I,0.023159922271843998,0.14719952896150731,0.19268668497460034,2593253,2694508.9735984555,2694508.9735984555,2526820,2593253,
b,0.09798040057719049,0.2,6,2000,2,4462,6.693,123.545,uniform,0.2,0.09798040057719049,6.693,8.924,0.75,case_II,0.028638790949234928,0.1494098311668908,0.2550585359609364,7877514,9922205.087427773,8144805.677688253,7877514,7877514,
b,0.09798040057719049,0.2,6,2000,2,4462,6.693,123.545,uniform,0.2,0.09798040057719049,13.386,8.924,1.5,case_I,0.028638790949234928,0.1494098311668908,0.19558000812415172,12845773,13371595.756055249,13371595.756055249,12016058,12845773,
b,0.1469706008657857,0.3,6,2000,2,4462,6.693,123.545,uniform,0.3,0.1469706008657857,6.693,8.924,0.75,case_II,0.028638790949234928,0.1494098311668908,0.2550585359609364,5251676,6614803.391618514,5429870.451792168,5251676,5251676,
b,0.1469706008657857,0.3,6,2000,2,4462,6.693,123.545,uniform,0.3,0.1469706008657857,13.386,8.924,1.5,case_I,0.028638790949234928,0.1494098311668908,0.19558000812415172,8563849,8914397.1707035,8914397.1707035,8010705,8563849,
b,0.19596080115438097,0.4,6,2000,2,4462,6.693,123.545,uniform,0.4,0.19596080115438097,6.693,8.924,0.75,case_II,0.028638790949234928,0.1494098311668908,0.2550585359609364,3938757,4961102.543713886,4072402.8388441266,3938757,3938757,
b,0.19596080115438097,0.4,6,2000,2,4462,6.693,123.545,uniform,0.4,0.19596080115438097,13.386,8.924,1.5,case_I,0.028638790949234928,0.1494098311668908,0.19558000812415172,6422886,6685797.878027624,6685797.878027624,6008029,6422886,
b,0.24495100144297619,0.5,6,2000,2,4462,6.693,123.545,uniform,0.5,0.24495100144297619,6.693,8.924,0.75,case_II,0.028638790949234928,0.1494098311668908,0.2550585359609364,3151005,3968882.0349711087,3257922.271075301,3151005,3151005,
b,0.24495100144297619,0.5,6,2000,2,4462,6.693,123.545,uniform,0.5,0.24495100144297619,13.386,8.924,1.5,case_I,0.028638790949234928,0.1494098311668908,0.19558000812415172,5138309,5348638.302422101,5348638.302422101,4806423,5138309,
b,0.34293140202016664,0.7,6,2000,2,4462,6.693,123.545,uniform,0.7,0.34293140202016664,6.693,8.924,0.75,case_II,0.028638790949234928,0.1494098311668908,0.2550585359609364,2250718,2834915.7392650777,2327087.336482358,2250718,2250718,
b,0.34293140202016664,0.7,6,2000,2,4462,6.693,123.545,uniform,0.7,0.34293140202016664,13.386,8.924,1.5,case_I,0.028638790949234928,0.1494098311668908,0.19558000812415172,3670221,3820455.930301501,3820455.930301501,3433159,3670221,
b,0.4164167024530595,0.85,6,2000,2,4462,6.693,123.545,uniform,0.85,0.4164167024530595,6.693,8.924,0.75,case_II,0.028638790949234928,0.1494098311668908,0.2550585359609364,1853533,2334636.4911594754,1916424.865338412,1853533,1853533,
b,0.4164167024530595,0.85,6,2000,2,4462,6.693,123.545,uniform,0.85,0.4164167024530595,13.386,8.924,1.5,case_I,0.028638790949234928,0.1494098311668908,0.19558000812415172,3022535,3146257.824954177,3146257.824954177,2827307,3022535,
b,0.48990200288595237,1.0,6,2000,2,4462,6.693,123.545,uniform,1.0,0.48990200288595237,6.693,8.924,0.75,case_II,0.028638790949234928,0.1494098311668908,0.2550585359609364,1575503,1984441.0174855543,1628961.1355376504,1575503,1575503,
b,0.48990200288595237,1.0,6,2000,2,4462,6.693,123.545,uniform,1.0,0.48990200288595237,13.386,8.924,1.5,case_I,0.028638790949234928,0.1494098311668908,0.19558000812415172,2569154,2674319.1512110503,2674319.1512110503,2403211,2569154,
b,0.100577178039564,0.2,7,2000,2,4352,6.528,115.296,uniform,0.2,0.100577178039564,6.527999999999999,8.703999999999999,0.75,case_II,0.030008826125330977,0.15318627450980393,0.2615053280003903,8170320,9723827.354645975,7981964.044195373,8170320,8170320,
b,0.100577178039564,0.2,7,2000,2,4352,6.528,115.296,uniform,0.2,0.100577178039564,13.055999999999997,8.703999999999999,1.5,case_I,0.030008826125330977,0.15318627450980393,0.2005234366383192,12738721,13131532.89707444,13131532.89707444,11803186,12738721,
b,0.15086576705934598,0.3,7,2000,2,4352,6.528,115.296,uniform,0.3,0.15086576705934598,6.527999999999999,8.703999999999999,0.75,case_II,0.030008826125330977,0.15318627450980393,0.2615053280003903,5446880,6482551.569763983,5321309.362796915,5446880,5446880,
b,0.15086576705934598,0.3,7,2000,2,4352,6.528,115.296,uniform,0.3,0.15086576705934598,13.055999999999997,8.703999999999999,1.5,case_I,0.030008826125330977,0.15318627450980393,0.2005234366383192,8492481,8754355.264716294,8754355.264716294,7868791,8492481,
b,0.201154356079128,0.4,7,2000,2,4352,6.528,115.296,uniform,0.4,0.201154356079128,6.527999999999999,8.703999999999999,0.75,case_II,0.030008826125330977,0.15318627450980393,0.2615053280003903,4085160,4861913.6773229875,3990982.0220976863,4085160,4085160,
b,0.201154356079128,0.4,7,2000,2,4352,6.528,115.296,uniform,0.4,0.201154356079128,13.055999999999997,8.703999999999999,1.5,case_I,0.030008826125330977,0.15318627450980393,0.2005234366383192,6369360,6565766.44853722,6565766.44853722,5901593,6369360,
b,0.25144294509890996,0.5,7,2000,2,4352,6.528,115.296,uniform,0.5,0.25144294509890996,6.527999999999999,8.703999999999999,0.75,case_II,0.030008826125330977,0.15318627450980393,0.2615053280003903,3268128,3889530.9418583894,3192785.6176781487,3268128,3268128,
b,0.25144294509890996,0.5,7,2000,2,4352,6.528,115.296,uniform,0.5,0.25144294509890996,13.055999999999997,8.703999999999999,1.5,case_I,0.030008826125330977,0.15318627450980393,0.2005234366383192,5095488,5252613.158829777,5252613.158829777,4721274,5095488,
b,0.3520201231384739,0.7,7,2000,2,4352,6.528,115.296,uniform,0.7,0.3520201231384739,6.527999999999999,8.703999999999999,0.75,case_II,0.030008826125330977,0.15318627450980393,0.2615053280003903,2334377,2778236.3870417075,2280561.155484393,2334377,2334377,
b,0.3520201231384739,0.7,7,2000,2,4352,6.528,115.296,uniform,0.7,0.3520201231384739,13.055999999999997,8.703999999999999,1.5,case_I,0.030008826125330977,0.15318627450980393,0.2005234366383192,3639634,3751866.5420212685,3751866.5420212685,3372339,3639634,
b,0.42745300666814695,0.85,7,2000,2,4352,6.528,115.296,uniform,0.85,0.42745300666814695,6.527999999999999,8.703999999999999,0.75,case_II,0.030008826125330977,0.15318627450980393,0.2615053280003903,1922428,2287959.3775637588,1878109.1868694995,1922428,1922428,
b,0.42745300666814695,0.85,7,2000,2,4352,6.528,115.296,uniform,0.85,0.42745300666814695,13.055999999999997,8.703999999999999,1.5,case_I,0.030008826125330977,0.15318627450980393,0.2005234366383192,2997346,3089772.4463704573,3089772.4463704573,2777220,2997346,
b,0.5028858901978199,1.0,7,2000,2,4352,6.528,115.296,uniform,1.0,0.5028858901978199,6.527999999999999,8.703999999999999,0.75,case_II,0.030008826125330977,0.15318627450980393,0.2615053280003903,1634064,1944765.4709291947,1596392.8088390743,1634064,1634064,
b,0.5028858901978199,1.0,7,2000,2,4352,6.528,115.296,uniform,1.0,0.5028858901978199,13.055999999999997,8.703999999999999,1.5,case_I,0.030008826125330977,0.15318627450980393,0.2005234366383192,2547744,2626306.5794148883,2626306.5794148883,2360637,2547744,
b,0.10052943577422849,0.2,8,2000,2,4210,6.315,112.975,uniform,0.2,0.10052943577422849,6.3149999999999995,8.42,0.75,case_II,0.029603412713294582,0.1583531274742676,0.27032569773342,7731027,9461339.211434059,7766496.3230265,7731027,7731027,
b,0.10052943577422849,0.2,8,2000,2,4210,6.315,112.975,uniform,0.2,0.10052943577422849,12.629999999999999,8.42,1.5,case_I,0.029603412713294582,0.1583531274742676,0.2072869349762387,11898944,12858676.098031955,12858676.098031955,11491974,11898944,
b,0.15079415366134272,0.3,8,2000,2,4210,6.315,112.975,uniform,0.3,0.15079415366134272,6.3149999999999995,8.42,0.75,case_II,0.029603412713294582,0.1583531274742676,0.27032569773342,5154018,6307559.474289373,5177664.2153509995,5154018,5154018,
b,0.15079415366134272,0.3,8,2000,2,4210,6.315,112.975,uniform,0.3,0.15079415366134272,12.629999999999999,8.42,1.5,case_I,0.029603412713294582,0.1583531274742676,0.2072869349762387,7932629,8572450.732021306,8572450.732021306,7661316,7932629,
b,0.20105887154845697,0.4,8,2000,2,4210,6.315,112.975,uniform,0.4,0.20105887154845697,6.3149999999999995,8.42,0.75,case_II,0.029603412713294582,0.1583531274742676,0.27032569773342,3865514,4730669.605717029,3883248.16151325,3865514,3865514,
b,0.20105887154845697,0.4,8,2000,2,4210,6.315,112.975,uniform,0.4,0.20105887154845697,12.629999999999999,8.42,1.5,case_I,0.029603412713294582,0.1583531274742676,0.2072869349762387,5949472,6429338.049015977,6429338.049015977,5745987,5949472,
b,0.2513235894355712,0.5,8,2000,2,4210,6.315,112.975,uniform,0.5,0.2513235894355712,6.3149999999999995,8.42,0.75,case_II,0.029603412713294582,0.1583531274742676,0.27032569773342,3092411,3784535.6845736234,3106598.5292105996,3092411,3092411,
b,0.2513235894355712,0.5,8,2000,2,4210,6.315,112.975,uniform,0.5,0.2513235894355712,12.629999999999999,8.42,1.5,case_I,0.029603412713294582,0.1583531274742676,0.2072869349762387,4759577,5143470.439212782,5143470.439212782,4596790,4759577,
b,0.35185302520979966,0.7,8,2000,2,4210,6.315,112.975,uniform,0.7,0.35185302520979966,6.3149999999999995,8.42,0.75,case_II,0.029603412713294582,0.1583531274742676,0.27032569773342,2208865,2703239.774695446,2218998.949436143,2208865,2208865,
b,0.35185302520979966,0.7,8,2000,2,4210,6.315,112.975,uniform,0.7,0.35185302520979966,12.629999999999999,8.42,1.5,case_I,0.029603412713294582,0.1583531274742676,0.2072869349762387,3399698,3673907.456580559,3673907.456580559,3283421,3399698,
b,0.42725010204047104,0.85,8,2000,2,4210,6.315,112.975,uniform,0.85,0.42725010204047104,6.3149999999999995,8.42,0.75,case_II,0.029603412713294582,0.1583531274742676,0.27032569773342,1819065,2226197.4615138955,1827410.8995356464,1819065,1819065,
b,0.42725010204047104,0.85,8,2000,2,4210,6.315,112.975,uniform,0.85,0.42725010204047104,12.629999999999999,8.42,1.5,case_I,0.029603412713294582,0.1583531274742676,0.2072869349762387,2799751,3025570.8465957544,3025570.8465957544,2703994,2799751,
b,0.5026471788711424,1.0,8,2000,2,4210,6.315,112.975,uniform,1.0,0.5026471788711424,6.3149999999999995,8.42,0.75,case_II,0.029603412713294582,0.1583531274742676,0.27032569773342,1546206,1892267.8422868117,1553299.2646052998,1546206,1546206,
b,0.5026471788711424,1.0,8,2000,2,4210,6.315,112.975,uniform,1.0,0.5026471788711424,12.629999999999999,8.42,1.5,case_I,0.029603412713294582,0.1583531274742676,0.2072869349762387,2379788,2571735.219606391,2571735.219606391,2298395,2379788,
b,0.09922281666387847,0.2,9,2000,2,4330,6.495,127.882,uniform,0.2,0.09922281666387847,6.495,8.66,0.75,case_II,0.02675327671002661,0.15396458814472672,0.2628339924844569,8418788,9683641.444459386,7948976.77709428,8418788,8418788,
b,0.09922281666387847,0.2,9,2000,2,4330,6.495,127.882,uniform,0.2,0.09922281666387847,12.99,8.66,1.5,case_I,0.02675327671002661,0.15396458814472672,0.20154226241338677,12873010,13106834.588826079,13106834.588826079,12292761,12873010,
b,0.1488342249958177,0.3,9,2000,2,4330,6.495,127.882,uniform,0.3,0.1488342249958177,6.495,8.66,0.75,case_II,0.02675327671002661,0.15396458814472672,0.2628339924844569,5612525,6455760.962972928,5299317.85139619,5612525,5612525,
b,0.1488342249958177,0.3,9,2000,2,4330,6.495,127.882,uniform,0.3,0.1488342249958177,12.99,8.66,1.5,case_I,0.02675327671002661,0.15396458814472672,0.20154226241338677,8582006,8737889.725884054,8737889.725884054,8195173,8582006,
b,0.19844563332775694,0.4,9,2000,2,4330,6.495,127.882,uniform,0.4,0.19844563332775694,6.495,8.66,0.75,case_II,0.02675327671002661,0.15396458814472672,0.2628339924844569,4209394,4841820.722229693,3974488.38854714,4209394,4209394,
b,0.19844563332775694,0.4,9,2000,2,4330,6.495,127.882,uniform,0.4,0.19844563332775694,12.99,8.66,1.5,case_I,0.02675327671002661,0.15396458814472672,0.20154226241338677,6436504,6553417.294413039,6553417.294413039,6146380,6436504,
b,0.24805704165969616,0.5,9,2000,2,4330,6.495,127.882,uniform,0.5,0.24805704165969616,6.495,8.66,0.75,case_II,0.02675327671002661,0.15396458814472672,0.2628339924844569,3367515,3873456.577783755,3179590.7108377125,3367515,3367515,
b,0.24805704165969616,0.5,9,2000,2,4330,6.495,127.882,uniform,0.5,0.24805704165969616,12.99,8.66,1.5,case_I,0.02675327671002661,0.15396458814472672,0.20154226241338677,5149203,5242733.835530433,5242733.835530433,4917104,5149203,
b,0.3472798583235746,0.7,9,2000,2,4330,6.495,127.882,uniform,0.7,0.3472798583235746,6.495,8.66,0.75,case_II,0.02675327671002661,0.15396458814472672,0.2628339924844569,2405368,2766754.698416968,2271136.2220269376,2405368,2405368,
b,0.3472798583235746,0.7,9,2000,2,4330,6.495,127.882,uniform,0.7,0.3472798583235746,12.99,8.66,1.5,case_I,0.02675327671002661,0.15396458814472672,0.20154226241338677,3678002,3744809.882521738,3744809.882521738,3512217,3678002,
b,0.4216969708214835,0.85,9,2000,2,4330,6.495,127.882,uniform,0.85,0.4216969708214835,6.495,8.66,0.75,case_II,0.02675327671002661,0.15396458814472672,0.2628339924844569,1980891,2278503.8692845628,1870347.4769633613,1980891,1980891,
b,0.4216969708214835,0.85,9,2000,2,4330,6.495,127.882,uniform,0.85,0.4216969708214835,12.99,8.66,1.5,case_I,0.02675327671002661,0.15396458814472672,0.20154226241338677,3028943,3083961.079723784,3083961.079723784,2892414,3028943,
b,0.49611408331939233,1.0,9,2000,2,4330,6.495,127.882,uniform,1.0,0.49611408331939233,6.495,8.66,0.75,case_II,0.02675327671002661,0.15396458814472672,0.2628339924844569,1683757,1936728.2888918775,1589795.3554188563,1683757,1683757,
b,0.49611408331939233,1.0,9,2000,2,4330,6.495,127.882,uniform,1.0,0.49611408331939233,12.99,8.66,1.5,case_I,0.02675327671002661,0.15396458814472672,0.20154226241338677,2574601,2621366.9177652164,2621366.9177652164,2458552,2574601,
