tag,C_frac,regime,node,n_clocks,b,dTc,hyperdegree,betweenness,pagerank,degree_x_vuln,rank_dTc,rank_hyperdegree,rank_betweenness,rank_pagerank,rank_degree_x_vuln
synthetic_N1000_m2_hetb,1.5,case_I,0,20,0.5118216247002567,130.9,5.0,0.0010831242409252472,0.0008163466260449341,2.4408918764987164,386,329,231,354,432
synthetic_N1000_m2_hetb,1.5,case_I,1,20,0.9504636963259353,-605.45,3.0,0.0002562022069675619,0.0005397604763933274,0.1486089110221941,726,640,629,855,958
synthetic_N1000_m2_hetb,1.5,case_I,2,20,0.14415961271963373,1798.7,3.0,0.00010492761982874861,0.0005313273438937076,2.567521161841099,74,641,922,907,408
synthetic_N1000_m2_hetb,1.5,case_I,3,20,0.9486494471372439,0.0,3.0,0.00014623059356083136,0.0005712304611746059,0.15405165858826841,424,642,815,684,956
synthetic_N1000_m2_hetb,1.5,case_I,4,20,0.31183145201048545,541.35,8.0,0.001348126626589991,0.001212997262805218,5.505348383916116,249,164,199,174,130
synthetic_N1000_m2_hetb,1.5,case_I,5,200,0.42332644897257565,2491.0,13.0,0.004067929506286049,0.0018234367074188955,7.496756163356516,49,78,75,81,85
synthetic_N1000_m2_hetb,1.5,case_I,6,20,0.8277025938204418,-972.65,5.0,0.0004590577635456589,0.0007798497789229895,0.8614870308977912,819,330,436,417,792
synthetic_N1000_m2_hetb,1.5,case_I,7,20,0.4091991363691613,951.6,6.0,0.0007857786924871203,0.0009089685077677794,3.5448051817850326,164,255,303,314,250
synthetic_N1000_m2_hetb,1.5,case_I,8,20,0.5495936876730595,-769.3,4.0,0.0002730987116475793,0.0006628302570525564,1.801625249307762,778,440,609,560,593
synthetic_N1000_m2_hetb,1.5,case_I,9,200,0.027559113243068367,2483.925,15.0,0.004191212008222178,0.0020793356221875947,14.586613301353974,50,60,72,66,30
synthetic_N1000_m2_hetb,1.5,case_I,10,20,0.7535131086748066,-247.8,8.0,0.0014240784075505593,0.0011651004538446392,1.9718951306015473,629,165,190,192,548
synthetic_N1000_m2_hetb,1.5,case_I,11,20,0.5381433132192782,203.75,3.0,0.0004423600725651928,0.0005511512000897409,1.3855700603421655,346,643,446,787,683
synthetic_N1000_m2_hetb,1.5,case_I,12,200,0.32973171649909216,1148.105,9.0,0.0019732973184376553,0.0013234816375946757,6.032414551508171,133,129,138,146,110
synthetic_N1000_m2_hetb,1.5,case_I,13,20,0.7884287034284043,357.9,4.0,0.0002090767153190788,0.000689502278032782,0.8462851862863827,297,441,707,480,794
synthetic_N1000_m2_hetb,1.5,case_I,14,20,0.303194829291645,1227.9,6.0,0.0005081133247597167,0.0009164240308379382,4.18083102425013,123,256,405,306,190
synthetic_N1000_m2_hetb,1.5,case_I,15,20,0.4534978894806515,-1184.45,3.0,0.0001492547084845212,0.0005268928010594434,1.6395063315580454,879,644,804,932,623
synthetic_N1000_m2_hetb,1.5,case_I,16,20,0.13404169724716475,1434.8,9.0,0.0026072592652854817,0.0013619076738798316,7.793624724775517,104,130,115,131,82
synthetic_N1000_m2_hetb,1.5,case_I,17,20,0.40311298644712923,-1334.8,4.0,0.00025582354887253723,0.0006377435292560234,2.387548054211483,897,442,630,625,446
synthetic_N1000_m2_hetb,1.5,case_I,18,20,0.20345524067614962,1578.55,3.0,9.220190580472212e-05,0.0005538478283547393,2.389634277971551,90,645,955,765,444
synthetic_N1000_m2_hetb,1.5,case_I,19,20,0.2623133404418495,436.3,4.0,0.00041015665174940223,0.0006412954460179204,2.950746638232602,277,443,469,622,317
synthetic_N1000_m2_hetb,1.5,case_I,20,20,0.7503646726300526,222.55,3.0,0.00016796693250758729,0.0005699242332497175,0.7489059821098423,337,646,774,692,810
synthetic_N1000_m2_hetb,1.5,case_I,21,20,0.2804087579860399,172.35,3.0,0.00013847292139595934,0.0005177082637738277,2.15877372604188,375,647,832,967,503
synthetic_N1000_m2_hetb,1.5,case_I,22,20,0.48519097443163506,-1646.65,5.0,0.0006674982539234915,0.0008310343098751848,2.5740451278418246,945,331,330,340,407
synthetic_N1000_m2_hetb,1.5,case_I,23,20,0.9807371998012386,0.0,5.0,0.0004895848649461166,0.0007831189741478047,0.09631400099380683,425,332,413,411,982
synthetic_N1000_m2_hetb,1.5,case_I,24,20,0.9616571936637868,-1089.25,5.0,0.0005137604551189781,0.0008106517354870434,0.19171403168106615,842,333,401,365,943
synthetic_N1000_m2_hetb,1.5,case_I,25,20,0.7247899407735336,-45.85,3.0,9.457455439222564e-05,0.0005426723356640723,0.8256301776793991,570,648,944,834,798
synthetic_N1000_m2_hetb,1.5,case_I,26,200,0.5412268555474342,8656.945,70.0,0.05876265194063833,0.009149528636360489,32.114120111679604,6,1,2,1,4
synthetic_N1000_m2_hetb,1.5,case_I,27,200,0.2768912040453708,4855.82,31.0,0.019151263472974675,0.0040888463011327664,22.416372674593504,15,20,19,21,15
synthetic_N1000_m2_hetb,1.5,case_I,28,20,0.16065200877512686,-469.2,5.0,0.00046858575294506165,0.0008386513423379242,4.1967399561243655,684,334,427,336,186
synthetic_N1000_m2_hetb,1.5,case_I,29,20,0.9699254132161326,0.0,5.0,0.0005723093283806484,0.0008133131261000067,0.15037293391933715,426,335,369,358,957
synthetic_N1000_m2_hetb,1.5,case_I,30,20,0.5160685855478787,1393.85,5.0,0.00030168021901674395,0.0007470372656232199,2.4196570722606063,109,336,579,441,439
synthetic_N1000_m2_hetb,1.5,case_I,31,20,0.11586561247077032,-1447.05,3.0,0.0003250459773148273,0.0005590627723252733,2.652403162587689,917,649,551,734,384
synthetic_N1000_m2_hetb,1.5,case_I,32,20,0.6234897555375004,-1177.7,3.0,0.00021360353128801817,0.0005498245140524217,1.1295307333874987,856,650,692,792,734
synthetic_N1000_m2_hetb,1.5,case_I,33,20,0.776683114342298,-605.45,6.0,0.0009294135354862382,0.0009303423883122697,1.3399013139462121,727,257,261,297,691
synthetic_N1000_m2_hetb,1.5,case_I,34,20,0.6130033010530405,718.4,4.0,0.00018834210362251102,0.0006534232988297086,1.5479867957878382,212,444,743,592,645
synthetic_N1000_m2_hetb,1.5,case_I,35,20,0.9172977047909027,0.0,3.0,0.0001568805359623807,0.0005848547482399538,0.248106885627292,427,651,794,653,932
synthetic_N1000_m2_hetb,1.5,case_I,36,200,0.03959287666420286,1381.425,4.0,0.00022884200419495018,0.0006599118122350041,3.8416284933431886,110,445,666,569,217
synthetic_N1000_m2_hetb,1.5,case_I,37,200,0.5285892632600216,662.465,11.0,0.0024265925414506486,0.0015223398565949462,5.185518104139762,223,96,119,112,134
synthetic_N1000_m2_hetb,1.5,case_I,38,200,0.4593358828854037,1196.965,15.0,0.004404499316195047,0.0021066612821018277,8.109961756718944,126,61,66,64,78
synthetic_N1000_m2_hetb,1.5,case_I,39,20,0.0623495791498756,-1485.75,3.0,8.535328347787551e-05,0.0005273604245503946,2.8129512625503734,927,652,962,928,347
synthetic_N1000_m2_hetb,1.5,case_I,40,20,0.641328169139375,-2110.35,4.0,0.00035104207638825735,0.0006596066400344114,1.4346873234425002,983,446,522,571,672
synthetic_N1000_m2_hetb,1.5,case_I,41,20,0.8526328384806567,-123.75,3.0,0.00011105886217879512,0.0005156647596315151,0.4421014845580298,601,653,908,977,893
synthetic_N1000_m2_hetb,1.5,case_I,42,20,0.592941018104284,-504.55,5.0,0.0006146501867697711,0.00084285635261501,2.03529490947858,693,337,349,333,536
synthetic_N1000_m2_hetb,1.5,case_I,43,20,0.2600974477372232,-605.45,3.0,0.00013472597024282427,0.000592019058116966,2.2197076567883305,728,654,840,645,485
synthetic_N1000_m2_hetb,1.5,case_I,44,20,0.8398815210314088,0.0,4.0,0.0002619708876781975,0.0006293771432028058,0.6404739158743649,428,447,619,631,836
synthetic_N1000_m2_hetb,1.5,case_I,45,20,0.5094958815215094,219.2,11.0,0.0029794471753819356,0.0015648815814122063,5.395545303263397,342,97,107,108,132
synthetic_N1000_m2_hetb,1.5,case_I,46,20,0.510888884466533,-888.1,3.0,0.0002864800142978958,0.0005504918315251263,1.4673333466004008,799,655,589,788,663
synthetic_N1000_m2_hetb,1.5,case_I,47,20,0.7530302077021779,0.0,5.0,0.0006530428066387908,0.0008118145836064424,1.2348489614891105,429,338,333,362,712
synthetic_N1000_m2_hetb,1.5,case_I,48,20,0.14792203578495655,-1061.2,3.0,0.00021160709797395677,0.0005670059873510688,2.5562338926451305,836,656,697,702,411
synthetic_N1000_m2_hetb,1.5,case_I,49,20,0.819626719119277,-605.45,8.0,0.0015031877718994818,0.0011807675626873014,1.4429862470457842,729,166,180,185,669
synthetic_N1000_m2_hetb,1.5,case_I,50,20,0.6832869060032571,-299.2,7.0,0.0007167026406027751,0.0010556075439481255,2.2169916579772,647,206,318,231,486
synthetic_N1000_m2_hetb,1.5,case_I,51,20,0.787096941554801,-401.7,3.0,7.729492272585483e-05,0.0005463913067049796,0.6387091753355969,665,657,974,810,838
synthetic_N1000_m2_hetb,1.5,case_I,52,200,0.19161625902013524,1777.445,10.0,0.0016509314657404818,0.0014092060647760462,8.083837409798647,76,115,158,126,79
synthetic_N1000_m2_hetb,1.5,case_I,53,20,0.80236416113453,-401.7,3.0,0.00011224698111431237,0.0005817393240547979,0.59290751659641,666,658,906,663,851
synthetic_N1000_m2_hetb,1.5,case_I,54,20,0.19132392605720028,-1246.2,3.0,4.1644084761233984e-05,0.0004918482697225226,2.4260282218283993,886,659,998,999,436
synthetic_N1000_m2_hetb,1.5,case_I,55,20,0.08155261736351271,-303.4,3.0,0.00011789410763555766,0.0005173180333819355,2.7553421479094617,648,660,887,970,359
synthetic_N1000_m2_hetb,1.5,case_I,56,20,0.8552269742870702,-307.9,4.0,0.00035395790171024116,0.0006830629497460248,0.5790921028517193,649,448,518,506,859
synthetic_N1000_m2_hetb,1.5,case_I,57,20,0.8612834961776684,-217.65,7.0,0.001045323422942993,0.0010218924165647783,0.9710155267563211,626,207,241,250,774
synthetic_N1000_m2_hetb,1.5,case_I,58,20,0.8765370964165805,0.0,3.0,0.0003572293875780636,0.0005444671553378424,0.3703887107502585,430,661,515,821,908
synthetic_N1000_m2_hetb,1.5,case_I,59,20,0.4719097193587902,232.55,3.0,0.00019747064980466417,0.0005414086253668464,1.5842708419236293,330,662,724,845,636
synthetic_N1000_m2_hetb,1.5,case_I,60,20,0.2740483886137183,1149.85,4.0,0.00032162280873197595,0.0006763112580773275,2.903806445545127,132,449,557,523,327
synthetic_N1000_m2_hetb,1.5,case_I,61,20,0.007091828603166261,-973.95,3.0,0.00011680431203190508,0.0005179765283765015,2.9787245141905014,820,663,889,964,313
synthetic_N1000_m2_hetb,1.5,case_I,62,20,0.6457208955749478,0.0,3.0,0.00010720718123620736,0.000603102817301382,1.0628373132751565,431,664,916,640,754
synthetic_N1000_m2_hetb,1.5,case_I,63,20,0.719909383508693,-605.45,4.0,0.0002726481687893232,0.0006606611496385753,1.1203624659652278,730,450,610,568,737
synthetic_N1000_m2_hetb,1.5,case_I,64,20,0.8355692165002742,-605.45,3.0,7.192186329285572e-05,0.0005226209595843349,0.4932923504991775,731,665,980,954,882
synthetic_N1000_m2_hetb,1.5,case_I,65,20,0.28187782736454214,-2821.95,5.0,0.0004694315423575413,0.0008042767591634286,3.5906108631772895,993,339,426,377,243
synthetic_N1000_m2_hetb,1.5,case_I,66,20,0.2152181671629736,-570.3,3.0,0.00014649541883106405,0.0005621576584704382,2.354345498511079,715,666,814,721,453
synthetic_N1000_m2_hetb,1.5,case_I,67,200,0.6393313800665879,784.62,16.0,0.005621182709333791,0.002208789455968288,5.770697918934594,197,52,50,55,121
synthetic_N1000_m2_hetb,1.5,case_I,68,20,0.8050548331450097,0.0,3.0,0.00019220817512968823,0.0005462892860661061,0.5848355005649709,432,667,738,813,855
synthetic_N1000_m2_hetb,1.5,case_I,69,20,0.9636708728449709,-196.95,3.0,0.00013677728615921496,0.0005307968949194791,0.10898738146508735,619,668,835,908,974
synthetic_N1000_m2_hetb,1.5,case_I,70,200,0.15052483042117748,836.915,5.0,0.00042142246849580445,0.0007637723792869688,4.247375847894112,189,340,461,431,180
synthetic_N1000_m2_hetb,1.5,case_I,71,200,0.48221238819933654,682.18,14.0,0.0036193750710930344,0.0018923765932048343,7.249026565209288,219,68,86,76,87
synthetic_N1000_m2_hetb,1.5,case_I,72,20,0.8947158621961735,0.0,4.0,0.000387491645477514,0.0006583418774406158,0.421136551215306,433,451,487,575,898
synthetic_N1000_m2_hetb,1.5,case_I,73,200,0.4227169069454373,1170.455,19.0,0.006691656436933807,0.0025569479363539336,10.968378768036692,130,45,47,47,48
synthetic_N1000_m2_hetb,1.5,case_I,74,20,0.5895020620840481,937.35,4.0,0.00020134318262358695,0.0006525358694655077,1.6419917516638076,169,452,717,594,622
synthetic_N1000_m2_hetb,1.5,case_I,75,20,0.0244906774933632,-568.7,4.0,0.00021025819674792191,0.0006898202235529286,3.902037290026547,714,453,704,479,209
synthetic_N1000_m2_hetb,1.5,case_I,76,20,0.6734598871529389,203.75,5.0,0.0005445141162760064,0.0008229026742829187,1.6327005642353054,347,341,384,352,625
synthetic_N1000_m2_hetb,1.5,case_I,77,200,0.9190886196338225,475.765,59.0,0.049003234344138655,0.007789696904876543,4.773771441604473,269,4,4,4,155
synthetic_N1000_m2_hetb,1.5,case_I,78,200,0.8268253295567211,318.43,18.0,0.007817726321040582,0.002585829874810261,3.117144067979021,306,47,45,46,293
synthetic_N1000_m2_hetb,1.5,case_I,79,20,0.8855202667099468,0.0,4.0,0.00036064835304606133,0.0006858771403650103,0.4579189331602129,434,454,513,493,889
synthetic_N1000_m2_hetb,1.5,case_I,80,20,0.6603553805205233,-18.55,6.0,0.0016642935622899384,0.0009558617963898355,2.03786771687686,564,258,157,270,535
synthetic_N1000_m2_hetb,1.5,case_I,81,20,0.24555226724317758,-614.5,4.0,0.0003235784902240817,0.0007490953819025631,3.0177909310272897,750,455,555,440,298
synthetic_N1000_m2_hetb,1.5,case_I,82,20,0.7685169988962544,222.55,4.0,0.0002813906384024511,0.0006499285058756447,0.9259320044149826,338,456,599,602,779
synthetic_N1000_m2_hetb,1.5,case_I,83,20,0.2116747426075105,1563.85,7.0,0.001012638243975644,0.0010479918673659042,5.518276801747426,92,208,245,236,129
synthetic_N1000_m2_hetb,1.5,case_I,84,20,0.8312748346644612,-87.25,4.0,0.00023306848312983053,0.0006558300452137633,0.6749006613421553,582,457,662,585,826
synthetic_N1000_m2_hetb,1.5,case_I,85,20,0.06271792257076825,966.7,6.0,0.0006334070548838364,0.0009286329569833602,5.623692464575391,162,259,339,299,125
synthetic_N1000_m2_hetb,1.5,case_I,86,20,0.8254878133935558,-929.85,6.0,0.0005470202799680346,0.0009176778953965728,1.0470731196386651,811,260,382,305,758
synthetic_N1000_m2_hetb,1.5,case_I,87,200,0.1645072664741013,3455.79,15.0,0.004666526566808563,0.00211021995417345,12.532391002888481,34,62,63,63,36
synthetic_N1000_m2_hetb,1.5,case_I,88,20,0.37514699649664185,-3208.35,3.0,0.00027691956629195607,0.0005354504395565585,1.8745590105100745,998,669,605,877,567
synthetic_N1000_m2_hetb,1.5,case_I,89,20,0.3167381665569643,1180.45,6.0,0.0006128620994698301,0.0008954947120734908,4.099571000658214,128,261,351,324,194
synthetic_N1000_m2_hetb,1.5,case_I,90,200,0.6913370352777413,938.035,14.0,0.004424901583135402,0.001967849485428366,4.321281506111623,168,69,65,69,176
synthetic_N1000_m2_hetb,1.5,case_I,91,200,0.17857187817437192,3540.07,23.0,0.010568272535253484,0.0031679481399206973,18.892846801989446,29,33,35,33,21
synthetic_N1000_m2_hetb,1.5,case_I,92,200,0.39625616221698645,598.945,3.0,0.00014814649970931737,0.0005526631759217083,1.8112315133490406,240,670,810,778,591
synthetic_N1000_m2_hetb,1.5,case_I,93,200,0.0058245951079809455,2989.245,9.0,0.001727577925113318,0.0012889487747242039,8.947578644028171,40,131,156,158,65
synthetic_N1000_m2_hetb,1.5,case_I,94,200,0.2624947127501015,4237.755,32.0,0.021804196242481234,0.004356209627063191,23.600169191996752,18,17,16,17,13
synthetic_N1000_m2_hetb,1.5,case_I,95,200,0.42118881422895527,2903.655,20.0,0.010018146863663629,0.0027031520758615127,11.576223715420895,41,41,39,44,44
synthetic_N1000_m2_hetb,1.5,case_I,96,20,0.10592123670732445,667.15,3.0,0.00024838607593329716,0.000568471061141866,2.6822362898780265,221,671,637,700,376
synthetic_N1000_m2_hetb,1.5,case_I,97,200,0.6331599460365578,1845.645,26.0,0.014182322161815994,0.0035206080808394074,9.537841403049498,68,28,27,28,64
synthetic_N1000_m2_hetb,1.5,case_I,98,20,0.38042426988653233,179.9,11.0,0.0038999669661585997,0.001602932081779329,6.815333031248144,372,98,81,97,94
synthetic_N1000_m2_hetb,1.5,case_I,99,20,0.7252939380762389,1206.15,8.0,0.0013523365068187844,0.0011746088622401078,2.197648495390089,124,167,197,187,493
synthetic_N1000_m2_hetb,1.5,case_I,100,20,0.6538660110683944,-157.0,4.0,0.00032930061581284265,0.0006847259206584032,1.3845359557264225,606,458,548,500,684
synthetic_N1000_m2_hetb,1.5,case_I,101,20,0.4312267487774062,-87.25,3.0,0.00020656891963033696,0.0005453552212796233,1.7063197536677814,583,672,711,819,610
synthetic_N1000_m2_hetb,1.5,case_I,102,20,0.8673205056421992,-1783.15,7.0,0.0014892509471500324,0.0010798118461340439,0.9287564605046056,959,209,184,219,778
synthetic_N1000_m2_hetb,1.5,case_I,103,200,0.632135117500167,1102.23,14.0,0.0033692936865003993,0.0018861216412199417,5.150108354997661,140,70,92,77,138
synthetic_N1000_m2_hetb,1.5,case_I,104,20,0.8102743521062991,-605.45,3.0,7.811131091887714e-05,0.0005178475493312323,0.5691769436811028,732,673,973,965,860
synthetic_N1000_m2_hetb,1.5,case_I,105,20,0.341794723940113,1128.6,4.0,0.00048186233442141813,0.0006910890188077342,2.632821104239548,136,459,416,478,391
synthetic_N1000_m2_hetb,1.5,case_I,106,20,0.5436692896684556,929.9,4.0,0.00019478395459407997,0.0006303280873973828,1.8253228413261775,170,460,731,630,585
synthetic_N1000_m2_hetb,1.5,case_I,107,200,0.1962968851147534,2814.85,15.0,0.005460363853207518,0.0021284208697732216,12.055546723278699,42,63,51,61,39
synthetic_N1000_m2_hetb,1.5,case_I,108,20,0.9961411901186279,0.0,3.0,0.0004248588825119548,0.000573174272091015,0.011576429644116315,435,674,458,678,995
synthetic_N1000_m2_hetb,1.5,case_I,109,20,0.24321546430632712,831.6,6.0,0.0008936979178876624,0.0009522678544030994,4.540707214162037,191,262,267,272,167
synthetic_N1000_m2_hetb,1.5,case_I,110,200,0.25686746722710274,1612.005,5.0,0.0004439819219873083,0.0007451296735692624,3.715662663864486,89,342,442,442,229
synthetic_N1000_m2_hetb,1.5,case_I,111,20,0.07319007239096598,-344.25,3.0,0.0001774111358494037,0.000556847664994679,2.780429782827102,656,675,752,744,354
synthetic_N1000_m2_hetb,1.5,case_I,112,20,0.2578031189967366,-859.25,6.0,0.0007345301619934892,0.0009060195110549075,4.45318128601958,794,263,312,317,172
synthetic_N1000_m2_hetb,1.5,case_I,113,20,0.7631285325440532,570.05,3.0,0.00010383683395602216,0.0005205067150417461,0.7106144023678403,245,676,925,959,819
synthetic_N1000_m2_hetb,1.5,case_I,114,20,0.6978935706830813,-2086.9,6.0,0.0006189813585913892,0.0009304579826316572,1.812638575901512,981,264,347,296,590
synthetic_N1000_m2_hetb,1.5,case_I,115,20,0.12867321231716944,-1177.7,4.0,0.00016529045656589426,0.0006523011041068558,3.4853071507313222,857,461,783,597,257
synthetic_N1000_m2_hetb,1.5,case_I,116,200,0.37623850142809423,1492.54,14.0,0.003233689054105179,0.0019400051494208035,8.732660980006681,100,71,99,73,69
synthetic_N1000_m2_hetb,1.5,case_I,117,20,0.4209213946174629,623.15,3.0,0.0001224040503607904,0.0005306934130227519,1.7372358161476114,231,677,880,909,605
synthetic_N1000_m2_hetb,1.5,case_I,118,20,0.6649842463619607,26.3,9.0,0.001528138587450985,0.0012817478828322155,3.0151417827423534,412,132,177,161,300
synthetic_N1000_m2_hetb,1.5,case_I,119,20,0.45592896304374886,-338.8,3.0,9.687439886275724e-05,0.0005694732763116277,1.6322131108687534,655,678,941,694,626
synthetic_N1000_m2_hetb,1.5,case_I,120,20,0.5865183268255314,0.0,3.0,0.00012732660139523698,0.0005511625560348651,1.2404450195234058,436,679,863,786,710
synthetic_N1000_m2_hetb,1.5,case_I,121,20,0.8396846036089424,-307.9,4.0,0.0003870162927609235,0.0006933641410499741,0.6412615855642305,650,462,488,472,835
synthetic_N1000_m2_hetb,1.5,case_I,122,200,0.7264736103123705,578.175,23.0,0.010135863831053185,0.0031246312674870175,6.29110696281548,244,34,38,34,105
synthetic_N1000_m2_hetb,1.5,case_I,123,20,0.36500726350855894,661.25,4.0,0.00018105155921077724,0.000688104518060366,2.5399709459657642,224,463,747,482,416
synthetic_N1000_m2_hetb,1.5,case_I,124,20,0.44839630934448427,1548.15,3.0,9.373714347413387e-05,0.0005570882008317758,1.6548110719665472,95,680,948,742,621
synthetic_N1000_m2_hetb,1.5,case_I,125,20,0.3676995696900066,-1944.8,3.0,0.00022470703770417264,0.0005442641910505216,1.8969012909299803,972,681,675,822,563
synthetic_N1000_m2_hetb,1.5,case_I,126,200,0.10973466400669674,3021.845,11.0,0.0022023755902267485,0.0015283570718633563,9.792918695926335,39,99,128,111,59
synthetic_N1000_m2_hetb,1.5,case_I,127,20,0.2032415440873966,1321.05,3.0,7.478666567942015e-05,0.0005948968600623784,2.3902753677378104,115,682,975,643,443
synthetic_N1000_m2_hetb,1.5,case_I,128,200,0.2838064889441311,526.24,3.0,0.00013885304479243152,0.0005459073457092047,2.148580533167607,252,683,830,816,507
synthetic_N1000_m2_hetb,1.5,case_I,129,20,0.3141338956023022,971.1,3.0,0.0001517810575736387,0.0005167463141119088,2.0575983131930933,160,684,798,973,532
synthetic_N1000_m2_hetb,1.5,case_I,130,200,0.3130478588199377,1142.055,5.0,0.00036275859117475425,0.0007787826292658421,3.4347607059003114,134,343,510,418,261
synthetic_N1000_m2_hetb,1.5,case_I,131,20,0.576699716252952,653.05,4.0,0.0002113225924019852,0.0006683367401187029,1.693201134988192,225,464,701,545,613
synthetic_N1000_m2_hetb,1.5,case_I,132,20,0.9716899756197547,0.0,8.0,0.001350103079598178,0.0011318775160725927,0.2264801950419626,437,168,198,203,936
synthetic_N1000_m2_hetb,1.5,case_I,133,20,0.774664134923732,-605.45,4.0,0.00012520203008619453,0.000641556286754429,0.9013434603050721,733,465,871,621,783
synthetic_N1000_m2_hetb,1.5,case_I,134,20,0.7911339481728052,203.75,3.0,0.00031760938715922065,0.0005435447474510575,0.6265981554815843,348,685,563,829,844
synthetic_N1000_m2_hetb,1.5,case_I,135,20,0.75926850053958,-1165.4,4.0,0.0003740736078156933,0.0006752235906524256,0.9629259978416802,855,466,500,527,775
synthetic_N1000_m2_hetb,1.5,case_I,136,20,0.5969877305237564,-1450.45,8.0,0.0015372865896521222,0.001214295181370095,3.2240981558099486,918,169,174,172,277
synthetic_N1000_m2_hetb,1.5,case_I,137,20,0.9176922571709127,152.85,5.0,0.0005799806812453342,0.0007923936979289973,0.4115387141454363,379,344,366,398,902
synthetic_N1000_m2_hetb,1.5,case_I,138,200,0.689630155447081,838.07,20.0,0.007390328930134258,0.0027291409644356695,6.207396891058381,188,42,46,41,107
synthetic_N1000_m2_hetb,1.5,case_I,139,20,0.500356430736871,-1485.6,3.0,0.0002295033171597451,0.0005853633032048308,1.4989307077893872,926,686,664,651,656
synthetic_N1000_m2_hetb,1.5,case_I,140,20,0.07708380850053875,-1223.55,4.0,0.00016589716411542386,0.0006691111293334767,3.691664765997845,884,467,782,544,233
synthetic_N1000_m2_hetb,1.5,case_I,141,20,0.48844922708552385,-1480.95,5.0,0.0005411436472234196,0.0007875655226676709,2.5577538645723807,923,345,387,402,410
synthetic_N1000_m2_hetb,1.5,case_I,142,200,0.21283099534033434,1642.77,9.0,0.0014396174722521465,0.0013468529050627595,7.084521041936991,87,133,189,134,90
synthetic_N1000_m2_hetb,1.5,case_I,143,20,0.13269629754678725,517.0,3.0,0.00023481614989028827,0.0005354261787454842,2.6019111073596384,255,687,659,878,401
synthetic_N1000_m2_hetb,1.5,case_I,144,20,0.506064922529373,485.95,4.0,0.0003935645616057355,0.0007052639720810342,1.9757403098825081,263,468,480,456,547
synthetic_N1000_m2_hetb,1.5,case_I,145,200,0.785085292596959,820.39,12.0,0.0027008812897217974,0.0017021348218863627,2.5789764888364917,194,88,112,91,405
synthetic_N1000_m2_hetb,1.5,case_I,146,20,0.29500644280551946,-64.1,3.0,0.000106900243544966,0.000570257519840768,2.1149806715834414,575,688,917,689,518
synthetic_N1000_m2_hetb,1.5,case_I,147,20,0.7687717599091665,-1321.25,8.0,0.001766777797408711,0.0011576299561926354,1.8498259207266683,896,170,152,197,576
synthetic_N1000_m2_hetb,1.5,case_I,148,20,0.5256295231622541,-553.35,4.0,0.0004133535022595134,0.0006713306301742623,1.8974819073509837,706,469,466,535,562
synthetic_N1000_m2_hetb,1.5,case_I,149,20,0.14904802337071255,586.25,8.0,0.0016139362373674751,0.0012348866301519588,6.8076158130343,242,171,163,167,95
synthetic_N1000_m2_hetb,1.5,case_I,150,20,0.9649677439797357,0.0,3.0,0.0002428935416576134,0.0005517597755348223,0.10509676806079282,438,689,644,784,976
synthetic_N1000_m2_hetb,1.5,case_I,151,20,0.4016362238885175,397.55,3.0,0.00016119810804882389,0.0005247929887380014,1.7950913283344474,288,690,787,944,596
synthetic_N1000_m2_hetb,1.5,case_I,152,20,0.2952342556626958,116.5,3.0,0.00013162853775510873,0.0005845058481705861,2.1142972330119125,391,691,854,654,519
synthetic_N1000_m2_hetb,1.5,case_I,153,20,0.8469983706337296,39.55,5.0,0.0002980032803081228,0.0007706569061115239,0.7650081468313519,407,346,581,427,806
synthetic_N1000_m2_hetb,1.5,case_I,154,20,0.12446033251547983,-659.1,3.0,0.00012652592964361862,0.0005560237055789346,2.6266190024535607,762,692,866,750,394
synthetic_N1000_m2_hetb,1.5,case_I,155,20,0.7335904610737034,-1750.55,6.0,0.001009663187020918,0.0009723923314332943,1.5984572335577796,955,265,246,260,634
synthetic_N1000_m2_hetb,1.5,case_I,156,200,0.18782474256546833,2561.9,17.0,0.0047375130728139776,0.002297863960108212,13.806979376387039,47,49,61,50,31
synthetic_N1000_m2_hetb,1.5,case_I,157,20,0.39249177601258245,1017.2,3.0,3.8720467200736745e-05,0.0004954045167984396,1.8225246719622525,150,693,999,997,586
synthetic_N1000_m2_hetb,1.5,case_I,158,20,0.23189987846213844,-1145.7,9.0,0.0017398144806534401,0.0012930628669689914,6.912901093840754,853,134,155,156,93
synthetic_N1000_m2_hetb,1.5,case_I,159,20,0.8412279926923869,-307.9,3.0,0.00011228591780593604,0.0005466183029445792,0.4763160219228393,651,694,905,809,886
synthetic_N1000_m2_hetb,1.5,case_I,160,20,0.39007455193986174,0.0,3.0,0.0001387179365066579,0.0005353426821140601,1.8297763441804147,439,695,831,879,583
synthetic_N1000_m2_hetb,1.5,case_I,161,20,0.9746928128822893,232.55,4.0,0.0003241617120177896,0.0006537711072584185,0.10122874847084296,331,470,553,589,980
synthetic_N1000_m2_hetb,1.5,case_I,162,20,0.6252614844151068,0.0,4.0,0.00043774011008242835,0.000686178408833091,1.498954062339573,440,471,448,491,655
synthetic_N1000_m2_hetb,1.5,case_I,163,200,0.6936228347029152,1238.025,28.0,0.015163987425465009,0.003765717872487815,8.578560628318375,122,25,25,25,71
synthetic_N1000_m2_hetb,1.5,case_I,164,20,0.5215251221324175,-973.95,7.0,0.0009957415572060392,0.0010483768645173125,3.3493241450730773,821,210,251,235,271
synthetic_N1000_m2_hetb,1.5,case_I,165,20,0.30896819907559114,443.45,3.0,6.35516048596573e-05,0.0005419448819116295,2.0730954027732267,274,696,989,842,529
synthetic_N1000_m2_hetb,1.5,case_I,166,20,0.3955564210524287,0.0,3.0,0.00013149346818035296,0.0005873470115382747,1.8133307368427138,441,697,855,650,589
synthetic_N1000_m2_hetb,1.5,case_I,167,20,0.9409341876619017,0.0,9.0,0.001547968820945348,0.0013332762051889732,0.5315923110428844,442,135,173,136,871
synthetic_N1000_m2_hetb,1.5,case_I,168,20,0.20120320072466447,316.6,10.0,0.0031866546476889304,0.001436981843444174,7.987967992753355,309,116,102,123,80
synthetic_N1000_m2_hetb,1.5,case_I,169,20,0.9882189012202123,0.0,4.0,0.00023732072400558938,0.0006758477814173085,0.0471243951191509,443,472,654,526,991
synthetic_N1000_m2_hetb,1.5,case_I,170,20,0.7583058620038184,-888.1,3.0,0.00022040567615672356,0.0005210504728221178,0.7250824139885447,800,698,681,956,814
synthetic_N1000_m2_hetb,1.5,case_I,171,200,0.35978692649261024,9703.39,58.0,0.038847733132791926,0.007520141336127491,37.13235826342861,3,5,7,5,2
synthetic_N1000_m2_hetb,1.5,case_I,172,20,0.6415135895056033,925.25,3.0,6.876728264217942e-05,0.0005088190142627632,1.07545923148319,171,699,987,987,750
synthetic_N1000_m2_hetb,1.5,case_I,173,20,0.38098153929308753,141.9,3.0,0.00017132128515074757,0.0005233512494745873,1.8570553821207374,384,700,762,949,574
synthetic_N1000_m2_hetb,1.5,case_I,174,200,0.38149293263992,1647.985,10.0,0.0033149898603416915,0.001451731348569703,6.1850706736008,86,117,94,121,108
synthetic_N1000_m2_hetb,1.5,case_I,175,20,0.5038029501945296,362.9,8.0,0.00213319016238633,0.001251728412221664,3.9695763984437633,296,172,130,165,200
synthetic_N1000_m2_hetb,1.5,case_I,176,20,0.016722821635377083,-630.1,5.0,0.0004001184834673384,0.0007862356974824719,4.916385891823115,756,347,473,406,147
synthetic_N1000_m2_hetb,1.5,case_I,177,200,0.4935715599433962,2146.085,20.0,0.008229397892431335,0.0027061701464608833,10.128568801132076,53,43,43,43,53
synthetic_N1000_m2_hetb,1.5,case_I,178,200,0.971598413446888,-468.155,14.0,0.004599897162494349,0.001924963186975765,0.3976222117435677,683,72,64,74,905
synthetic_N1000_m2_hetb,1.5,case_I,179,20,0.28546522878557845,1135.7,6.0,0.0006889549286818777,0.0008837104569061277,4.287208627286529,135,266,326,325,177
synthetic_N1000_m2_hetb,1.5,case_I,180,20,0.7482179590766121,-762.55,9.0,0.0019318984188868161,0.0012875662796317795,2.2660383683104905,775,136,141,159,477
synthetic_N1000_m2_hetb,1.5,case_I,181,20,0.44278889007049504,760.15,3.0,0.0001832106039954495,0.0005377029936535524,1.6716333297885149,204,701,745,860,617
synthetic_N1000_m2_hetb,1.5,case_I,182,20,0.20928104261778546,-560.25,3.0,0.0001328613482836125,0.0005704461253675278,2.3721568721466437,710,702,847,688,448
synthetic_N1000_m2_hetb,1.5,case_I,183,20,0.9050025708181295,0.0,5.0,0.0003941298488796284,0.0008026616252198133,0.4749871459093524,444,348,478,380,887
synthetic_N1000_m2_hetb,1.5,case_I,184,200,0.016827284680212995,1425.915,6.0,0.001460875664922262,0.0009634428752035211,5.899036291918722,106,267,188,265,116
synthetic_N1000_m2_hetb,1.5,case_I,185,20,0.3035089265995107,1544.15,3.0,0.00020412905762359196,0.0005547843215273,2.089473220201468,96,703,714,758,525
synthetic_N1000_m2_hetb,1.5,case_I,186,20,0.9990258823239375,0.0,4.0,0.0006987040961093986,0.0007024999488059078,0.0038964707042499214,445,473,323,462,998
synthetic_N1000_m2_hetb,1.5,case_I,187,200,0.2621467961899895,3748.625,12.0,0.003954885646550957,0.001650804650393222,8.854238445720126,22,89,78,95,67
synthetic_N1000_m2_hetb,1.5,case_I,188,20,0.849044521859272,-561.35,4.0,0.00048257571280481453,0.0006886069621746627,0.6038219125629118,711,474,414,481,847
synthetic_N1000_m2_hetb,1.5,case_I,189,20,0.6056831486557043,-1375.0,4.0,0.00015516615470165083,0.0006267146873580958,1.577267405377183,902,475,796,634,637
synthetic_N1000_m2_hetb,1.5,case_I,190,20,0.8060357075271236,-1380.15,3.0,0.000148856026343117,0.0005415932447904793,0.5818928774186292,905,704,807,844,857
synthetic_N1000_m2_hetb,1.5,case_I,191,20,0.6303177554434782,-515.65,4.0,0.0002978622330284013,0.0006496174566416573,1.478728978226087,700,476,582,604,661
synthetic_N1000_m2_hetb,1.5,case_I,192,20,0.3626968570578484,0.0,4.0,0.00033105331073191426,0.0006848632552142,2.5492125717686065,446,477,545,498,414
synthetic_N1000_m2_hetb,1.5,case_I,193,20,0.7607887845834825,0.0,3.0,0.00013783682198268546,0.000531359723261018,0.7176336462495524,447,705,833,906,816
synthetic_N1000_m2_hetb,1.5,case_I,194,200,0.026484548903972338,8060.7,32.0,0.014724071874091181,0.0041675877158963625,31.152494435072885,8,18,26,20,7
synthetic_N1000_m2_hetb,1.5,case_I,195,20,0.4468129517344519,262.85,4.0,0.0003857891233008342,0.0006849003477153953,2.2127481930621924,320,478,491,497,488
synthetic_N1000_m2_hetb,1.5,case_I,196,20,0.371854569870106,-1298.5,3.0,0.0001438014577814763,0.000533211502244565,1.884436290389682,894,706,820,895,566
synthetic_N1000_m2_hetb,1.5,case_I,197,20,0.4770740056373495,-620.85,7.0,0.0008707105990130643,0.0010277577702360356,3.6604819605385535,755,211,278,247,239
synthetic_N1000_m2_hetb,1.5,case_I,198,200,0.1276206864960696,8938.69,29.0,0.0157346458708683,0.0039174196023348765,25.29900009161398,5,23,23,24,12
synthetic_N1000_m2_hetb,1.5,case_I,199,20,0.22250686594627245,-1231.7,5.0,0.00037311204533292246,0.0007941550574942966,3.8874656702686377,885,349,502,394,210
synthetic_N1000_m2_hetb,1.5,case_I,200,20,0.5620515900997094,-1177.7,3.0,0.00016298830205192685,0.0005709219468846847,1.3138452297008718,858,707,786,686,699
synthetic_N1000_m2_hetb,1.5,case_I,201,20,0.38776911565595396,-913.35,3.0,0.00010464820568165014,0.0005529305156303222,1.8366926530321381,805,708,923,772,581
synthetic_N1000_m2_hetb,1.5,case_I,202,20,0.7916562055903406,-190.3,5.0,0.000548322679347921,0.000815245875116537,1.0417189720482973,615,350,378,357,759
synthetic_N1000_m2_hetb,1.5,case_I,203,20,0.6051365892775145,0.0,3.0,0.00015768205890323055,0.0005237235863555412,1.1845902321674566,448,709,791,948,723
synthetic_N1000_m2_hetb,1.5,case_I,204,20,0.8612666847869941,0.0,4.0,0.00030511246352770853,0.0006945112396752613,0.5549332608520237,449,479,575,469,864
synthetic_N1000_m2_hetb,1.5,case_I,205,20,0.7323608373256045,894.3,5.0,0.00037576192899902155,0.0008078524280554545,1.3381958133719773,177,351,498,372,693
synthetic_N1000_m2_hetb,1.5,case_I,206,200,0.601823447758565,1723.195,21.0,0.00814515634802967,0.0028415968252240693,8.361707597070135,79,37,44,38,75
synthetic_N1000_m2_hetb,1.5,case_I,207,20,0.2876156021959957,695.5,3.0,0.0002188620017574588,0.000577865756081398,2.137153193412013,215,710,684,670,513
synthetic_N1000_m2_hetb,1.5,case_I,208,20,0.7827604679261685,908.25,4.0,0.00028511829626210676,0.0006653354508781508,0.868958128295326,175,480,592,551,787
synthetic_N1000_m2_hetb,1.5,case_I,209,20,0.2512675781710818,1667.35,6.0,0.000839266581645074,0.000952187347380158,4.49239453097351,84,268,289,273,170
synthetic_N1000_m2_hetb,1.5,case_I,210,20,0.07521111181440443,-511.2,3.0,0.0001247537326939348,0.0005695184201571855,2.7743666645567866,699,711,876,693,355
synthetic_N1000_m2_hetb,1.5,case_I,211,20,0.9628645784432278,-605.45,3.0,0.00016367647665018197,0.0005935951695396021,0.11140626467031656,734,712,785,644,972
synthetic_N1000_m2_hetb,1.5,case_I,212,20,0.5400112050964692,-1305.85,3.0,9.256474075787904e-05,0.0005458655607474372,1.3799663847105925,895,713,953,817,685
synthetic_N1000_m2_hetb,1.5,case_I,213,20,0.7738942975498113,-401.7,6.0,0.0008928711450601629,0.0009264862883715328,1.356634214701132,667,269,269,300,690
synthetic_N1000_m2_hetb,1.5,case_I,214,20,0.5292228076303601,-1697.3,3.0,6.32422717903752e-05,0.0005095228672174486,1.4123315771089198,947,714,990,985,679
synthetic_N1000_m2_hetb,1.5,case_I,215,200,0.6115797303718215,417.82,4.0,0.0002932529900536729,0.0006492539890306714,1.5536810785127142,283,481,584,607,643
synthetic_N1000_m2_hetb,1.5,case_I,216,20,0.03389225051650624,1987.1,10.0,0.002665438383196185,0.0014551789679158684,9.661077494834938,57,118,113,119,62
synthetic_N1000_m2_hetb,1.5,case_I,217,20,0.18679367935380853,622.9,4.0,0.00041472392798622674,0.0006796406773320041,3.252825282584766,232,482,465,519,275
synthetic_N1000_m2_hetb,1.5,case_I,218,200,0.6746893954347775,275.85,13.0,0.004021857897434358,0.0018693777537173413,4.229037859347893,317,79,76,78,182
synthetic_N1000_m2_hetb,1.5,case_I,219,20,0.5705645979524983,-584.1,7.0,0.0008876871803976588,0.001112176925068202,3.0060478143325122,717,212,272,207,303
synthetic_N1000_m2_hetb,1.5,case_I,220,200,0.15855503398671267,3541.515,13.0,0.0036139987004617977,0.0017858242537768928,10.938784558172735,28,80,87,86,49
synthetic_N1000_m2_hetb,1.5,case_I,221,20,0.9520292687261848,0.0,3.0,0.00031206488557586294,0.0005809778669340826,0.1439121938214457,450,715,568,664,961
synthetic_N1000_m2_hetb,1.5,case_I,222,20,0.1543536325474043,-504.55,3.0,0.0001600351747553243,0.0005388559097531172,2.536939102357787,694,716,788,859,417
synthetic_N1000_m2_hetb,1.5,case_I,223,20,0.5103032497386853,-264.5,3.0,0.00012192098022071953,0.0005471190704943308,1.4690902507839438,634,717,881,806,662
synthetic_N1000_m2_hetb,1.5,case_I,224,20,0.14400287501925768,967.9,10.0,0.0013759468865175478,0.0013762893857451905,8.559971249807424,161,119,192,129,72
synthetic_N1000_m2_hetb,1.5,case_I,225,20,0.7173717261062347,-435.7,5.0,0.00036184643877369525,0.0007563140780774871,1.4131413694688266,679,352,511,434,678
synthetic_N1000_m2_hetb,1.5,case_I,226,200,0.27631301409515274,1338.915,4.0,0.00031894376771685425,0.0006487743220715656,2.894747943619389,113,483,560,609,331
synthetic_N1000_m2_hetb,1.5,case_I,227,20,0.13413397512178327,-1499.15,3.0,9.541265536883086e-05,0.0005532840924477112,2.59759807463465,930,718,943,769,402
synthetic_N1000_m2_hetb,1.5,case_I,228,20,0.04598718067051566,-1214.85,5.0,0.000563945244763005,0.0008459586300264984,4.770064096647422,883,353,372,330,156
synthetic_N1000_m2_hetb,1.5,case_I,229,20,0.17483553789762363,0.0,3.0,0.0003084890420395151,0.000546886971450412,2.475493386307129,451,719,571,807,425
synthetic_N1000_m2_hetb,1.5,case_I,230,20,0.1917987167235664,-646.8,6.0,0.0004992980939647895,0.0009955892372986793,4.849207699658601,759,270,408,256,149
synthetic_N1000_m2_hetb,1.5,case_I,231,20,0.5369720795717926,1034.05,4.0,0.00047365764782505136,0.0007094212274441499,1.8521116817128296,148,484,420,454,575
synthetic_N1000_m2_hetb,1.5,case_I,232,20,0.4510388861713912,894.3,4.0,0.00031480913617535256,0.0006977541798490906,2.195844455314435,178,485,566,468,494
synthetic_N1000_m2_hetb,1.5,case_I,233,20,0.9572943672535373,0.0,7.0,0.0008582878943366365,0.0010814592705791755,0.29893942922523864,452,213,283,216,924
synthetic_N1000_m2_hetb,1.5,case_I,234,20,0.9541513368666424,0.0,3.0,0.00012284517981832988,0.0005360941131421789,0.13754598940007268,453,720,879,871,963
synthetic_N1000_m2_hetb,1.5,case_I,235,20,0.7965461104684304,0.0,4.0,0.00016778167154359695,0.0006622745270079963,0.8138155581262785,454,486,775,564,799
synthetic_N1000_m2_hetb,1.5,case_I,236,20,0.6715876339807033,-85.35,3.0,0.00011270866920746605,0.0005279559084434267,0.9852370980578901,581,721,902,923,767
synthetic_N1000_m2_hetb,1.5,case_I,237,20,0.8450230915683464,-605.45,8.0,0.0008115370012406486,0.0011097175286534143,1.2398152674532286,735,173,296,209,711
synthetic_N1000_m2_hetb,1.5,case_I,238,20,0.9387518284798846,0.0,4.0,0.00044389568764356143,0.0006707333214244192,0.24499268608046165,455,487,443,539,933
synthetic_N1000_m2_hetb,1.5,case_I,239,200,0.022617728887002753,10838.975,41.0,0.03108261126642214,0.005446599667134401,40.07267311563289,1,11,11,11,1
synthetic_N1000_m2_hetb,1.5,case_I,240,20,0.1181052271508587,0.0,3.0,0.00011022584638730284,0.0005302810418144198,2.645684318547424,456,722,909,910,386
synthetic_N1000_m2_hetb,1.5,case_I,241,200,0.3602638846836431,2606.155,21.0,0.011305685690097454,0.0028378292470134475,13.434458421643495,46,38,33,39,32
synthetic_N1000_m2_hetb,1.5,case_I,242,20,0.09358685304259973,-401.7,7.0,0.0010809613048738827,0.0011269889608110058,6.344892028701802,668,214,232,204,103
synthetic_N1000_m2_hetb,1.5,case_I,243,20,0.5995244730532772,-401.7,4.0,0.00026143306785482526,0.0006526958713703422,1.6019021077868913,669,488,621,593,632
synthetic_N1000_m2_hetb,1.5,case_I,244,20,0.26036422234810863,1330.4,8.0,0.001038405873143595,0.0011616101843104493,5.917086221215131,114,174,244,194,115
synthetic_N1000_m2_hetb,1.5,case_I,245,20,0.2643397291323255,-481.9,5.0,0.0004979402925054979,0.0007687863791047964,3.6783013543383722,687,354,410,429,234
synthetic_N1000_m2_hetb,1.5,case_I,246,20,0.2883279886478656,-755.5,5.0,0.000502201001624969,0.0008088735164026117,3.558360056760672,774,355,407,369,247
synthetic_N1000_m2_hetb,1.5,case_I,247,200,0.09771565758439005,2528.795,13.0,0.004363337892633102,0.0018618289443985642,11.72969645140293,48,81,68,79,43
synthetic_N1000_m2_hetb,1.5,case_I,248,20,0.7409444532381589,0.0,3.0,0.00014174217845554669,0.0005603522869963326,0.7771666402855232,457,723,822,730,803
synthetic_N1000_m2_hetb,1.5,case_I,249,200,0.6506724295996501,1016.44,8.0,0.0011503312019643054,0.0011667921396028682,2.794620563202799,151,175,220,190,352
synthetic_N1000_m2_hetb,1.5,case_I,250,20,0.6065080906412624,352.75,3.0,0.0002089109041263905,0.000536076348007001,1.1804757280762126,299,724,709,872,725
synthetic_N1000_m2_hetb,1.5,case_I,251,20,0.03404558227777543,538.25,3.0,0.00022059240434002346,0.0005351473993014913,2.8978632531666735,251,725,679,881,329
synthetic_N1000_m2_hetb,1.5,case_I,252,200,0.4294641446388775,7763.845,55.0,0.0431360486840866,0.007142482214877864,31.37947204486174,9,6,5,6,6
synthetic_N1000_m2_hetb,1.5,case_I,253,20,0.6852035898998426,-153.75,7.0,0.0009500873588056622,0.0010643199903805174,2.2035748707011016,605,215,259,225,491
synthetic_N1000_m2_hetb,1.5,case_I,254,20,0.15634664990358638,-874.9,4.0,0.0004711990063891942,0.0006858683826264748,3.3746134003856545,797,489,423,494,268
synthetic_N1000_m2_hetb,1.5,case_I,255,20,0.3856578446575508,100.5,4.0,0.0005140383349519891,0.0007065409591438133,2.4573686213697967,392,490,399,455,429
synthetic_N1000_m2_hetb,1.5,case_I,256,20,0.019834145469936892,691.15,10.0,0.0018841153470508976,0.0014631028468532158,9.801658545300631,216,120,146,118,58
synthetic_N1000_m2_hetb,1.5,case_I,257,20,0.08185799707724206,222.55,3.0,7.009925589552682e-05,0.0005691707523633725,2.7544260087682737,339,726,983,698,360
synthetic_N1000_m2_hetb,1.5,case_I,258,20,0.2164535799990539,-636.25,6.0,0.0009281862654284224,0.0009240204769390759,4.701278520005676,757,271,262,301,162
synthetic_N1000_m2_hetb,1.5,case_I,259,20,0.41465016114124864,-1200.15,7.0,0.0008659085497864324,0.0009957617034190812,4.09744887201126,882,216,281,255,195
synthetic_N1000_m2_hetb,1.5,case_I,260,20,0.46324003628737986,-2262.85,7.0,0.001377990428553131,0.001038231452062814,3.757319745988341,989,217,191,244,223
synthetic_N1000_m2_hetb,1.5,case_I,261,20,0.884521531618113,0.0,3.0,0.000244455313552414,0.0005344734759662737,0.34643540514566107,458,727,643,884,913
synthetic_N1000_m2_hetb,1.5,case_I,262,200,0.3166584421740133,842.895,7.0,0.0011387416517993256,0.0010601344527422563,4.783390904781907,187,218,224,227,153
synthetic_N1000_m2_hetb,1.5,case_I,263,20,0.021463876277191374,-1073.55,3.0,4.8899443742567424e-05,0.0005185245730753425,2.935608371168426,840,728,995,962,321
synthetic_N1000_m2_hetb,1.5,case_I,264,20,0.8262233467711652,-605.45,3.0,0.00017012703319731255,0.0005527992869856235,0.5213299596865045,736,729,766,774,873
synthetic_N1000_m2_hetb,1.5,case_I,265,20,0.061846935373572776,-2065.8,4.0,0.00035458916448767304,0.0006874899273852804,3.752612258505709,979,491,517,484,224
synthetic_N1000_m2_hetb,1.5,case_I,266,20,0.09299199266222835,1288.15,4.0,0.00042969114470210723,0.0006570434599260247,3.6280320293510866,120,492,455,581,241
synthetic_N1000_m2_hetb,1.5,case_I,267,20,0.963181716739735,0.0,3.0,0.00019690572954217113,0.0005436868304303353,0.11045484978079512,459,730,725,828,973
synthetic_N1000_m2_hetb,1.5,case_I,268,20,0.7533654181283584,0.0,4.0,0.0002912936005445487,0.0006332872872383339,0.9865383274865662,460,493,586,628,766
synthetic_N1000_m2_hetb,1.5,case_I,269,20,0.33785420277925504,637.7,3.0,0.00023884068586838908,0.0005775472340400269,1.9864373916622349,227,731,651,671,544
synthetic_N1000_m2_hetb,1.5,case_I,270,20,0.13217884161919569,1481.3,6.0,0.0007328762115493859,0.0009007915424841387,5.206926950284826,102,272,313,320,133
synthetic_N1000_m2_hetb,1.5,case_I,271,20,0.38673057317186155,-726.05,9.0,0.0018406193550406992,0.0012679123992036761,5.519424841453246,767,137,147,162,128
synthetic_N1000_m2_hetb,1.5,case_I,272,20,0.33919489278017356,914.8,3.0,8.362508914490325e-05,0.0005331975393831391,1.9824153216594793,173,732,966,896,546
synthetic_N1000_m2_hetb,1.5,case_I,273,20,0.8744412014424732,0.0,6.0,0.0007634274079001868,0.0008960237232205493,0.753352791345161,461,273,306,323,808
synthetic_N1000_m2_hetb,1.5,case_I,274,200,0.41875301731404,1093.64,8.0,0.00114357061650758,0.0011780777157377738,4.64997586148768,141,176,223,186,164
synthetic_N1000_m2_hetb,1.5,case_I,275,200,0.08204500601562204,5941.07,32.0,0.019831216143556932,0.004278411551093587,29.374559807500095,12,19,18,18,9
synthetic_N1000_m2_hetb,1.5,case_I,276,20,0.9268052023585862,867.65,9.0,0.0028055805101008567,0.0012590962623865744,0.6587531787727241,185,138,110,164,831
synthetic_N1000_m2_hetb,1.5,case_I,277,20,0.6223133637152601,-1177.7,4.0,0.00019160835612203026,0.0006417778871847561,1.5107465451389595,859,494,739,620,652
synthetic_N1000_m2_hetb,1.5,case_I,278,200,0.11670985678100221,6229.945,30.0,0.0158457898068037,0.004014141026280468,26.498704296569933,10,22,22,22,10
synthetic_N1000_m2_hetb,1.5,case_I,279,200,0.11317416004642233,3568.71,26.0,0.013482797053503278,0.0035143063264657555,23.05747183879302,26,29,29,29,14
synthetic_N1000_m2_hetb,1.5,case_I,280,200,0.46593324116426427,383.67,4.0,0.0003647352728719654,0.0006637379537586883,2.136267035342943,290,495,508,557,515
synthetic_N1000_m2_hetb,1.5,case_I,281,200,0.09208896568911618,2030.745,6.0,0.0006142423034837335,0.0009133083793155443,5.447466205865303,56,274,350,307,131
synthetic_N1000_m2_hetb,1.5,case_I,282,200,0.6317521922027585,1012.135,13.0,0.004370905670054925,0.0017932967367634174,4.78722150136414,152,82,67,85,151
synthetic_N1000_m2_hetb,1.5,case_I,283,20,0.6163837910949103,-769.3,4.0,0.000791317054189577,0.000657782934955892,1.534464835620359,779,496,299,579,650
synthetic_N1000_m2_hetb,1.5,case_I,284,20,0.032081348618153704,-364.35,9.0,0.002028883309204006,0.0013316543880710293,8.711267862436618,660,139,135,138,70
synthetic_N1000_m2_hetb,1.5,case_I,285,20,0.8074227810412945,22.1,6.0,0.000715374118258266,0.0009034879041142259,1.155463313752233,414,275,319,318,730
synthetic_N1000_m2_hetb,1.5,case_I,286,20,0.7867947609394985,-502.45,3.0,4.736943903281174e-05,0.0005027978723686996,0.6396157171815045,692,733,996,993,837
synthetic_N1000_m2_hetb,1.5,case_I,287,20,0.9153082686153085,0.0,7.0,0.0009952491681936126,0.001058093698518822,0.5928421196928408,462,219,252,230,852
synthetic_N1000_m2_hetb,1.5,case_I,288,200,0.6703066467384771,49.565,4.0,0.0004167158529533294,0.0006664021844743104,1.3187734130460917,403,497,464,548,698
synthetic_N1000_m2_hetb,1.5,case_I,289,20,0.6928622323352233,-1177.7,3.0,9.111624499213538e-05,0.0005740430728898762,0.9214133029943302,860,734,957,677,780
synthetic_N1000_m2_hetb,1.5,case_I,290,20,0.1637416544531679,-130.7,4.0,0.00044229209147670566,0.0007153199407981276,3.3450333821873284,602,498,447,450,272
synthetic_N1000_m2_hetb,1.5,case_I,291,20,0.023888813978811707,245.5,3.0,9.419910588356305e-05,0.000516650750539109,2.928333558063565,326,735,945,974,322
synthetic_N1000_m2_hetb,1.5,case_I,292,20,0.06556315241841992,1977.7,4.0,0.0002827960657583469,0.0006803435770076206,3.7377473903263203,58,499,595,514,226
synthetic_N1000_m2_hetb,1.5,case_I,293,20,0.9644613401603573,0.0,4.0,0.00027812820248710807,0.0006722342003130817,0.14215463935857064,463,500,603,534,962
synthetic_N1000_m2_hetb,1.5,case_I,294,20,0.6457213655596336,-816.2,4.0,0.00035022192231482755,0.0006644414668866081,1.4171145377614658,788,501,523,554,677
synthetic_N1000_m2_hetb,1.5,case_I,295,20,0.9469066664934074,783.75,5.0,0.0006035097722391511,0.0007775533228437301,0.2654666675329631,198,356,356,420,929
synthetic_N1000_m2_hetb,1.5,case_I,296,20,0.3493843588720956,-1739.05,3.0,0.0001005534219114699,0.0005230280837149662,1.9518469233837132,951,736,931,951,554
synthetic_N1000_m2_hetb,1.5,case_I,297,200,0.755221576661414,911.355,15.0,0.003526597803406395,0.0020025638569072302,3.67167635007879,174,64,88,67,236
synthetic_N1000_m2_hetb,1.5,case_I,298,200,0.06539896536166678,1127.57,5.0,0.0004983671349797425,0.0007929039132088091,4.673005173191666,137,357,409,397,163
synthetic_N1000_m2_hetb,1.5,case_I,299,20,0.16620516559297116,989.55,8.0,0.0015575522343056608,0.0012361479427566993,6.670358675256231,156,177,172,166,98
synthetic_N1000_m2_hetb,1.5,case_I,300,20,0.27713333487199,1704.15,11.0,0.0030985787995951074,0.0015839043683674528,7.95153331640811,81,100,104,101,81
synthetic_N1000_m2_hetb,1.5,case_I,301,20,0.5503182517007417,-2091.05,5.0,0.0003178405073649624,0.0007806709413969712,2.2484087414962914,982,358,562,416,480
synthetic_N1000_m2_hetb,1.5,case_I,302,20,0.55740888009091,-1480.95,3.0,0.00021143962144448588,0.0005792283721190026,1.3277733597272698,924,737,698,668,697
synthetic_N1000_m2_hetb,1.5,case_I,303,20,0.4989864523070149,-601.4,6.0,0.0005103602218183218,0.0008742172316098243,3.0060812861579107,725,276,404,327,302
synthetic_N1000_m2_hetb,1.5,case_I,304,200,0.42446358463207756,974.805,4.0,0.0003432962327218048,0.000674811728517196,2.3021456614716898,158,502,528,528,463
synthetic_N1000_m2_hetb,1.5,case_I,305,20,0.5757051603390986,-2068.95,8.0,0.0019241905201369662,0.0011916422624946635,3.3943587172872114,980,178,143,180,266
synthetic_N1000_m2_hetb,1.5,case_I,306,20,0.9666623953878383,0.0,4.0,0.0007968900726076297,0.000718481457489803,0.13335041844864692,464,503,298,447,965
synthetic_N1000_m2_hetb,1.5,case_I,307,20,0.4580795604861192,1889.65,8.0,0.0009017067351426751,0.0011069352786973485,4.335363516111046,61,179,265,210,175
synthetic_N1000_m2_hetb,1.5,case_I,308,200,0.8374714217984048,1163.54,69.0,0.06359231258911059,0.00898294441479962,11.214471895910066,131,2,1,2,47
synthetic_N1000_m2_hetb,1.5,case_I,309,20,0.055871965031871196,1553.3,3.0,8.454521270460554e-05,0.0005088688276484073,2.8323841049043863,93,738,963,986,344
synthetic_N1000_m2_hetb,1.5,case_I,310,20,0.3855872572300576,22.1,3.0,0.00010578807821540774,0.0005596912494046702,1.8432382283098272,415,739,919,732,579
synthetic_N1000_m2_hetb,1.5,case_I,311,20,0.5604964436423991,-65.7,4.0,0.00042540564545265515,0.0006772126571548368,1.7580142254304034,576,504,456,521,599
synthetic_N1000_m2_hetb,1.5,case_I,312,20,0.6203205556549372,426.7,6.0,0.0008804572883303681,0.0009315176476732637,2.278076666070377,281,277,274,295,472
synthetic_N1000_m2_hetb,1.5,case_I,313,20,0.2500183399320113,-1445.75,4.0,0.0003909466581465803,0.000693470762002296,2.999926640271955,916,505,485,471,305
synthetic_N1000_m2_hetb,1.5,case_I,314,20,0.39929101348659524,-297.3,5.0,0.0006229743412348691,0.0008153326144523716,3.003544932567024,644,359,345,356,304
synthetic_N1000_m2_hetb,1.5,case_I,315,20,0.9470061687356901,0.0,3.0,0.00010914642043369298,0.000553446298733828,0.1589814937929297,465,740,912,767,953
synthetic_N1000_m2_hetb,1.5,case_I,316,20,0.648850754011949,-1135.6,6.0,0.0007900860044375109,0.0009091352961116,2.106895475928306,852,278,300,313,520
synthetic_N1000_m2_hetb,1.5,case_I,317,20,0.5849662484122946,-170.05,3.0,0.0001311288972588813,0.0005302478125429519,1.2451012547631162,611,741,856,911,709
synthetic_N1000_m2_hetb,1.5,case_I,318,200,0.06529871051984093,1422.435,3.0,0.0001569107082457498,0.0005358075451228304,2.8041038684404773,107,742,793,874,350
synthetic_N1000_m2_hetb,1.5,case_I,319,20,0.052176257643147705,438.35,9.0,0.0019962237253088565,0.0013541613044005646,8.530413681211671,276,140,137,133,73
synthetic_N1000_m2_hetb,1.5,case_I,320,20,0.21139844783206463,-1870.45,4.0,0.00021193251223350669,0.0006258687572443223,3.1544062086717415,968,506,696,635,287
synthetic_N1000_m2_hetb,1.5,case_I,321,20,0.137822775848633,-1593.35,4.0,0.0004316056631603441,0.0006704027375477981,3.448708896605468,943,507,452,540,259
synthetic_N1000_m2_hetb,1.5,case_I,322,20,0.9837499292732876,0.0,11.0,0.0020676303750481197,0.0015746186456786638,0.17875077799383599,466,101,134,104,949
synthetic_N1000_m2_hetb,1.5,case_I,323,20,0.002747147602664146,-856.85,3.0,0.00024457377938301135,0.0005440509703474174,2.9917585571920076,792,743,641,823,307
synthetic_N1000_m2_hetb,1.5,case_I,324,20,0.3658435291805171,218.9,6.0,0.0012412599959007596,0.0009419270442853833,3.8049388249168974,343,279,209,287,220
synthetic_N1000_m2_hetb,1.5,case_I,325,20,0.05842244962380161,-401.7,3.0,0.00018025324079976076,0.0005699766255545698,2.824732651128595,670,744,749,691,345
synthetic_N1000_m2_hetb,1.5,case_I,326,20,0.6400105583176766,0.0,3.0,0.0002754982508931369,0.0005498358688830424,1.0799683250469703,467,745,607,791,747
synthetic_N1000_m2_hetb,1.5,case_I,327,20,0.046533202074859115,-1106.35,5.0,0.00033152030546360794,0.0008102519627259208,4.767333989625705,845,360,544,366,157
synthetic_N1000_m2_hetb,1.5,case_I,328,20,0.0684096355417223,-1249.55,3.0,0.00011319308302135907,0.0005624738611757088,2.794771093374833,887,746,898,718,351
synthetic_N1000_m2_hetb,1.5,case_I,329,20,0.07994250560811889,1885.0,3.0,0.00023866528400688463,0.0005183371479473229,2.7601724831756433,63,747,652,963,358
synthetic_N1000_m2_hetb,1.5,case_I,330,200,0.2717851313028795,3452.595,17.0,0.004879174606746229,0.00222372227715222,12.379652767851049,35,50,58,53,37
synthetic_N1000_m2_hetb,1.5,case_I,331,20,0.5763580679966506,1112.0,3.0,0.00024996149823406353,0.0005761845604986193,1.2709257960100482,138,748,635,673,705
synthetic_N1000_m2_hetb,1.5,case_I,332,20,0.8054486176308537,-590.05,4.0,0.00021741439449962733,0.0006524692358750345,0.7782055294765851,722,508,687,595,802
synthetic_N1000_m2_hetb,1.5,case_I,333,20,0.2671915845012608,-105.05,3.0,0.00017003962018667418,0.0005566065908138901,2.1984252464962175,592,749,769,746,492
synthetic_N1000_m2_hetb,1.5,case_I,334,20,0.2831710565694664,-1579.4,3.0,8.325549124978895e-05,0.0005332126583030798,2.1504868302916007,940,750,967,894,505
synthetic_N1000_m2_hetb,1.5,case_I,335,20,0.824482143951937,-389.15,10.0,0.001489653347742102,0.001401286148721408,1.7551785604806303,662,121,183,127,601
synthetic_N1000_m2_hetb,1.5,case_I,336,20,0.7459483801763226,-290.0,7.0,0.0012804652186051409,0.0010280313935250006,1.778361338765742,643,220,204,246,597
synthetic_N1000_m2_hetb,1.5,case_I,337,20,0.12681474835733464,508.4,4.0,0.00012505087684261995,0.0006149641868505305,3.4927410065706614,258,509,874,638,256
synthetic_N1000_m2_hetb,1.5,case_I,338,20,0.8063489347063569,0.0,3.0,0.0002573725430209782,0.0005605306597131819,0.5809531958809292,468,751,627,729,858
synthetic_N1000_m2_hetb,1.5,case_I,339,20,0.8312511086352812,0.0,4.0,0.0002454353410042738,0.0007544506811030549,0.6749955654588753,469,510,640,436,825
synthetic_N1000_m2_hetb,1.5,case_I,340,20,0.17782578356710588,-1091.85,3.0,0.00015984182056308127,0.0005484295140520529,2.4665226492986823,843,752,789,801,428
synthetic_N1000_m2_hetb,1.5,case_I,341,20,0.6269479985725536,-547.65,6.0,0.0008344271639412586,0.0009070406296022304,2.2383120085646784,705,280,291,315,483
synthetic_N1000_m2_hetb,1.5,case_I,342,20,0.19674362182123795,1823.8,6.0,0.001503948766442862,0.0009401929420747184,4.819538269072572,70,281,179,290,150
synthetic_N1000_m2_hetb,1.5,case_I,343,20,0.24349271202808254,1188.05,5.0,0.0004735531872157395,0.0007716891752454485,3.7825364398595873,127,361,421,424,222
synthetic_N1000_m2_hetb,1.5,case_I,344,20,0.494005755328642,-221.05,5.0,0.00043359521612049395,0.0007852556989782458,2.52997122335679,627,362,450,408,418
synthetic_N1000_m2_hetb,1.5,case_I,345,20,0.5222200279508085,-248.45,3.0,9.254142542055572e-05,0.0005486668992447901,1.4333399161475746,630,753,954,799,673
synthetic_N1000_m2_hetb,1.5,case_I,346,20,0.4790335153981873,-808.95,3.0,0.00012775644883467228,0.0005836754474178041,1.5628994538054382,786,754,862,658,640
synthetic_N1000_m2_hetb,1.5,case_I,347,20,0.5411410533042087,264.05,4.0,0.0003456822447434072,0.000650118087423057,1.8354357867831652,319,511,526,601,582
synthetic_N1000_m2_hetb,1.5,case_I,348,20,0.21316467642545245,485.95,4.0,0.0003356715299648651,0.0006844213055624358,3.14734129429819,264,512,537,501,289
synthetic_N1000_m2_hetb,1.5,case_I,349,200,0.7785803681279121,2276.055,48.0,0.03463369444112677,0.006197524235676078,10.62814232986022,52,8,9,9,51
synthetic_N1000_m2_hetb,1.5,case_I,350,200,0.2778484120286083,1757.485,14.0,0.0040050508837352,0.0020001261452451337,10.110122231599483,77,73,77,68,54
synthetic_N1000_m2_hetb,1.5,case_I,351,20,0.9126832897191103,0.0,3.0,0.00010745670451609667,0.0005401155935788218,0.26195013084266916,470,755,914,850,930
synthetic_N1000_m2_hetb,1.5,case_I,352,200,0.5151553035895896,234.225,5.0,0.0005186568510010606,0.0008112763887478229,2.424223482052052,329,363,396,364,437
synthetic_N1000_m2_hetb,1.5,case_I,353,20,0.3036840529445848,-740.9,6.0,0.0005475432327729313,0.0009419040436256594,4.177895682332491,770,282,381,288,191
synthetic_N1000_m2_hetb,1.5,case_I,354,200,0.17438390250830016,878.47,3.0,0.00011800367068796971,0.0005240598710087133,2.4768482924750996,183,756,886,947,424
synthetic_N1000_m2_hetb,1.5,case_I,355,20,0.48520396241603025,-1971.95,3.0,0.00012670637560630116,0.0005291940850305978,1.5443881127519092,974,757,865,915,648
synthetic_N1000_m2_hetb,1.5,case_I,356,20,0.3762973001513523,-973.95,6.0,0.0007584354621583847,0.0009359942752938247,3.742216199091886,822,283,309,292,225
synthetic_N1000_m2_hetb,1.5,case_I,357,200,0.6230937907219327,888.16,12.0,0.003487203038287788,0.0016855232511024001,4.522874511336807,180,90,89,92,168
synthetic_N1000_m2_hetb,1.5,case_I,358,20,0.49845958262294987,-613.3,3.0,0.00013566142629729168,0.0005253301595914002,1.5046212521311504,749,758,837,940,653
synthetic_N1000_m2_hetb,1.5,case_I,359,20,0.03695969800069676,759.25,3.0,9.398310064794383e-05,0.0005552049941775035,2.8891209059979097,206,759,947,756,333
synthetic_N1000_m2_hetb,1.5,case_I,360,20,0.8330947688085336,237.2,8.0,0.001564849282086003,0.001217620873553838,1.335241849531731,328,180,171,171,694
synthetic_N1000_m2_hetb,1.5,case_I,361,20,0.051673939119395995,8.75,5.0,0.0006226941416028904,0.0007967798078510862,4.74163030440302,420,364,346,390,159
synthetic_N1000_m2_hetb,1.5,case_I,362,20,0.8275951638592104,-605.45,4.0,0.00029064847553824535,0.0006631907350902301,0.6896193445631584,737,513,587,558,821
synthetic_N1000_m2_hetb,1.5,case_I,363,20,0.8127496434167762,203.75,3.0,0.0002129987428967306,0.0005625682942504229,0.5617510697496713,349,760,693,717,861
synthetic_N1000_m2_hetb,1.5,case_I,364,20,0.9239831252875618,0.0,3.0,0.00012805723137784177,0.0005339749412843373,0.2280506241373147,471,761,861,888,935
synthetic_N1000_m2_hetb,1.5,case_I,365,20,0.6644010411515328,382.2,3.0,0.000105720373094449,0.0005433192438633382,1.0067968765454016,291,762,920,831,763
synthetic_N1000_m2_hetb,1.5,case_I,366,20,0.16062363410535052,229.4,4.0,0.0002928468505785067,0.0006614254573135614,3.357505463578598,334,514,585,566,269
synthetic_N1000_m2_hetb,1.5,case_I,367,20,0.44192941145403775,317.85,3.0,0.0002279433459559022,0.0005560249122492926,1.6742117656378868,307,763,671,748,616
synthetic_N1000_m2_hetb,1.5,case_I,368,200,0.43943266017047056,3492.745,27.0,0.012624434410273064,0.0035244404233392692,15.135318175397295,32,27,30,27,27
synthetic_N1000_m2_hetb,1.5,case_I,369,20,0.6323329864819148,-509.75,3.0,0.00022845508117639904,0.0005623742986083614,1.1030010405542554,697,764,669,719,744
synthetic_N1000_m2_hetb,1.5,case_I,370,20,0.3811375324040436,-97.6,4.0,0.00012046404151311099,0.0006200853632118597,2.4754498703838257,590,515,883,637,426
synthetic_N1000_m2_hetb,1.5,case_I,371,20,0.6756780879691183,612.15,4.0,0.0001760080490328227,0.0006428184108571967,1.2972876481235267,238,516,755,618,701
synthetic_N1000_m2_hetb,1.5,case_I,372,20,0.2039073800978377,-1537.15,3.0,9.341875669208247e-05,0.000534715559293724,2.388277859706487,933,765,950,883,445
synthetic_N1000_m2_hetb,1.5,case_I,373,20,0.3533507781465587,-1719.95,6.0,0.0004896884406733927,0.0009132333785967278,3.8798953311206477,948,284,412,308,211
synthetic_N1000_m2_hetb,1.5,case_I,374,20,0.5433134112873544,-858.8,5.0,0.0005905685486878667,0.000842357120988104,2.283432943563228,793,365,361,334,469
synthetic_N1000_m2_hetb,1.5,case_I,375,20,0.427651051214449,-1363.0,6.0,0.0005743392836016259,0.0009032651204231047,3.434093692713306,901,285,368,319,262
synthetic_N1000_m2_hetb,1.5,case_I,376,20,0.12252565076900024,518.2,3.0,0.00022485574242931284,0.0005221382093893198,2.632423047692999,254,766,674,955,392
synthetic_N1000_m2_hetb,1.5,case_I,377,20,0.9658281207625043,0.0,3.0,0.00020397444741582766,0.0005701915040101887,0.10251563771248695,472,767,715,690,978
synthetic_N1000_m2_hetb,1.5,case_I,378,20,0.6912954021364714,0.0,4.0,0.0003939065045386582,0.0007217564192391853,1.2348183914541142,473,517,479,445,713
synthetic_N1000_m2_hetb,1.5,case_I,379,20,0.8330350777910258,464.35,4.0,0.00046205949744085296,0.0006596172305457192,0.6678596888358967,272,518,432,570,828
synthetic_N1000_m2_hetb,1.5,case_I,380,20,0.3574607462891465,-1353.05,3.0,0.0004425603934505973,0.0005520421767928477,1.9276177611325607,899,768,445,782,557
synthetic_N1000_m2_hetb,1.5,case_I,381,20,0.9448959101690874,0.0,3.0,0.00012832282199210909,0.0005559531783607891,0.16531226949273792,474,769,860,752,951
synthetic_N1000_m2_hetb,1.5,case_I,382,200,0.8124471005528425,-92.235,17.0,0.005189199776006956,0.0024678231292651525,3.188399290601677,589,51,54,48,281
synthetic_N1000_m2_hetb,1.5,case_I,383,20,0.9795062455878859,-1177.7,3.0,0.00021919328550094918,0.0005333400309560361,0.06148126323634229,861,770,683,892,989
synthetic_N1000_m2_hetb,1.5,case_I,384,20,0.19739425238980546,144.6,9.0,0.0013378594673071895,0.0013622601172979913,7.223451728491751,383,141,201,130,88
synthetic_N1000_m2_hetb,1.5,case_I,385,20,0.4771694766007426,476.05,8.0,0.0012380317073548029,0.0012142587805102079,4.182644187194059,268,181,210,173,189
synthetic_N1000_m2_hetb,1.5,case_I,386,20,0.3858489940723694,-1006.45,4.0,0.00046252330560949865,0.0006991852533427437,2.4566040237105224,833,519,431,466,431
synthetic_N1000_m2_hetb,1.5,case_I,387,20,0.613894995603037,-2188.8,4.0,0.0003959295950474565,0.0006587004056139421,1.5444200175878522,986,520,475,572,647
synthetic_N1000_m2_hetb,1.5,case_I,388,20,0.25021973366796013,-1570.4,8.0,0.0014684990342668197,0.001291559182546338,5.998242130656319,938,182,187,157,111
synthetic_N1000_m2_hetb,1.5,case_I,389,200,0.10047228975068634,767.13,5.0,0.0006151599315967346,0.0007856681842506694,4.497638551246569,202,366,348,407,169
synthetic_N1000_m2_hetb,1.5,case_I,390,20,0.4766165868289146,-436.7,8.0,0.001484689320703849,0.0011935684494585326,4.187067305368683,680,183,186,179,187
synthetic_N1000_m2_hetb,1.5,case_I,391,20,0.6394719365196334,-1266.15,6.0,0.0008954093907812627,0.0009128186498369151,2.1631683808821993,889,286,266,309,502
synthetic_N1000_m2_hetb,1.5,case_I,392,20,0.3840154184913098,-52.1,6.0,0.0006884560292944446,0.0008707224897757109,3.695907489052141,573,287,327,328,232
synthetic_N1000_m2_hetb,1.5,case_I,393,200,0.9874393427162872,5.24,13.0,0.003662700739858606,0.0018159522638234431,0.16328854468826648,422,83,83,83,952
synthetic_N1000_m2_hetb,1.5,case_I,394,20,0.40598877214889817,748.85,8.0,0.0012012874921205087,0.0011647664341928486,4.752089822808815,208,184,214,193,158
synthetic_N1000_m2_hetb,1.5,case_I,395,20,0.29981554243781305,-605.45,3.0,8.680485897644126e-05,0.0005439002805237053,2.100553372686561,738,771,960,824,522
synthetic_N1000_m2_hetb,1.5,case_I,396,20,0.8138978250995115,-45.85,6.0,0.0008431383692622597,0.0009116440948544122,1.1166130494029312,571,288,286,310,739
synthetic_N1000_m2_hetb,1.5,case_I,397,20,0.46668980303279606,663.0,3.0,0.0002569661167779921,0.0005338039457674087,1.5999305909016117,222,772,628,890,633
synthetic_N1000_m2_hetb,1.5,case_I,398,20,0.27321678269920713,825.4,4.0,0.0002109987429651694,0.0006277633944198256,2.9071328692031715,192,521,702,633,325
synthetic_N1000_m2_hetb,1.5,case_I,399,20,0.28649102447160646,-54.5,4.0,0.0003641566085897563,0.0007178581538819294,2.854035902113574,574,522,509,449,340
synthetic_N1000_m2_hetb,1.5,case_I,400,20,0.9471557892442384,0.0,3.0,0.00021963572923882547,0.0005171586139487221,0.15853263226728487,475,773,682,972,954
synthetic_N1000_m2_hetb,1.5,case_I,401,200,0.961736748159922,150.755,16.0,0.004131067825946084,0.0021482614573912636,0.6122120294412472,380,53,73,60,846
synthetic_N1000_m2_hetb,1.5,case_I,402,20,0.6462368962429871,1682.35,3.0,0.0006564363490496522,0.0005426188231427128,1.0612893112710386,83,774,332,835,755
synthetic_N1000_m2_hetb,1.5,case_I,403,20,0.2787679766747637,-914.85,3.0,0.0001944182162235961,0.0005262183110717176,2.1636960699757086,808,775,733,935,500
synthetic_N1000_m2_hetb,1.5,case_I,404,20,0.7113690437189849,0.0,3.0,0.00017129076940244488,0.000552947969980922,0.8658928688430453,476,776,763,771,788
synthetic_N1000_m2_hetb,1.5,case_I,405,200,0.2167694819361088,10058.37,45.0,0.03407659030467068,0.005903132599677267,35.2453733128751,2,10,10,10,3
synthetic_N1000_m2_hetb,1.5,case_I,406,20,0.3220846874139359,-1736.75,3.0,0.00013443228054538464,0.000532947236903984,2.033745937758192,950,777,843,899,537
synthetic_N1000_m2_hetb,1.5,case_I,407,20,0.5417363597027655,-1266.15,8.0,0.0012797399324590072,0.0011548268078218336,3.6661091223778763,890,185,205,200,238
synthetic_N1000_m2_hetb,1.5,case_I,408,20,0.40114416116454565,-405.1,3.0,0.0002827070901871702,0.0005691868518021943,1.796567516506363,673,778,596,697,595
synthetic_N1000_m2_hetb,1.5,case_I,409,20,0.35102386263458685,-1356.2,5.0,0.0003533241190343409,0.0007594393978639308,3.2448806868270657,900,367,520,432,276
synthetic_N1000_m2_hetb,1.5,case_I,410,200,0.9741344294864881,164.825,20.0,0.009690802004505339,0.002725493134205149,0.5173114102702381,378,44,41,42,876
synthetic_N1000_m2_hetb,1.5,case_I,411,20,0.17020617447974906,-777.1,6.0,0.0010735553092212167,0.0008773917689717447,4.978762953121506,780,289,234,326,145
synthetic_N1000_m2_hetb,1.5,case_I,412,200,0.6137785589494178,1787.56,31.0,0.02238847713406634,0.004254598402564607,11.972864672568049,75,21,15,19,40
synthetic_N1000_m2_hetb,1.5,case_I,413,20,0.03854138948384955,-3287.55,4.0,0.00022887387778022732,0.0006637917882557087,3.845834442064602,999,523,665,556,215
synthetic_N1000_m2_hetb,1.5,case_I,414,200,0.09171473713390443,9189.095,34.0,0.023164804036162497,0.004568259911507095,30.88169893744725,4,15,14,15,8
synthetic_N1000_m2_hetb,1.5,case_I,415,20,0.20999600501172455,1569.5,8.0,0.0032034862259142515,0.0012632099341658497,6.320031959906204,91,186,100,163,104
synthetic_N1000_m2_hetb,1.5,case_I,416,20,0.9916861960144647,0.0,7.0,0.0020758033808881728,0.0011115655287685787,0.05819662789874691,477,221,133,208,990
synthetic_N1000_m2_hetb,1.5,case_I,417,20,0.7264246392278,-81.3,11.0,0.0021168346412379553,0.0015021493712137728,3.0093289684942004,580,102,131,115,301
synthetic_N1000_m2_hetb,1.5,case_I,418,20,0.8680380956291989,0.0,5.0,0.000624436173557108,0.0008231020690609473,0.6598095218540057,478,368,343,349,829
synthetic_N1000_m2_hetb,1.5,case_I,419,20,0.049483784636716543,281.6,3.0,0.00012902291811298786,0.0005257190968931433,2.8515486460898503,316,779,859,938,341
synthetic_N1000_m2_hetb,1.5,case_I,420,20,0.6814384526526729,-508.7,4.0,0.0006902533828611737,0.0006824553856931525,1.2742461893893084,696,524,325,508,703
synthetic_N1000_m2_hetb,1.5,case_I,421,20,0.4399364794360058,-1486.0,3.0,0.0001180426775620056,0.0005437056827995348,1.6801905616919828,928,780,885,827,615
synthetic_N1000_m2_hetb,1.5,case_I,422,20,0.41641994855534936,-191.45,7.0,0.0008245273532922126,0.001042018477140984,4.085060360112554,617,222,292,242,196
synthetic_N1000_m2_hetb,1.5,case_I,423,20,0.7082547942479717,-619.15,3.0,0.00035368144099567883,0.0005328598527854961,0.875235617256085,754,781,519,900,786
synthetic_N1000_m2_hetb,1.5,case_I,424,20,0.30831895053558056,-1127.7,4.0,0.0002386484201498063,0.0006437442222661535,2.7667241978576778,850,525,653,615,357
synthetic_N1000_m2_hetb,1.5,case_I,425,20,0.5134678232710247,0.0,4.0,0.0004778462155651266,0.0006926166818967453,1.9461287069159012,479,526,417,476,555
synthetic_N1000_m2_hetb,1.5,case_I,426,20,0.2607247218237164,1666.45,5.0,0.000551963773769333,0.0008044557202647612,3.696376390881418,85,369,377,376,231
synthetic_N1000_m2_hetb,1.5,case_I,427,20,0.39140407059240856,-741.4,7.0,0.0009966079161555675,0.0010520512103880495,4.26017150585314,771,223,250,233,179
synthetic_N1000_m2_hetb,1.5,case_I,428,20,0.5333261752047522,337.6,3.0,0.00020992380321583365,0.0005538441262363685,1.4000214743857433,300,782,706,766,682
synthetic_N1000_m2_hetb,1.5,case_I,429,20,0.15788100282626316,882.9,5.0,0.0008796598092988473,0.0008291158727707039,4.210594985868684,182,370,275,342,184
synthetic_N1000_m2_hetb,1.5,case_I,430,20,0.27618712190520356,-22.45,4.0,0.0004644666135168588,0.0006630544228739357,2.8952515123791858,566,527,429,559,330
synthetic_N1000_m2_hetb,1.5,case_I,431,20,0.4204059052215403,-973.95,5.0,0.000870587771208838,0.0008089321699833198,2.8979704738922987,823,371,279,368,328
synthetic_N1000_m2_hetb,1.5,case_I,432,20,0.4727479785281554,-73.55,6.0,0.0005079097459534439,0.0009454300510051701,3.1635121288310675,577,290,406,284,284
synthetic_N1000_m2_hetb,1.5,case_I,433,20,0.8000039680110183,-977.85,5.0,0.0006328954582933715,0.0007976291515032615,0.9999801599449087,832,372,340,387,764
synthetic_N1000_m2_hetb,1.5,case_I,434,20,0.6429501138675994,-119.1,6.0,0.00046085820788740474,0.000935116055825603,2.1422993167944036,600,291,434,293,512
synthetic_N1000_m2_hetb,1.5,case_I,435,20,0.5624900665221173,-973.95,4.0,0.0002260639561369322,0.0007190353609722777,1.7500397339115308,824,528,673,446,603
synthetic_N1000_m2_hetb,1.5,case_I,436,20,0.8698673937003966,-1783.15,4.0,0.00016999789764750116,0.0006566898154218182,0.5205304251984137,960,529,770,583,874
synthetic_N1000_m2_hetb,1.5,case_I,437,20,0.19734886477676372,203.75,3.0,0.0001194481384717701,0.0005419470239455282,2.407953405669709,350,783,884,841,442
synthetic_N1000_m2_hetb,1.5,case_I,438,20,0.10408303517803497,-618.1,3.0,8.439440553626115e-05,0.0005524443412958342,2.687750894465895,753,784,964,781,374
synthetic_N1000_m2_hetb,1.5,case_I,439,20,0.39372521336773547,-1956.75,6.0,0.0006039311749083323,0.0009496470231521981,3.637648719793587,973,292,355,277,240
synthetic_N1000_m2_hetb,1.5,case_I,440,200,0.1371899555572782,1476.08,6.0,0.0010083144784117314,0.000950530235126556,5.17686026665633,103,293,247,275,135
synthetic_N1000_m2_hetb,1.5,case_I,441,20,0.5559810381008665,-1860.9,3.0,0.00013343935024203205,0.0005291220406119251,1.3320568856974004,967,785,846,916,695
synthetic_N1000_m2_hetb,1.5,case_I,442,200,0.5736433320658848,1731.225,25.0,0.011958080093883262,0.0033653951710894752,10.65891669835288,78,30,31,31,50
synthetic_N1000_m2_hetb,1.5,case_I,443,200,0.13159354974969018,1109.42,5.0,0.00043186240630535696,0.0008026695378899459,4.342032251251549,139,373,451,379,174
synthetic_N1000_m2_hetb,1.5,case_I,444,20,0.7160539946963933,117.1,4.0,0.0002775141354147169,0.0006451778112489103,1.1357840212144268,390,530,604,611,733
synthetic_N1000_m2_hetb,1.5,case_I,445,20,0.5565394834256112,690.4,9.0,0.0020066340637953806,0.0013251182732181615,3.991144649169499,217,142,136,144,199
synthetic_N1000_m2_hetb,1.5,case_I,446,20,0.4231819942696411,-955.15,4.0,0.0005665376048979222,0.0006573096950729627,2.3072720229214356,815,531,371,580,462
synthetic_N1000_m2_hetb,1.5,case_I,447,20,0.9174817732993081,0.0,4.0,0.0003877849691148452,0.0006875908961909911,0.33007290680276746,480,532,486,483,917
synthetic_N1000_m2_hetb,1.5,case_I,448,20,0.8559122943833432,0.0,3.0,0.0004653345278749593,0.0005406027161863228,0.43226311684997054,481,786,428,848,895
synthetic_N1000_m2_hetb,1.5,case_I,449,20,0.22096916376486697,381.65,3.0,0.0001498670108085698,0.0005327505530449275,2.337092508705399,293,787,803,902,457
synthetic_N1000_m2_hetb,1.5,case_I,450,20,0.166583176525819,-2139.6,6.0,0.0006079696405339908,0.0009477057453781699,5.000500940845086,984,294,353,279,142
synthetic_N1000_m2_hetb,1.5,case_I,451,20,0.9155364039147175,258.75,9.0,0.002826565841135189,0.0013141820716102814,0.7601723647675428,322,143,109,150,807
synthetic_N1000_m2_hetb,1.5,case_I,452,20,0.1572518885137706,-1376.4,5.0,0.00037964507916309797,0.0007955446013642121,4.213740557431147,903,374,494,391,183
synthetic_N1000_m2_hetb,1.5,case_I,453,20,0.7572063264186215,-1399.75,3.0,6.416615039650215e-05,0.0004989892557016823,0.7283810207441355,909,788,988,995,813
synthetic_N1000_m2_hetb,1.5,case_I,454,20,0.31251701581211366,-261.55,4.0,0.0005928505130576826,0.0007026808341910795,2.7499319367515453,633,533,359,461,363
synthetic_N1000_m2_hetb,1.5,case_I,455,20,0.3611853466325139,-637.3,4.0,0.00025888659545606586,0.0006621675402172086,2.5552586134699444,758,534,623,565,412
synthetic_N1000_m2_hetb,1.5,case_I,456,200,0.5537246459677773,638.095,15.0,0.004846473609638024,0.0021275044847610136,6.694130310483341,226,65,59,62,97
synthetic_N1000_m2_hetb,1.5,case_I,457,20,0.9259641674233373,0.0,3.0,0.00017159734256017934,0.0005490841588263988,0.22210749772998806,482,789,761,797,937
synthetic_N1000_m2_hetb,1.5,case_I,458,20,0.00205684306461984,1031.65,3.0,0.00014033439360488744,0.0005560241352072517,2.9938294708061406,149,790,826,749,306
synthetic_N1000_m2_hetb,1.5,case_I,459,20,0.1622873344023199,1703.6,10.0,0.002363551706267227,0.0015045622549320395,8.3771266559768,82,122,121,114,74
synthetic_N1000_m2_hetb,1.5,case_I,460,20,0.7202117786599489,-269.1,11.0,0.0032577807612119017,0.001629582490804165,3.077670434740562,636,103,98,96,295
synthetic_N1000_m2_hetb,1.5,case_I,461,20,0.3944665294244958,-691.75,3.0,0.00016634585162292955,0.0005264757901032675,1.8166004117265127,764,791,777,933,588
synthetic_N1000_m2_hetb,1.5,case_I,462,20,0.2878104198967977,629.6,3.0,0.0003680174633507006,0.0005643064730051388,2.136568740309607,230,792,505,712,514
synthetic_N1000_m2_hetb,1.5,case_I,463,20,0.9628956581275414,0.0,5.0,0.0006240417887172682,0.0008009897606905899,0.18552170936229295,483,375,344,384,946
synthetic_N1000_m2_hetb,1.5,case_I,464,20,0.26402842332427967,944.2,7.0,0.0009826240368327088,0.0010444927422434448,5.151801036730042,165,224,255,240,137
synthetic_N1000_m2_hetb,1.5,case_I,465,20,0.7141669578683888,-1380.05,5.0,0.0007188663319914543,0.0008312044295569032,1.4291652106580561,904,376,316,339,674
synthetic_N1000_m2_hetb,1.5,case_I,466,20,0.964225669092555,0.0,3.0,0.00021278299150891762,0.000543128113576921,0.10732299272233492,484,793,694,833,975
synthetic_N1000_m2_hetb,1.5,case_I,467,20,0.7627660562464376,-408.55,3.0,0.0001251362814063114,0.0005277885963396679,0.7117018312606873,676,794,873,926,818
synthetic_N1000_m2_hetb,1.5,case_I,468,20,0.7094140359205118,-1177.7,4.0,0.0003517654477031317,0.000678102713300498,1.162343856317953,862,535,521,520,728
synthetic_N1000_m2_hetb,1.5,case_I,469,20,0.7232067127676901,914.95,8.0,0.00114673964077153,0.0011356637136259147,2.214346297858479,172,187,221,202,487
synthetic_N1000_m2_hetb,1.5,case_I,470,20,0.8052261068309458,614.6,3.0,0.00019892664988349054,0.0005155965548422434,0.5843216795071627,235,795,721,978,856
synthetic_N1000_m2_hetb,1.5,case_I,471,200,0.27121364891992294,783.33,3.0,0.00014826795047650726,0.0005289757931082358,2.1863590532402313,199,796,809,917,497
synthetic_N1000_m2_hetb,1.5,case_I,472,20,0.6266867251784247,225.1,4.0,0.0002824989713040749,0.0007110751004984783,1.4932530992863011,335,536,597,453,657
synthetic_N1000_m2_hetb,1.5,case_I,473,20,0.802885894043567,-973.95,3.0,9.715940105486518e-05,0.0005139479878252362,0.5913423178692989,825,797,939,979,853
synthetic_N1000_m2_hetb,1.5,case_I,474,20,0.8882296412968325,0.0,3.0,0.00010931205694230119,0.0005657941033237872,0.3353110761095026,485,798,911,706,916
synthetic_N1000_m2_hetb,1.5,case_I,475,20,0.9058341532080582,0.0,7.0,0.0006338141119447395,0.0009981911058500096,0.6591609275435929,486,225,338,253,830
synthetic_N1000_m2_hetb,1.5,case_I,476,20,0.903896393587496,321.15,8.0,0.0011324389050622497,0.0011726296457001057,0.7688288513000323,304,188,226,188,805
synthetic_N1000_m2_hetb,1.5,case_I,477,20,0.09763379946487272,415.35,4.0,0.0001938766762230626,0.0006730889994932346,3.609464802140509,284,537,735,533,242
synthetic_N1000_m2_hetb,1.5,case_I,478,20,0.3764060873778814,-211.6,3.0,0.0001319835590180764,0.0005120948926275284,1.8707817378663558,623,799,852,982,569
synthetic_N1000_m2_hetb,1.5,case_I,479,20,0.45639208349041915,413.85,3.0,0.00023321806728348127,0.0005527757801785267,1.6308237495287425,286,800,661,775,627
synthetic_N1000_m2_hetb,1.5,case_I,480,20,0.8916854039669163,0.0,3.0,0.00014772425328963036,0.0005688517236489947,0.32494378809925106,487,801,813,699,919
synthetic_N1000_m2_hetb,1.5,case_I,481,20,0.4192536193798634,491.3,4.0,0.00023953784187066891,0.0006809369307328751,2.3229855224805465,262,538,650,511,459
synthetic_N1000_m2_hetb,1.5,case_I,482,20,0.2649121033591305,-1130.2,4.0,0.00042207152629851165,0.0006538503271282415,2.940351586563478,851,539,460,588,320
synthetic_N1000_m2_hetb,1.5,case_I,483,20,0.019858773159258325,-2869.15,3.0,0.00016599415565826634,0.0005431685683768759,2.9404236805222252,994,802,780,832,319
synthetic_N1000_m2_hetb,1.5,case_I,484,20,0.28875427776216545,-1763.5,5.0,0.0005254981681953122,0.0008280399813517347,3.556228611189173,957,377,393,343,249
synthetic_N1000_m2_hetb,1.5,case_I,485,20,0.7807241847334279,0.0,5.0,0.0005428667048874145,0.0007940695779708547,1.0963790763328607,488,378,385,395,745
synthetic_N1000_m2_hetb,1.5,case_I,486,20,0.020170938059851595,-1342.45,4.0,0.0002599848770919547,0.0006444290222252902,3.9193162477605936,898,540,622,613,206
synthetic_N1000_m2_hetb,1.5,case_I,487,20,0.16499392794848766,-605.45,3.0,0.00015711785771854348,0.0005840907345617818,2.505018216154537,739,803,792,655,423
synthetic_N1000_m2_hetb,1.5,case_I,488,20,0.3109684208465644,938.85,5.0,0.0004173633947254187,0.0007905247363925822,3.445157895767178,167,379,463,400,260
synthetic_N1000_m2_hetb,1.5,case_I,489,20,0.5320110718845206,203.75,5.0,0.001145569000767845,0.0008242090688870033,2.3399446405773974,351,380,222,346,456
synthetic_N1000_m2_hetb,1.5,case_I,490,20,0.3630433181948137,-1072.65,3.0,0.0001660411420657919,0.0005463884783089203,1.910870045415559,839,804,779,811,559
synthetic_N1000_m2_hetb,1.5,case_I,491,20,0.8826396945897659,0.0,3.0,0.00021064207388700508,0.0005502802116259482,0.35208091623070237,489,805,703,789,911
synthetic_N1000_m2_hetb,1.5,case_I,492,20,0.20747762885186438,203.75,4.0,0.0004594535108275543,0.0006854471742870174,3.1700894845925425,352,541,435,495,283
synthetic_N1000_m2_hetb,1.5,case_I,493,20,0.5616344004190236,331.75,5.0,0.0005261487814372842,0.0007818629738726281,2.1918279979048823,302,381,392,413,495
synthetic_N1000_m2_hetb,1.5,case_I,494,20,0.7778175051376995,65.45,5.0,0.0004563283102656901,0.0007968195811995852,1.1109124743115024,400,382,439,389,743
synthetic_N1000_m2_hetb,1.5,case_I,495,20,0.9296082290939864,0.0,3.0,0.0003397001450115677,0.0005607437281628803,0.2111753127180407,490,806,533,728,939
synthetic_N1000_m2_hetb,1.5,case_I,496,20,0.8734802733413756,749.35,4.0,0.0006606274220685446,0.0006873636555501544,0.5060789066344977,207,542,331,486,880
synthetic_N1000_m2_hetb,1.5,case_I,497,200,0.13552100374068055,8086.145,37.0,0.024082149868159538,0.004882322372861352,31.98572286159482,7,14,13,14,5
synthetic_N1000_m2_hetb,1.5,case_I,498,20,0.7918000796455894,-1445.65,4.0,0.00016593014998516757,0.0006343957719085184,0.8327996814176424,915,543,781,627,796
synthetic_N1000_m2_hetb,1.5,case_I,499,20,0.6753462694980112,0.0,9.0,0.0018966071018817973,0.0013558983241564859,2.921883574517899,491,144,145,132,323
synthetic_N1000_m2_hetb,1.5,case_I,500,20,0.4216035573870036,-105.05,3.0,0.00024267458149224245,0.0005477284516489521,1.7351893278389892,593,807,645,803,606
synthetic_N1000_m2_hetb,1.5,case_I,501,20,0.02556709896246312,-1434.85,10.0,0.002331095667396252,0.0014687954507891035,9.744329010375369,913,123,123,116,60
synthetic_N1000_m2_hetb,1.5,case_I,502,200,0.16798147095798632,3392.205,16.0,0.004705301373378657,0.0022285769778635665,13.312296464672219,36,54,62,52,35
synthetic_N1000_m2_hetb,1.5,case_I,503,20,0.7494608262320578,-605.45,3.0,0.00017265960134532868,0.0005615584983002932,0.7516175213038266,740,808,760,725,809
synthetic_N1000_m2_hetb,1.5,case_I,504,20,0.08400476777677468,-146.6,3.0,0.00011324114267593878,0.0005352435710433122,2.747985696669676,604,809,897,880,366
synthetic_N1000_m2_hetb,1.5,case_I,505,20,0.3126499249880641,-529.4,4.0,0.00039627479026738875,0.0006854110806382558,2.7494003000477436,701,544,474,496,364
synthetic_N1000_m2_hetb,1.5,case_I,506,200,0.25521243827660445,889.6,3.0,0.0001491812060268201,0.0005541498841108059,2.2343626851701868,179,810,805,762,484
synthetic_N1000_m2_hetb,1.5,case_I,507,200,0.7461008968986407,727.01,25.0,0.013731915072614124,0.0034403298240843878,6.347477577533983,210,31,28,30,102
synthetic_N1000_m2_hetb,1.5,case_I,508,20,0.3590598291763175,769.4,11.0,0.0019508406422728383,0.0015202171212262095,7.0503418790605075,201,104,139,113,91
synthetic_N1000_m2_hetb,1.5,case_I,509,200,0.08718824098875189,5320.06,21.0,0.010211626717170671,0.002832664475312859,19.16904693923621,13,39,37,40,19
synthetic_N1000_m2_hetb,1.5,case_I,510,20,0.3704421018161166,433.95,5.0,0.000710832144567859,0.0008229445359133438,3.147789490919417,279,383,322,351,288
synthetic_N1000_m2_hetb,1.5,case_I,511,20,0.3268298767186818,239.5,4.0,0.00031724759728637704,0.0006504431032947854,2.692680493125273,327,545,564,600,372
synthetic_N1000_m2_hetb,1.5,case_I,512,20,0.7170213673193974,-2030.95,8.0,0.0018126039898310282,0.0011820690071733463,2.263829061444821,977,189,148,183,479
synthetic_N1000_m2_hetb,1.5,case_I,513,20,0.32012222019868797,800.25,5.0,0.0005414147869844327,0.0008024440806874212,3.39938889900656,196,384,386,381,265
synthetic_N1000_m2_hetb,1.5,case_I,514,20,0.6936156490920399,0.0,3.0,0.00011244907943688991,0.000524608440923108,0.9191530527238804,492,811,904,945,781
synthetic_N1000_m2_hetb,1.5,case_I,515,200,0.538594453433759,872.035,15.0,0.004251210125526969,0.002080831878023954,6.921083198493615,184,66,71,65,92
synthetic_N1000_m2_hetb,1.5,case_I,516,20,0.8877328287244716,0.0,4.0,0.0003379054033028057,0.0006796478945102673,0.44906868510211373,493,546,535,518,891
synthetic_N1000_m2_hetb,1.5,case_I,517,20,0.7333651729435877,843.15,7.0,0.0009861849343649044,0.0010804645173872584,1.866443789394886,186,226,253,217,570
synthetic_N1000_m2_hetb,1.5,case_I,518,20,0.4079187425363865,433.95,4.0,0.00024182102948055716,0.0007015126258931522,2.368325029854454,280,547,646,464,450
synthetic_N1000_m2_hetb,1.5,case_I,519,20,0.4849095181984443,149.0,3.0,5.5486263647588465e-05,0.000558736817696823,1.545271445404667,381,812,993,736,646
synthetic_N1000_m2_hetb,1.5,case_I,520,20,0.4713857598653367,-751.4,3.0,0.00012625705270065009,0.000525832159069934,1.5858427204039898,773,813,867,937,635
synthetic_N1000_m2_hetb,1.5,case_I,521,20,0.871702397518525,-364.5,4.0,0.00033693970635030704,0.0006810392570497561,0.5131904099259001,661,548,536,510,878
synthetic_N1000_m2_hetb,1.5,case_I,522,20,0.1380361717125459,259.2,3.0,5.5483538866590086e-05,0.0005046533651592794,2.5858914848623624,321,814,994,992,403
synthetic_N1000_m2_hetb,1.5,case_I,523,20,0.4242300124285143,-592.2,3.0,0.00010157840971971646,0.0005076507951277526,1.727309962714457,723,815,928,988,607
synthetic_N1000_m2_hetb,1.5,case_I,524,20,0.5349120574812903,-578.6,4.0,0.0002722226113746796,0.0006409431090176308,1.8603517700748387,716,549,611,623,572
synthetic_N1000_m2_hetb,1.5,case_I,525,20,0.43622283223869607,186.4,7.0,0.0010866182129998844,0.0011570494458676822,3.9464401743291275,370,227,230,198,202
synthetic_N1000_m2_hetb,1.5,case_I,526,20,0.5980284679987804,232.55,5.0,0.0008888038827674288,0.000861821114753436,2.009857660006098,332,385,271,329,542
synthetic_N1000_m2_hetb,1.5,case_I,527,20,0.49884309541984917,0.0,3.0,0.0001514153121409674,0.0005335776752025842,1.5034707137404526,494,816,799,891,654
synthetic_N1000_m2_hetb,1.5,case_I,528,20,0.4136957426619674,697.9,6.0,0.0010029265258621625,0.0009456831213882598,3.5178255440281956,214,295,248,281,253
synthetic_N1000_m2_hetb,1.5,case_I,529,20,0.6868129726159958,-973.95,4.0,0.00023512016181583188,0.0006281952755895746,1.2527481095360167,826,550,657,632,708
synthetic_N1000_m2_hetb,1.5,case_I,530,200,0.329322465708467,17851.63,92.0,0.09669359577239472,0.011821126704323275,61.702333154821034,0,0,0,0,0
synthetic_N1000_m2_hetb,1.5,case_I,531,20,0.6069010136690235,354.3,7.0,0.0015740794658412498,0.0010964778684908786,2.7516929043168354,298,228,168,214,362
synthetic_N1000_m2_hetb,1.5,case_I,532,20,0.7285583473338744,203.75,8.0,0.0017881363500895106,0.0012241306186551871,2.171533221329005,353,190,151,170,499
synthetic_N1000_m2_hetb,1.5,case_I,533,20,0.13064663579388291,-854.0,3.0,0.0001995228945406948,0.0005486903590203771,2.6080600926183513,791,817,720,798,400
synthetic_N1000_m2_hetb,1.5,case_I,534,20,0.326452101504932,1815.4,3.0,0.0001480205456315197,0.0005831482690711305,2.0206436954852043,71,818,812,661,539
synthetic_N1000_m2_hetb,1.5,case_I,535,20,0.9447045555986052,0.0,3.0,0.00018007275323718953,0.000571427472733027,0.16588633320418433,495,819,750,682,950
synthetic_N1000_m2_hetb,1.5,case_I,536,20,0.9660212875626245,0.0,4.0,0.0002286208879011781,0.0006523099611829917,0.13591484974950196,496,551,668,596,964
synthetic_N1000_m2_hetb,1.5,case_I,537,20,0.9923887631356604,0.0,4.0,0.0005586680392209561,0.0006797098532693529,0.030444947457358484,497,552,374,517,992
synthetic_N1000_m2_hetb,1.5,case_I,538,20,0.042525833888270914,-1177.7,3.0,0.0003225773145547247,0.0005796356854716299,2.872422498335187,863,820,556,667,336
synthetic_N1000_m2_hetb,1.5,case_I,539,20,0.8265087689118491,-444.75,7.0,0.0010710096236824728,0.001023451845869853,1.2144386176170563,681,229,235,248,719
synthetic_N1000_m2_hetb,1.5,case_I,540,20,0.9352758069942098,-1177.7,10.0,0.0018017102564451008,0.001464626279287178,0.6472419300579024,864,124,150,117,834
synthetic_N1000_m2_hetb,1.5,case_I,541,20,0.9019444400552439,0.0,3.0,0.0001253359684034838,0.0005342686002763309,0.29416667983426836,498,821,870,886,925
synthetic_N1000_m2_hetb,1.5,case_I,542,20,0.7149413034806142,-896.15,4.0,0.00030114439992380874,0.0006548609331598573,1.140234786077543,803,553,580,586,732
synthetic_N1000_m2_hetb,1.5,case_I,543,20,0.6756193428878896,0.0,5.0,0.0005603181831888725,0.0008080724869445736,1.621903285560552,499,386,373,371,629
synthetic_N1000_m2_hetb,1.5,case_I,544,20,0.7196066164883864,456.85,6.0,0.0015851262481047465,0.0009456496983912014,1.6823603010696815,273,296,166,282,614
synthetic_N1000_m2_hetb,1.5,case_I,545,20,0.5748858181470116,203.75,3.0,0.00023419151531328195,0.0005406254878704143,1.2753425455589653,354,822,660,847,702
synthetic_N1000_m2_hetb,1.5,case_I,546,20,0.7884200798433164,0.0,3.0,0.0002760429854121509,0.000577472149693678,0.6347397604700508,500,823,606,672,841
synthetic_N1000_m2_hetb,1.5,case_I,547,20,0.5019296038006482,-192.75,6.0,0.0008410822830202551,0.0009684193474864783,2.9884223771961107,618,297,288,263,310
synthetic_N1000_m2_hetb,1.5,case_I,548,20,0.22593749989122835,-19.55,4.0,0.00021781236205516114,0.0007512698372975793,3.0962500004350866,565,554,685,437,294
synthetic_N1000_m2_hetb,1.5,case_I,549,20,0.09434902497816688,-272.85,11.0,0.0034178781272470793,0.0015527276469928062,9.962160725240164,640,105,91,109,57
synthetic_N1000_m2_hetb,1.5,case_I,550,20,0.9082557233023724,-1452.15,4.0,0.00037427929600048875,0.0006585570779292305,0.36697710679051054,919,555,499,573,909
synthetic_N1000_m2_hetb,1.5,case_I,551,20,0.7548789814030864,-536.55,4.0,0.0003071095354319061,0.0006627503921572027,0.9804840743876544,703,556,574,561,771
synthetic_N1000_m2_hetb,1.5,case_I,552,20,0.17724193576034308,415.15,3.0,9.314242438968378e-05,0.000531986996735538,2.4682741927189706,285,824,952,903,427
synthetic_N1000_m2_hetb,1.5,case_I,553,20,0.8224582773234224,203.75,3.0,0.0001073847178441913,0.0005178088090312888,0.5326251680297329,355,825,915,966,870
synthetic_N1000_m2_hetb,1.5,case_I,554,20,0.30034675292417745,-893.35,5.0,0.00031258050937548517,0.0007761132099753292,3.4982662353791127,802,387,567,421,254
synthetic_N1000_m2_hetb,1.5,case_I,555,20,0.6356549721085979,-1177.7,3.0,0.00015507009150580233,0.0005073289067391365,1.0930350836742062,865,826,797,989,746
synthetic_N1000_m2_hetb,1.5,case_I,556,20,0.35615285774869865,728.8,9.0,0.0021354669673609656,0.001327794280349998,5.794624280261712,209,145,129,140,119
synthetic_N1000_m2_hetb,1.5,case_I,557,20,0.21416308633064296,-1993.9,3.0,0.0003187166224113232,0.0005666614077082721,2.3575107410080713,975,827,561,703,452
synthetic_N1000_m2_hetb,1.5,case_I,558,20,0.17560876378281154,316.2,5.0,0.0004310885855974984,0.0008305153487633932,4.121956181085943,311,388,454,341,192
synthetic_N1000_m2_hetb,1.5,case_I,559,20,0.07095031074440761,-859.3,4.0,0.00023688165901088393,0.000704755374187927,3.7161987570223696,795,557,655,457,228
synthetic_N1000_m2_hetb,1.5,case_I,560,20,0.07443855639465857,-1557.3,5.0,0.0004427510160366587,0.0008238575883248555,4.627807218026707,936,389,444,348,165
synthetic_N1000_m2_hetb,1.5,case_I,561,200,0.06909021073258215,3632.295,11.0,0.003194389103766398,0.0015794721528568905,10.240007681941597,25,106,101,102,52
synthetic_N1000_m2_hetb,1.5,case_I,562,20,0.08991876663737164,-211.6,3.0,0.00011305555634104601,0.0005544991896691207,2.730243700087885,624,828,899,760,367
synthetic_N1000_m2_hetb,1.5,case_I,563,20,0.8340292890000545,485.95,3.0,9.862623910843139e-05,0.0005372036769283572,0.4979121329998366,265,829,938,863,881
synthetic_N1000_m2_hetb,1.5,case_I,564,20,0.5178083255163458,-853.25,3.0,0.00016956796406222892,0.0005272817646207509,1.4465750234509627,790,830,771,931,666
synthetic_N1000_m2_hetb,1.5,case_I,565,20,0.12858401479946935,-882.55,3.0,0.00017705275679049488,0.0005582246120702268,2.614247955601592,798,831,753,737,396
synthetic_N1000_m2_hetb,1.5,case_I,566,20,0.5249946488828098,-164.7,4.0,9.873423595898973e-05,0.0006216450712068783,1.9000214044687609,609,558,937,636,561
synthetic_N1000_m2_hetb,1.5,case_I,567,20,0.5426298015540887,-1297.2,3.0,0.0002152376124218739,0.0005722150039299946,1.372110595337734,893,832,690,680,687
synthetic_N1000_m2_hetb,1.5,case_I,568,20,0.4965920349441739,-816.4,8.0,0.0012614534282455803,0.0011477867404172044,4.027263720446609,789,191,208,201,197
synthetic_N1000_m2_hetb,1.5,case_I,569,20,0.20648636461693026,-955.15,3.0,9.932101682328023e-05,0.0005370281516493373,2.3805409061492093,816,833,935,864,447
synthetic_N1000_m2_hetb,1.5,case_I,570,20,0.43439788722453043,0.0,3.0,0.00010933683041320696,0.0005633278565134106,1.6968063383264087,501,834,910,714,611
synthetic_N1000_m2_hetb,1.5,case_I,571,20,0.8708564535693805,0.0,4.0,0.00026635346070577457,0.0006561565691297936,0.5165741857224782,502,559,615,584,877
synthetic_N1000_m2_hetb,1.5,case_I,572,20,0.3837354777850742,-701.15,3.0,0.00028637499545892915,0.0005538755729257759,1.8487935666447775,766,835,590,764,577
synthetic_N1000_m2_hetb,1.5,case_I,573,20,0.5039852429121634,1085.95,3.0,6.0787430303622615e-05,0.000528782336287495,1.4880442712635098,142,836,991,919,659
synthetic_N1000_m2_hetb,1.5,case_I,574,20,0.9302423990750158,0.0,3.0,0.00010689150108966662,0.0005349117171062785,0.20927280277495253,503,837,918,882,940
synthetic_N1000_m2_hetb,1.5,case_I,575,20,0.23280139794441634,-1396.2,3.0,0.00012501160590183114,0.0005567350376603742,2.301595806166751,908,838,875,745,464
synthetic_N1000_m2_hetb,1.5,case_I,576,200,0.7255076868062386,-505.36,14.0,0.00491681235064103,0.001949615532027848,3.84289238471266,695,74,57,71,216
synthetic_N1000_m2_hetb,1.5,case_I,577,20,0.4838413345039069,-26.65,4.0,0.0006374735272593915,0.000699313866618638,2.0646346619843725,567,560,337,465,531
synthetic_N1000_m2_hetb,1.5,case_I,578,20,0.7873679132996416,-605.45,3.0,0.00020107302183823488,0.000542184493943543,0.6378962601010751,741,839,718,840,839
synthetic_N1000_m2_hetb,1.5,case_I,579,20,0.3596735148257848,31.6,5.0,0.0004957182909739157,0.0008071148600932948,3.201632425871076,410,390,411,374,279
synthetic_N1000_m2_hetb,1.5,case_I,580,20,0.5423586148739377,1876.6,5.0,0.0008458498312468988,0.0008124081366898818,2.2882069256303117,65,391,285,360,468
synthetic_N1000_m2_hetb,1.5,case_I,581,20,0.36828594365148837,-973.95,5.0,0.0005220563608670164,0.0008114594116954712,3.1585702817425583,827,392,395,363,286
synthetic_N1000_m2_hetb,1.5,case_I,582,20,0.8661492404529617,0.0,3.0,0.00013063738906796463,0.000583746132657812,0.40155227864111487,504,840,857,657,904
synthetic_N1000_m2_hetb,1.5,case_I,583,20,0.9148178896585872,-73.55,5.0,0.0006033637266210011,0.0007944506698044917,0.4259105517070638,578,393,357,393,897
synthetic_N1000_m2_hetb,1.5,case_I,584,20,0.6318212838540919,203.75,6.0,0.0011753859621579691,0.0009567154822472728,2.2090722968754486,356,298,217,269,489
synthetic_N1000_m2_hetb,1.5,case_I,585,20,0.9810202364628207,0.0,7.0,0.0015312896343422564,0.0010550732913897707,0.13285834476025538,505,230,176,232,966
synthetic_N1000_m2_hetb,1.5,case_I,586,20,0.7320556819078485,-227.9,5.0,0.0005355127017247065,0.00084087714435837,1.3397215904607573,628,394,389,335,692
synthetic_N1000_m2_hetb,1.5,case_I,587,20,0.8304239319682308,0.0,3.0,0.0001922579892374501,0.0005544174747022102,0.5087282040953075,506,841,737,761,879
synthetic_N1000_m2_hetb,1.5,case_I,588,20,0.8947206498619251,0.0,3.0,0.00014429624122962333,0.0005273550299522232,0.31583805041422464,507,842,816,929,922
synthetic_N1000_m2_hetb,1.5,case_I,589,20,0.27190576176612025,-1177.7,3.0,0.00025304721895533694,0.0005684231118363002,2.1842827147016393,866,843,633,701,498
synthetic_N1000_m2_hetb,1.5,case_I,590,200,0.986677930317109,0.0,14.0,0.004291575134030415,0.0019437354590105226,0.1865089755604734,508,75,70,72,945
synthetic_N1000_m2_hetb,1.5,case_I,591,20,0.39041402334281483,21.35,4.0,0.0003046989216631348,0.0006579610962597123,2.4383439066287407,417,561,576,577,434
synthetic_N1000_m2_hetb,1.5,case_I,592,200,0.49721254381585167,-113.18,11.0,0.0024610229229024548,0.001550806316591479,5.530662018025632,598,107,118,110,127
synthetic_N1000_m2_hetb,1.5,case_I,593,20,0.18032373166299687,-1198.15,4.0,0.00021263257548634836,0.0006438067967607002,3.2787050733480125,881,562,695,614,274
synthetic_N1000_m2_hetb,1.5,case_I,594,20,0.8214787850033072,-1122.7,6.0,0.0004773390905179336,0.0009645799643000644,1.071127289980157,847,299,418,264,752
synthetic_N1000_m2_hetb,1.5,case_I,595,20,0.3368976266911904,-913.35,4.0,0.00028390397236508587,0.00069310529461425,2.6524094932352384,806,563,594,473,383
synthetic_N1000_m2_hetb,1.5,case_I,596,20,0.6893444454848344,-1085.05,6.0,0.0009380350589747931,0.0009496614057867437,1.8639333270909935,841,300,260,276,571
synthetic_N1000_m2_hetb,1.5,case_I,597,20,0.21835559486831246,0.0,3.0,0.00014112711398705895,0.0005955903084031332,2.344933215395063,509,844,824,642,454
synthetic_N1000_m2_hetb,1.5,case_I,598,200,0.35136306055512956,1173.915,11.0,0.0029091983965823967,0.0015774630325371187,7.135006333893575,129,108,108,103,89
synthetic_N1000_m2_hetb,1.5,case_I,599,20,0.38424448628290675,707.55,3.0,0.0001752485688952056,0.0005399618742866886,1.8472665411512796,213,845,757,852,578
synthetic_N1000_m2_hetb,1.5,case_I,600,20,0.23662399393571287,-1475.0,3.0,0.00011257098564472529,0.0005562667974844202,2.2901280181928616,922,846,903,747,466
synthetic_N1000_m2_hetb,1.5,case_I,601,200,0.035063442069188544,982.945,6.0,0.0004177670412398974,0.000906768749414223,5.7896193475848685,157,301,462,316,120
synthetic_N1000_m2_hetb,1.5,case_I,602,20,0.7702089160972269,-585.2,5.0,0.000547898253662192,0.0007871215844409431,1.1489554195138658,719,395,380,403,731
synthetic_N1000_m2_hetb,1.5,case_I,603,20,0.9503546630566793,0.0,5.0,0.0006090440330685022,0.000756637002288928,0.2482266847166037,510,396,352,433,931
synthetic_N1000_m2_hetb,1.5,case_I,604,20,0.22624785755627508,1550.5,5.0,0.0005823597561288296,0.0008011932783485792,3.8687607122186245,94,397,364,383,212
synthetic_N1000_m2_hetb,1.5,case_I,605,20,0.16265136497070776,612.2,5.0,0.0005140342037034017,0.0007759840318493228,4.186743175146461,237,398,400,422,188
synthetic_N1000_m2_hetb,1.5,case_I,606,20,0.34760417535557775,-510.55,3.0,0.0002853931722247249,0.0005749107584495555,1.9571874739332666,698,847,591,676,551
synthetic_N1000_m2_hetb,1.5,case_I,607,20,0.0827660016297126,-1899.45,5.0,0.0005822639570426174,0.0007656368407374069,4.586169991851437,970,399,365,430,166
synthetic_N1000_m2_hetb,1.5,case_I,608,20,0.6497328757632396,-270.5,3.0,0.00034047146685926036,0.0005361302789947342,1.0508013727102812,639,848,531,870,757
synthetic_N1000_m2_hetb,1.5,case_I,609,20,0.36855251919960996,0.0,3.0,0.0003795976483492628,0.0005403682513959076,1.8943424424011701,511,849,495,849,564
synthetic_N1000_m2_hetb,1.5,case_I,610,20,0.5624785542668137,-1252.2,4.0,0.00024085254860339178,0.0006332656086851522,1.7500857829327452,888,564,649,629,602
synthetic_N1000_m2_hetb,1.5,case_I,611,20,0.9058499863649655,0.0,3.0,0.00019013195817649912,0.000569239284014354,0.2824500409051035,512,850,741,696,928
synthetic_N1000_m2_hetb,1.5,case_I,612,20,0.8615793288939493,0.0,3.0,0.00026306888833933735,0.0005757686984213283,0.41526201331815216,513,851,618,674,899
synthetic_N1000_m2_hetb,1.5,case_I,613,20,0.9216768590469784,0.0,4.0,0.0003958587406344995,0.0006652294115668063,0.3132925638120865,514,565,477,552,923
synthetic_N1000_m2_hetb,1.5,case_I,614,20,0.9350577167713908,0.0,5.0,0.00034157030555467176,0.0007435148348909136,0.3247114161430459,515,400,530,444,920
synthetic_N1000_m2_hetb,1.5,case_I,615,20,0.5898193600864983,996.05,3.0,0.0003355616803888556,0.0005228019981040745,1.2305419197405052,154,852,539,952,715
synthetic_N1000_m2_hetb,1.5,case_I,616,20,0.5023002858629506,-565.55,6.0,0.0011183292034419546,0.0009494931562578674,2.9861982848222963,713,302,227,278,311
synthetic_N1000_m2_hetb,1.5,case_I,617,20,0.03761516563706968,-2016.75,3.0,0.00019867208540849942,0.0005849364263121873,2.887154503088791,976,853,722,652,334
synthetic_N1000_m2_hetb,1.5,case_I,618,20,0.10244131138007828,253.5,3.0,0.00019300742729368888,0.0005659230487619388,2.6926760658597653,323,854,736,705,373
synthetic_N1000_m2_hetb,1.5,case_I,619,20,0.5239233948745965,-1493.55,6.0,0.0007179174088783835,0.0009342795853200313,2.856459630752421,929,303,317,294,339
synthetic_N1000_m2_hetb,1.5,case_I,620,20,0.8560083046111611,-1177.7,5.0,0.0005909351310057332,0.000816690646215564,0.7199584769441947,867,401,360,353,815
synthetic_N1000_m2_hetb,1.5,case_I,621,20,0.4326345607117319,-1739.05,4.0,0.00045518568572261274,0.0006865586414672141,2.2694617571530724,952,566,440,488,475
synthetic_N1000_m2_hetb,1.5,case_I,622,20,0.0037293622863878717,-649.1,3.0,0.00012415250667724176,0.0005832918675849198,2.9888119131408364,760,855,877,660,309
synthetic_N1000_m2_hetb,1.5,case_I,623,20,0.2123031061951699,-794.0,5.0,0.00048242121058250745,0.0007781632044422133,3.9384844690241505,781,402,415,419,203
synthetic_N1000_m2_hetb,1.5,case_I,624,20,0.7599704182197689,-501.05,6.0,0.001195324221239883,0.0009508268953229478,1.440177490681387,691,304,215,274,671
synthetic_N1000_m2_hetb,1.5,case_I,625,20,0.15841798852977795,-206.9,3.0,0.00033321190256488826,0.0005550903664852511,2.5247460344106663,622,856,542,757,420
synthetic_N1000_m2_hetb,1.5,case_I,626,20,0.1995763351554023,1431.4,5.0,0.00047050260922798623,0.0007827631570859776,4.002118324222988,105,403,424,412,198
synthetic_N1000_m2_hetb,1.5,case_I,627,20,0.28553606420344835,436.3,3.0,0.00025075352225849165,0.0005835357888097317,2.143391807389655,278,857,634,659,511
synthetic_N1000_m2_hetb,1.5,case_I,628,200,0.6092833765614685,124.565,13.0,0.003294028961556596,0.0017970425309724355,5.07931610470091,389,84,96,84,139
synthetic_N1000_m2_hetb,1.5,case_I,629,20,0.8364055547707432,-190.3,6.0,0.000871795800117918,0.0009827725111812835,0.9815666713755409,616,305,276,258,770
synthetic_N1000_m2_hetb,1.5,case_I,630,20,0.2188948374279186,438.85,3.0,0.00013209546688906743,0.0005339896474186846,2.3433154877162443,275,858,851,887,455
synthetic_N1000_m2_hetb,1.5,case_I,631,200,0.5994678737814576,1876.79,16.0,0.005302784453948744,0.002160200460000002,6.408514019496678,64,55,52,59,101
synthetic_N1000_m2_hetb,1.5,case_I,632,20,0.5299406131466844,10.1,3.0,0.00026322072114061873,0.0005654869777449395,1.4101781605599468,419,859,617,708,680
synthetic_N1000_m2_hetb,1.5,case_I,633,20,0.4448642064761482,-1731.75,3.0,0.00014385807795553175,0.0005474119541731527,1.6654073805715552,949,860,818,804,619
synthetic_N1000_m2_hetb,1.5,case_I,634,200,0.5804205236557797,247.515,3.0,0.00018249164508657092,0.0005495336028640272,1.258738429032661,325,861,746,795,706
synthetic_N1000_m2_hetb,1.5,case_I,635,20,0.8141185235724825,-326.25,6.0,0.001134170468801245,0.0009760447578429834,1.115288858565105,653,306,225,259,741
synthetic_N1000_m2_hetb,1.5,case_I,636,200,0.2174880566784605,474.645,4.0,0.0003306773866057856,0.0007149288011308482,3.130047773286158,270,567,546,451,291
synthetic_N1000_m2_hetb,1.5,case_I,637,20,0.49723415087942624,0.0,4.0,0.00023538646632492054,0.0006396189427228872,2.011063396482295,516,568,656,624,541
synthetic_N1000_m2_hetb,1.5,case_I,638,20,0.09792056114612835,-762.55,3.0,0.00014874062199374106,0.0005355760651084102,2.706238316561615,776,862,808,875,370
synthetic_N1000_m2_hetb,1.5,case_I,639,20,0.5132375550687044,-614.9,6.0,0.0007621453744528536,0.0009107619542997028,2.920574669587774,751,307,307,311,324
synthetic_N1000_m2_hetb,1.5,case_I,640,20,0.7910078573202679,0.0,3.0,0.00010061497339991488,0.0005314217903073302,0.6269764280391963,517,863,930,905,843
synthetic_N1000_m2_hetb,1.5,case_I,641,20,0.9985588906517041,0.0,3.0,0.0001345449790274452,0.0005370153207468486,0.004323328044887664,518,864,842,866,997
synthetic_N1000_m2_hetb,1.5,case_I,642,200,0.4756930540857839,1253.46,7.0,0.0007430795768929884,0.0009962359433448283,3.670148621399513,121,231,311,254,237
synthetic_N1000_m2_hetb,1.5,case_I,643,20,0.29660340069975666,-484.9,4.0,0.0003425569270626174,0.0006700045226157346,2.8135863972009734,688,569,529,541,346
synthetic_N1000_m2_hetb,1.5,case_I,644,20,0.5795035819171939,1371.55,10.0,0.003289137220260243,0.0014537651752893697,4.204964180828061,111,125,97,120,185
synthetic_N1000_m2_hetb,1.5,case_I,645,20,0.37175205481064844,-168.95,5.0,0.00045672349344273033,0.0007937113136319892,3.141239725946758,610,404,437,396,290
synthetic_N1000_m2_hetb,1.5,case_I,646,20,0.11700238911955996,-273.5,7.0,0.0008429650220855025,0.0011000862279013266,6.18098327616308,641,232,287,212,109
synthetic_N1000_m2_hetb,1.5,case_I,647,20,0.5244985720304953,-918.95,3.0,0.0001564163103780671,0.0005438056828465326,1.426504283908514,809,865,795,825,675
synthetic_N1000_m2_hetb,1.5,case_I,648,20,0.7991356910058783,203.75,3.0,0.00019634262547603976,0.0005498022104076228,0.602592926982365,357,866,726,793,848
synthetic_N1000_m2_hetb,1.5,case_I,649,20,0.8911272873731255,0.0,3.0,0.00013454905914807335,0.0005803208469907041,0.32661813788062344,519,867,841,665,918
synthetic_N1000_m2_hetb,1.5,case_I,650,20,0.9781111877004136,0.0,4.0,0.00038291888372256994,0.0007030686839502634,0.08755524919834556,520,570,493,458,983
synthetic_N1000_m2_hetb,1.5,case_I,651,20,0.367724622858563,-584.5,4.0,0.0003550404756886517,0.0006432857327617841,2.529101508565748,718,571,516,617,419
synthetic_N1000_m2_hetb,1.5,case_I,652,200,0.2516651775815243,146.335,8.0,0.0009698429444110262,0.001187526150634291,5.986678579347806,382,192,257,181,112
synthetic_N1000_m2_hetb,1.5,case_I,653,20,0.11082077354630926,-1566.15,3.0,9.994068551970821e-05,0.0005657307361976627,2.667537679361072,937,868,933,707,379
synthetic_N1000_m2_hetb,1.5,case_I,654,200,0.43623191729940924,1399.16,9.0,0.0015712606760967236,0.001313657730825587,5.073912744305317,108,146,169,151,140
synthetic_N1000_m2_hetb,1.5,case_I,655,200,0.8070271602470545,44.085,11.0,0.0030364471781927993,0.001569602802835149,2.122701237282401,405,109,105,105,516
synthetic_N1000_m2_hetb,1.5,case_I,656,20,0.23464478762451768,-1550.6,3.0,0.00024962123628094853,0.0005339329368872826,2.296065637126447,934,869,636,889,465
synthetic_N1000_m2_hetb,1.5,case_I,657,20,0.8495664980662655,0.0,3.0,0.0001321357660052532,0.0005840837965029107,0.4513005058012035,521,870,850,656,890
synthetic_N1000_m2_hetb,1.5,case_I,658,20,0.7117370178186778,-269.45,3.0,7.85173686159961e-05,0.000507137643286758,0.8647889465439665,637,871,972,990,790
synthetic_N1000_m2_hetb,1.5,case_I,659,20,0.2009428205260435,165.9,4.0,0.00038637804570072163,0.0006495174403318823,3.196228717895826,377,572,489,606,280
synthetic_N1000_m2_hetb,1.5,case_I,660,200,0.6317515391392956,1072.69,24.0,0.01060726418279391,0.0032309694133587003,8.837963060656906,143,32,34,32,68
synthetic_N1000_m2_hetb,1.5,case_I,661,20,0.8196921827935082,485.95,3.0,0.00034665240491900325,0.0005559542061732983,0.5409234516194754,266,872,525,751,867
synthetic_N1000_m2_hetb,1.5,case_I,662,20,0.9328703661209736,44.1,7.0,0.000772469051881339,0.0010108116904431754,0.4699074371531846,404,233,305,252,888
synthetic_N1000_m2_hetb,1.5,case_I,663,20,0.1622147636965876,-896.8,4.0,0.000195061559503477,0.0006833223330619002,3.3511409452136496,804,573,730,504,270
synthetic_N1000_m2_hetb,1.5,case_I,664,20,0.8220151936558258,194.25,3.0,4.185769487459536e-05,0.0004936769694330841,0.5339544190325227,369,873,997,998,869
synthetic_N1000_m2_hetb,1.5,case_I,665,20,0.775849087831725,0.0,3.0,0.0001679846838066002,0.0005524728925620586,0.672452736504825,522,874,773,779,827
synthetic_N1000_m2_hetb,1.5,case_I,666,20,0.24372164064158708,-323.15,3.0,0.00022057904359657727,0.0005530684322518082,2.268835078075239,652,875,680,770,476
synthetic_N1000_m2_hetb,1.5,case_I,667,20,0.29458141066814314,-593.65,3.0,0.0002082528242973857,0.0005329569099171271,2.1162557679955705,724,876,710,898,517
synthetic_N1000_m2_hetb,1.5,case_I,668,20,0.9570840322522522,0.0,3.0,0.0002099281524658655,0.0005572315982720314,0.12874790324324326,523,877,705,741,968
synthetic_N1000_m2_hetb,1.5,case_I,669,20,0.3620160579603561,88.85,4.0,0.00022234483999597886,0.0006625947740157249,2.5519357681585757,397,574,677,562,413
synthetic_N1000_m2_hetb,1.5,case_I,670,200,0.28897610525044326,2059.33,21.0,0.009864798121928347,0.0028873393328305245,14.931501789740691,55,40,40,37,28
synthetic_N1000_m2_hetb,1.5,case_I,671,20,0.7200111192047169,-1177.7,4.0,0.00047045920329305015,0.0006826829775704983,1.1199555231811322,868,575,425,507,738
synthetic_N1000_m2_hetb,1.5,case_I,672,200,0.13290601045995287,4193.835,18.0,0.006150119822763097,0.002416191375620445,15.607691811720848,19,48,48,49,25
synthetic_N1000_m2_hetb,1.5,case_I,673,20,0.4831693166218948,-2047.0,3.0,0.00011278698994177702,0.0005541140015189158,1.5504920501343156,978,878,901,763,644
synthetic_N1000_m2_hetb,1.5,case_I,674,20,0.3581331262376146,-475.45,3.0,0.0001267178755610176,0.0005399947956487099,1.9256006212871561,685,879,864,851,558
synthetic_N1000_m2_hetb,1.5,case_I,675,20,0.5439863429623552,-2368.95,3.0,9.98097621663579e-05,0.0005993090156433791,1.3680409711129347,991,880,934,641,689
synthetic_N1000_m2_hetb,1.5,case_I,676,20,0.6032501438505057,323.6,5.0,0.0008361469897189712,0.000791410341138286,1.9837492807474715,303,405,290,399,545
synthetic_N1000_m2_hetb,1.5,case_I,677,20,0.6401074539004775,578.8,3.0,0.00013189399042313476,0.0005559024126334281,1.0796776382985676,243,881,853,753,748
synthetic_N1000_m2_hetb,1.5,case_I,678,20,0.4323990581888032,-297.3,4.0,0.00026915671556006785,0.0006697675255559158,2.270403767244787,645,576,614,543,473
synthetic_N1000_m2_hetb,1.5,case_I,679,20,0.8869324087540136,782.55,7.0,0.0009028089896789451,0.0010469172253880492,0.791473138721905,200,234,264,237,800
synthetic_N1000_m2_hetb,1.5,case_I,680,20,0.8356760923639591,-1783.15,3.0,8.544107758071946e-05,0.0005105574522109887,0.49297172290812263,961,882,961,983,883
synthetic_N1000_m2_hetb,1.5,case_I,681,20,0.9333577853920362,-1783.15,3.0,9.995959710891205e-05,0.0005208113857080725,0.19992664382389147,962,883,932,957,941
synthetic_N1000_m2_hetb,1.5,case_I,682,20,0.4459056416232484,-421.75,6.0,0.0010482969281371138,0.0009704248487491555,3.3245661502605097,677,308,240,261,273
synthetic_N1000_m2_hetb,1.5,case_I,683,20,0.7300859144743024,-196.95,4.0,0.00040366922471409076,0.0007019662293014086,1.0796563421027905,620,577,471,463,749
synthetic_N1000_m2_hetb,1.5,case_I,684,20,0.43069578678627296,-913.35,3.0,0.000323992813352876,0.0005614703674565397,1.7079126396411812,807,884,554,726,609
synthetic_N1000_m2_hetb,1.5,case_I,685,20,0.27878275453064916,-33.45,3.0,0.00011281284956752573,0.0005159872880750986,2.1636517364080525,568,885,900,975,501
synthetic_N1000_m2_hetb,1.5,case_I,686,20,0.6518864471172541,-1386.4,6.0,0.0009526611868942707,0.000955661540420554,2.0886813172964755,907,309,258,271,526
synthetic_N1000_m2_hetb,1.5,case_I,687,20,0.9459871575106307,0.0,9.0,0.0013714364814059682,0.0013014423164902037,0.48611558240432395,524,147,193,153,884
synthetic_N1000_m2_hetb,1.5,case_I,688,20,0.8043078809051966,203.75,11.0,0.0030988296081774073,0.0015956571562336732,2.1526133100428377,358,110,103,98,504
synthetic_N1000_m2_hetb,1.5,case_I,689,20,0.28520177437201744,-349.3,4.0,0.00029724064426288213,0.0006662799499971373,2.8591929025119303,658,578,583,549,337
synthetic_N1000_m2_hetb,1.5,case_I,690,20,0.22810575636153718,-1696.3,3.0,0.00033218659081362333,0.0005264092004551566,2.3156827309153885,946,886,543,934,461
synthetic_N1000_m2_hetb,1.5,case_I,691,20,0.771645461188267,-810.65,3.0,8.306731659172031e-05,0.0005027673841876341,0.6850636164351989,787,887,968,994,824
synthetic_N1000_m2_hetb,1.5,case_I,692,20,0.70512847943679,517.0,4.0,0.00024127834442590624,0.0006418226506309434,1.17948608225284,256,579,648,619,726
synthetic_N1000_m2_hetb,1.5,case_I,693,20,0.8636017462548002,184.55,9.0,0.0020895510232553623,0.0013269454277841457,1.2275842837067978,371,148,132,142,716
synthetic_N1000_m2_hetb,1.5,case_I,694,20,0.14636161095889433,-400.2,5.0,0.0007887830020203548,0.0008122407639723315,4.268191945205528,664,406,301,361,178
synthetic_N1000_m2_hetb,1.5,case_I,695,20,0.8616792361529133,0.0,3.0,0.0002553694741432822,0.0005596751850532977,0.4149622915412601,525,888,631,733,900
synthetic_N1000_m2_hetb,1.5,case_I,696,20,0.4326254526587491,222.55,6.0,0.0006944121694929676,0.0009448930981406009,3.4042472840475053,340,310,324,285,264
synthetic_N1000_m2_hetb,1.5,case_I,697,20,0.2733454783925543,634.2,4.0,0.0002792934904227863,0.0006497223996768154,2.906618086429783,229,580,601,603,326
synthetic_N1000_m2_hetb,1.5,case_I,698,200,0.34324466249262875,4520.875,33.0,0.01910163093607496,0.004410791343998474,21.67292613774325,17,16,20,16,16
synthetic_N1000_m2_hetb,1.5,case_I,699,20,0.993503904012744,0.0,4.0,0.00046163346209233806,0.0007028835707311237,0.025984383949023915,526,581,433,460,994
synthetic_N1000_m2_hetb,1.5,case_I,700,20,0.9560321250196621,0.0,8.0,0.0011119088959955035,0.0011821897903937643,0.3517429998427035,527,193,229,182,912
synthetic_N1000_m2_hetb,1.5,case_I,701,20,0.08374603548012094,-1503.8,3.0,9.335301512434531e-05,0.0005363651388320129,2.748761893559637,931,889,951,868,365
synthetic_N1000_m2_hetb,1.5,case_I,702,20,0.3151884677170894,-1741.05,6.0,0.0010748896675220085,0.0009846753988112644,4.108869193697464,954,311,233,257,193
synthetic_N1000_m2_hetb,1.5,case_I,703,20,0.7195790246564682,0.0,4.0,0.0002708148250927146,0.0006988499831623916,1.1216839013741273,528,582,612,467,736
synthetic_N1000_m2_hetb,1.5,case_I,704,20,0.035325131608288984,759.4,4.0,0.00024450332639232015,0.000667089540480209,3.858699473566844,205,583,642,547,214
synthetic_N1000_m2_hetb,1.5,case_I,705,20,0.035923654437162944,-1527.85,3.0,0.0002148902007878772,0.0005359688260759676,2.8922290366885113,932,890,691,873,332
synthetic_N1000_m2_hetb,1.5,case_I,706,200,0.04489029342183237,4129.755,14.0,0.003903356666832946,0.0019229362266714317,13.371535892094347,20,76,80,75,33
synthetic_N1000_m2_hetb,1.5,case_I,707,20,0.8684448332578513,0.0,3.0,0.00015773863579619695,0.0005447052744190001,0.3946655002264462,529,891,790,820,907
synthetic_N1000_m2_hetb,1.5,case_I,708,20,0.333732439660985,1200.8,4.0,0.00013923443727762263,0.0006645599745333411,2.66507024135606,125,584,829,553,380
synthetic_N1000_m2_hetb,1.5,case_I,709,20,0.31873983277151186,622.4,5.0,0.00036762891416383745,0.0007849646263660701,3.4063008361424405,233,407,506,409,263
synthetic_N1000_m2_hetb,1.5,case_I,710,20,0.7933438210501507,-1876.05,9.0,0.0019136197710108876,0.001315134964927137,1.859905610548644,969,149,144,148,573
synthetic_N1000_m2_hetb,1.5,case_I,711,20,0.3185662914766022,-1113.5,4.0,0.00022734390529716869,0.000656734921655679,2.725734834093591,846,585,672,582,368
synthetic_N1000_m2_hetb,1.5,case_I,712,20,0.7384308555952237,203.75,8.0,0.0016075758166106723,0.001160746447815814,2.0925531552382104,359,194,164,195,523
synthetic_N1000_m2_hetb,1.5,case_I,713,20,0.3693407284032201,292.25,4.0,0.0005124994736461382,0.0006711618726675385,2.5226370863871197,315,586,402,537,421
synthetic_N1000_m2_hetb,1.5,case_I,714,200,0.29751931337916526,3028.77,19.0,0.009158743763623156,0.002606143916800446,13.34713304579586,38,46,42,45,34
synthetic_N1000_m2_hetb,1.5,case_I,715,20,0.3872265142953374,370.8,6.0,0.0006062659029830533,0.0008967248701249799,3.676640914227976,295,312,354,322,235
synthetic_N1000_m2_hetb,1.5,case_I,716,200,0.16803724260680775,1893.73,12.0,0.003633000304999439,0.0017279531944759381,9.983553088718306,60,91,84,89,56
synthetic_N1000_m2_hetb,1.5,case_I,717,200,0.07501114630738015,3518.495,16.0,0.005229339600217042,0.0022077017181693723,14.799821659081918,31,56,53,56,29
synthetic_N1000_m2_hetb,1.5,case_I,718,20,0.8712014465037485,-1783.15,7.0,0.0010028143656239487,0.0010337278273312106,0.9015898744737603,963,235,249,245,782
synthetic_N1000_m2_hetb,1.5,case_I,719,20,0.8683831797645515,203.75,3.0,0.00019531070411599516,0.0005517779473626501,0.39485046070634555,360,892,728,783,906
synthetic_N1000_m2_hetb,1.5,case_I,720,20,0.46082134286350085,-605.45,3.0,0.00010444826149303729,0.0005577070801934382,1.6175359714094975,742,893,924,739,630
synthetic_N1000_m2_hetb,1.5,case_I,721,20,0.6883762257244914,1362.85,5.0,0.0007881589280044208,0.0008248624292421783,1.558118871377543,112,408,302,344,641
synthetic_N1000_m2_hetb,1.5,case_I,722,20,0.862649616262373,0.0,3.0,0.0002173562194832377,0.0005631879751560007,0.41205115121288094,530,894,688,715,901
synthetic_N1000_m2_hetb,1.5,case_I,723,20,0.39072337589762884,-605.45,3.0,0.0003475539537892696,0.0005644444120489456,1.8278298723071136,743,895,524,711,584
synthetic_N1000_m2_hetb,1.5,case_I,724,20,0.7118103284257594,-197.7,3.0,8.372832957085593e-05,0.0005253265186101297,0.8645690147227217,621,896,965,941,791
synthetic_N1000_m2_hetb,1.5,case_I,725,20,0.7547914201079906,-2271.7,7.0,0.0008704215963285383,0.0010671714766130518,1.7164600592440658,990,236,280,222,608
synthetic_N1000_m2_hetb,1.5,case_I,726,20,0.0780746100305868,129.15,9.0,0.0022584243028773592,0.0013895260340154832,8.29732850972472,387,150,126,128,76
synthetic_N1000_m2_hetb,1.5,case_I,727,20,0.1381620728272963,-1062.5,3.0,0.00012066438789014448,0.0005374043978334739,2.5855137815181113,837,897,882,862,404
synthetic_N1000_m2_hetb,1.5,case_I,728,20,0.7503299824856386,-178.3,4.0,0.0004475903266755416,0.0006761638386390499,0.9986800700574454,612,587,441,525,765
synthetic_N1000_m2_hetb,1.5,case_I,729,20,0.7056489373809989,179.05,4.0,0.0003575470253378009,0.0006762715242485001,1.1774042504760045,373,588,514,524,727
synthetic_N1000_m2_hetb,1.5,case_I,730,20,0.18526748198019183,-535.85,7.0,0.0008145817127249234,0.0010986868391104616,5.703127626138658,702,237,294,213,123
synthetic_N1000_m2_hetb,1.5,case_I,731,20,0.8267319229556759,-1452.15,4.0,0.0002823654113840001,0.0006655382495741062,0.6930723081772965,920,589,598,550,820
synthetic_N1000_m2_hetb,1.5,case_I,732,20,0.8009011709823957,-113.15,6.0,0.000917476115178305,0.0009179606195012845,1.194592974105626,597,313,263,304,721
synthetic_N1000_m2_hetb,1.5,case_I,733,20,0.332743528625158,-1177.7,4.0,0.00021761040090223437,0.0006820486399508074,2.669025885499368,869,590,686,509,378
synthetic_N1000_m2_hetb,1.5,case_I,734,200,0.3402819990903042,3688.395,29.0,0.01757567120781187,0.003955001334432791,19.13182202638118,24,24,21,23,20
synthetic_N1000_m2_hetb,1.5,case_I,735,20,0.11057199333425483,-1384.9,4.0,0.00023068969166485895,0.0006831884650564282,3.5577120266629807,906,591,663,505,248
synthetic_N1000_m2_hetb,1.5,case_I,736,200,0.4454831559739022,4552.64,39.0,0.028447627208151003,0.005184652280033088,21.626156917017813,16,12,12,12,17
synthetic_N1000_m2_hetb,1.5,case_I,737,20,0.10976126007862752,-2216.15,4.0,0.0002585021795133903,0.0006580892696927351,3.56095495968549,987,592,624,576,246
synthetic_N1000_m2_hetb,1.5,case_I,738,20,0.5434071419217806,426.0,3.0,0.0001364824968353109,0.0005486406777842055,1.3697785742346582,282,898,836,800,688
synthetic_N1000_m2_hetb,1.5,case_I,739,20,0.6245833168710772,136.55,7.0,0.0010683351842460812,0.0010228161299128502,2.62791678190246,385,238,237,249,393
synthetic_N1000_m2_hetb,1.5,case_I,740,20,0.5819411427086918,0.0,3.0,0.00018421161481190737,0.0005467702905563579,1.2541765718739246,531,899,744,808,707
synthetic_N1000_m2_hetb,1.5,case_I,741,20,0.07164854385164288,-1579.4,4.0,0.00024154299206191805,0.0006624003096057901,3.7134058245934285,941,593,647,563,230
synthetic_N1000_m2_hetb,1.5,case_I,742,20,0.6216704469983908,-3190.4,6.0,0.0006478986319765109,0.001045509767001452,2.269977318009655,997,314,336,238,474
synthetic_N1000_m2_hetb,1.5,case_I,743,20,0.7522149311552978,-1769.2,3.0,8.125025820771124e-05,0.0005205523209978785,0.7433552065341066,958,900,969,958,811
synthetic_N1000_m2_hetb,1.5,case_I,744,20,0.1418532078034277,-1060.6,3.0,0.00020420838327394955,0.0005395071805260186,2.574440376589717,835,901,713,856,406
synthetic_N1000_m2_hetb,1.5,case_I,745,200,0.5950767958664359,3487.21,38.0,0.021468748233464965,0.0049481693611698845,15.387081757075435,33,13,17,13,26
synthetic_N1000_m2_hetb,1.5,case_I,746,20,0.8190554752387017,-87.25,8.0,0.001356334982528333,0.0011697161314976464,1.4475561980903864,584,195,196,189,665
synthetic_N1000_m2_hetb,1.5,case_I,747,20,0.1936194413797031,-1122.7,3.0,9.714074012303158e-05,0.0005569824374255499,2.4191416758608906,848,902,940,743,440
synthetic_N1000_m2_hetb,1.5,case_I,748,20,0.9134149207965668,203.75,9.0,0.0017579180550494347,0.0013255165808234433,0.7792657128308985,361,151,153,143,801
synthetic_N1000_m2_hetb,1.5,case_I,749,20,0.9719140814140141,0.0,3.0,0.00010508547226347977,0.0005722713001766616,0.08425775575795758,532,903,921,679,984
synthetic_N1000_m2_hetb,1.5,case_I,750,20,0.7116445561732289,222.55,3.0,0.0001237011547528074,0.000515669118834051,0.8650663314803134,341,904,878,976,789
synthetic_N1000_m2_hetb,1.5,case_I,751,20,0.8720357680246629,170.15,7.0,0.0010699038963342925,0.0010590951300369093,0.8957496238273599,376,239,236,228,784
synthetic_N1000_m2_hetb,1.5,case_I,752,20,0.2717827135360652,-1581.9,6.0,0.0008929789209721836,0.0009455575863725398,4.369303718783609,942,315,268,283,173
synthetic_N1000_m2_hetb,1.5,case_I,753,20,0.6649683870363727,-248.7,9.0,0.0015368018942880893,0.0013326090947285703,3.0152845166726454,631,152,175,137,299
synthetic_N1000_m2_hetb,1.5,case_I,754,20,0.9261442544579103,-1177.7,3.0,0.0002239035160826586,0.0005398338271321995,0.2215672366262692,870,905,676,854,938
synthetic_N1000_m2_hetb,1.5,case_I,755,20,0.044729020745856274,-806.9,6.0,0.001113108435404876,0.0009196169176566404,5.731625875524863,785,316,228,302,122
synthetic_N1000_m2_hetb,1.5,case_I,756,20,0.8208245363224256,-1402.0,4.0,0.00021623677664464656,0.0006919525351390906,0.7167018547102977,910,594,689,477,817
synthetic_N1000_m2_hetb,1.5,case_I,757,20,0.2369231670586005,-605.45,3.0,7.875846879409157e-05,0.0005611832172293626,2.2892304988241987,744,906,971,727,467
synthetic_N1000_m2_hetb,1.5,case_I,758,20,0.8011131119296838,1510.0,6.0,0.0007507797803982216,0.0009097786097528975,1.193321328421897,99,317,310,312,722
synthetic_N1000_m2_hetb,1.5,case_I,759,20,0.6424195402459892,-1029.25,9.0,0.001804294749531605,0.0013145255975912013,3.218224137786097,834,153,149,149,278
synthetic_N1000_m2_hetb,1.5,case_I,760,20,0.8015446039715485,-585.8,3.0,9.409671257969108e-05,0.0005279053921262894,0.5953661880853546,720,907,946,925,849
synthetic_N1000_m2_hetb,1.5,case_I,761,20,0.4009949802868912,524.55,3.0,0.00019752910912496525,0.0005422879048266474,1.7970150591393264,253,908,723,839,594
synthetic_N1000_m2_hetb,1.5,case_I,762,200,0.4502160475125643,3561.555,48.0,0.036991213376221334,0.006381308971732086,26.389629719396915,27,9,8,8,11
synthetic_N1000_m2_hetb,1.5,case_I,763,200,0.9242973251731486,-118.975,13.0,0.0038374095743162026,0.0018246196001957193,0.9841347727490688,599,85,82,80,768
synthetic_N1000_m2_hetb,1.5,case_I,764,20,0.07123370061253664,1706.35,3.0,0.00024827941149279336,0.0005366237932183449,2.78629889816239,80,909,638,867,353
synthetic_N1000_m2_hetb,1.5,case_I,765,20,0.15620072680258767,1313.35,8.0,0.0013414479239297883,0.0011971070310046736,6.750394185579299,118,196,200,178,96
synthetic_N1000_m2_hetb,1.5,case_I,766,20,0.9728324105112391,21.35,3.0,0.00014886320739251224,0.0005293826253518444,0.08150276846628257,418,910,806,914,985
synthetic_N1000_m2_hetb,1.5,case_I,767,200,0.9132513066775165,313.925,13.0,0.004074767651511253,0.001820093944683662,1.1277330131922851,312,86,74,82,735
synthetic_N1000_m2_hetb,1.5,case_I,768,20,0.14686805427228156,764.5,7.0,0.0008240548797022575,0.0010774167035228221,5.971923620094029,203,240,293,221,113
synthetic_N1000_m2_hetb,1.5,case_I,769,20,0.9734592170118911,0.0,3.0,0.00013037979234591302,0.0005460140691983756,0.07962234896432674,533,911,858,815,986
synthetic_N1000_m2_hetb,1.5,case_I,770,20,0.2654554315187777,541.45,3.0,0.00011382655325273223,0.0005172838935134966,2.203633705443667,248,912,896,971,490
synthetic_N1000_m2_hetb,1.5,case_I,771,20,0.892106866269302,232.55,5.0,0.00040451833542823795,0.000815719638193244,0.5394656686534899,333,409,470,355,868
synthetic_N1000_m2_hetb,1.5,case_I,772,20,0.9047752275802584,203.75,3.0,0.00021141146386985198,0.0005416555398909124,0.28567431725922476,362,913,699,843,927
synthetic_N1000_m2_hetb,1.5,case_I,773,20,0.02374579364467,635.45,6.0,0.0008901033937754225,0.0009418964702449604,5.85752523813198,228,318,270,289,117
synthetic_N1000_m2_hetb,1.5,case_I,774,20,0.009711634968144423,-955.45,5.0,0.0005323441600235036,0.0008240406120037917,4.951441825159278,818,410,391,347,146
synthetic_N1000_m2_hetb,1.5,case_I,775,20,0.32699486130282873,-1830.9,3.0,0.0003024498005603879,0.0005619973202598836,2.0190154160915137,966,914,578,722,540
synthetic_N1000_m2_hetb,1.5,case_I,776,20,0.9311784773555225,-105.05,5.0,0.00041219077159714663,0.0007971453077068339,0.3441076132223875,594,411,467,388,915
synthetic_N1000_m2_hetb,1.5,case_I,777,20,0.7913436883497563,-161.65,3.0,0.00012553222538269753,0.0005907946301864526,0.625968934950731,607,915,868,648,845
synthetic_N1000_m2_hetb,1.5,case_I,778,20,0.38685097846012906,401.8,3.0,0.00023505162660743942,0.0005526832029173982,1.8394470646196128,287,916,658,777,580
synthetic_N1000_m2_hetb,1.5,case_I,779,20,0.8580108138212066,0.0,3.0,7.378734272492582e-05,0.0005174695615849201,0.42596755853638024,534,917,976,969,896
synthetic_N1000_m2_hetb,1.5,case_I,780,20,0.30756183029200757,-660.7,3.0,0.00015004691300342423,0.0005284871721844052,2.077314509123977,763,918,802,921,528
synthetic_N1000_m2_hetb,1.5,case_I,781,20,0.3474174026041087,28.15,3.0,0.0002037647761358414,0.0005458206471574839,1.957747792187674,411,919,716,818,550
synthetic_N1000_m2_hetb,1.5,case_I,782,200,0.1904783218387498,2665.485,14.0,0.004772926126181622,0.0019581017451250453,11.333303494257503,44,77,60,70,45
synthetic_N1000_m2_hetb,1.5,case_I,783,20,0.9595511044269075,0.0,3.0,0.00019467145416761838,0.0005546756479161195,0.12134668671927751,535,920,732,759,969
synthetic_N1000_m2_hetb,1.5,case_I,784,20,0.8036306332035066,-727.15,3.0,9.2045600137169e-05,0.0005376676619044548,0.5891081003894802,768,921,956,861,854
synthetic_N1000_m2_hetb,1.5,case_I,785,20,0.4624248054107556,-2186.35,3.0,0.00011171825712641768,0.0005250346087532004,1.6127255837677332,985,922,907,942,631
synthetic_N1000_m2_hetb,1.5,case_I,786,200,0.2642765705883787,2606.425,16.0,0.005707870393874171,0.0022357542035397085,11.77157487058594,45,57,49,51,42
synthetic_N1000_m2_hetb,1.5,case_I,787,20,0.9659796005287031,0.0,3.0,0.00016750514167735505,0.000564993619843422,0.10206119841389061,536,923,776,709,979
synthetic_N1000_m2_hetb,1.5,case_I,788,200,0.3968199655598801,385.76,4.0,0.00042470494681741443,0.0006536662024087096,2.4127201377604797,289,595,459,590,441
synthetic_N1000_m2_hetb,1.5,case_I,789,20,0.21070556446684796,825.25,3.0,6.033694746249594e-05,0.0005129649071497499,2.367883306599456,193,924,992,980,451
synthetic_N1000_m2_hetb,1.5,case_I,790,200,0.4246563813836979,3851.75,28.0,0.01530888591383628,0.003735539715936958,16.10962132125646,21,26,24,26,23
synthetic_N1000_m2_hetb,1.5,case_I,791,20,0.7191217102511182,0.0,3.0,0.00017660514701437635,0.0005495724906738034,0.8426348692466455,537,925,754,794,795
synthetic_N1000_m2_hetb,1.5,case_I,792,20,0.770684798983071,0.0,3.0,9.014259410343793e-05,0.0005275390838024976,0.6879456030507871,538,926,958,927,822
synthetic_N1000_m2_hetb,1.5,case_I,793,20,0.10898555213649419,-740.5,5.0,0.0007241443862493306,0.0007551474256810408,4.455072239317529,769,412,314,435,171
synthetic_N1000_m2_hetb,1.5,case_I,794,20,0.9459307675537619,-561.35,6.0,0.0011662249694496382,0.0009192276072738693,0.3244153946774284,712,319,219,303,921
synthetic_N1000_m2_hetb,1.5,case_I,795,20,0.6745707526164916,1815.4,3.0,0.0001419418990741993,0.0005248426326696854,0.9762877421505253,72,927,821,943,773
synthetic_N1000_m2_hetb,1.5,case_I,796,200,0.06249576206556828,1303.135,3.0,0.00013685188078096878,0.0005333314044988172,2.812512713803295,119,928,834,893,348
synthetic_N1000_m2_hetb,1.5,case_I,797,20,0.8374364376590171,0.0,4.0,0.0003862950453619502,0.0006929039747343554,0.6502542493639316,539,596,490,475,833
synthetic_N1000_m2_hetb,1.5,case_I,798,20,0.9719037368942256,0.0,4.0,0.0003209488628003385,0.0006708009525384407,0.1123850524230976,540,597,559,538,971
synthetic_N1000_m2_hetb,1.5,case_I,799,200,0.8377476422704673,939.325,60.0,0.05080006872895531,0.008130261216970249,9.735141463771964,166,3,3,3,61
synthetic_N1000_m2_hetb,1.5,case_I,800,20,0.009784879294458815,334.4,9.0,0.0014870277169737936,0.001301785808691344,8.91193608634987,301,154,185,152,66
synthetic_N1000_m2_hetb,1.5,case_I,801,20,0.4730889081790549,-401.7,5.0,0.001056700558759277,0.0008126403594053797,2.6345554591047255,671,413,239,359,390
synthetic_N1000_m2_hetb,1.5,case_I,802,20,0.5891737739594198,-1177.7,3.0,7.013363191990856e-05,0.0005327922375395549,1.2324786781217405,871,929,982,901,714
synthetic_N1000_m2_hetb,1.5,case_I,803,20,0.8879986937026283,0.0,5.0,0.0014911458434211232,0.0008431327136171588,0.5600065314868585,541,414,182,332,863
synthetic_N1000_m2_hetb,1.5,case_I,804,20,0.5027604854148191,-747.95,6.0,0.0006270461333224344,0.0009301200239217797,2.9834370875110854,772,320,342,298,312
synthetic_N1000_m2_hetb,1.5,case_I,805,20,0.07732381538240052,203.75,3.0,0.00017325978039958736,0.0005597339745869528,2.7680285538527984,363,930,759,731,356
synthetic_N1000_m2_hetb,1.5,case_I,806,20,0.933525505036036,-1177.7,3.0,0.00014385716315873392,0.0005226307589382985,0.19942348489189188,872,931,819,953,942
synthetic_N1000_m2_hetb,1.5,case_I,807,20,0.9517357978163641,0.0,3.0,0.00030824191954218275,0.0005473662659407425,0.14479260655090775,542,932,572,805,960
synthetic_N1000_m2_hetb,1.5,case_I,808,20,0.4861622150139764,-251.4,4.0,0.00018065674632161688,0.0006847702319761726,2.0553511399440945,632,598,748,499,533
synthetic_N1000_m2_hetb,1.5,case_I,809,20,0.053442736483329756,1481.8,5.0,0.0006520106152574042,0.0008367507756220983,4.7327863175833516,101,415,335,337,160
synthetic_N1000_m2_hetb,1.5,case_I,810,20,0.8388906791646739,0.0,3.0,8.070879531193324e-05,0.000563927162448829,0.4833279625059784,543,933,970,713,885
synthetic_N1000_m2_hetb,1.5,case_I,811,20,0.7416726764410203,0.0,4.0,0.0004721967455446027,0.0006767055877760551,1.0333092942359188,544,599,422,522,761
synthetic_N1000_m2_hetb,1.5,case_I,812,200,0.9712340798009209,88.98,49.0,0.04311951802380555,0.006482797487882474,1.4095300897548753,396,7,6,7,681
synthetic_N1000_m2_hetb,1.5,case_I,813,20,0.0073136945373993845,211.45,3.0,9.645543132919796e-05,0.0005524443585049686,2.978058916387802,344,934,942,780,314
synthetic_N1000_m2_hetb,1.5,case_I,814,20,0.43549444952009686,-265.3,3.0,0.00010880401549742399,0.000525483364313711,1.6935166514397095,635,935,913,939,612
synthetic_N1000_m2_hetb,1.5,case_I,815,20,0.28380239863237033,1063.8,3.0,0.00017335716088403639,0.0005787035086292304,2.148592804102889,146,936,758,669,506
synthetic_N1000_m2_hetb,1.5,case_I,816,20,0.1077050956833312,32.25,4.0,0.000321557186385614,0.0006490245897332453,3.569179617266675,409,600,558,608,244
synthetic_N1000_m2_hetb,1.5,case_I,817,20,0.7351346026730965,-143.55,10.0,0.0026166325679331543,0.0014271578899591297,2.648653973269035,603,126,114,124,385
synthetic_N1000_m2_hetb,1.5,case_I,818,20,0.34121491637706414,-18.15,4.0,0.0005161566429244657,0.0006638996691406538,2.6351403344917435,563,601,398,555,389
synthetic_N1000_m2_hetb,1.5,case_I,819,200,0.03896913912115796,2786.98,10.0,0.0022797165271929015,0.001448192749331101,9.61030860878842,43,127,124,122,63
synthetic_N1000_m2_hetb,1.5,case_I,820,20,0.13362680572640495,544.5,4.0,0.00031517587600531717,0.0006866743692764061,3.46549277709438,247,602,565,487,258
synthetic_N1000_m2_hetb,1.5,case_I,821,20,0.8060002972277002,-1783.15,4.0,0.0007975023230768612,0.000683431840186794,0.7759988110891993,964,603,297,503,804
synthetic_N1000_m2_hetb,1.5,case_I,822,20,0.60587101798938,-181.65,3.0,0.000151354820658758,0.000542578838851522,1.18238694603186,613,937,800,836,724
synthetic_N1000_m2_hetb,1.5,case_I,823,20,0.21505062517361473,992.6,8.0,0.0010394064268774567,0.0011166083556287648,6.279594998611082,155,197,243,206,106
synthetic_N1000_m2_hetb,1.5,case_I,824,20,0.6960422280017734,-973.95,5.0,0.0007607631030851792,0.0008101455761670691,1.5197888599911331,828,416,308,367,651
synthetic_N1000_m2_hetb,1.5,case_I,825,20,0.13040479371277058,-611.9,3.0,0.0001793352302303518,0.0005478023746342388,2.6087856188616882,748,938,751,802,399
synthetic_N1000_m2_hetb,1.5,case_I,826,20,0.6731877575019788,94.8,3.0,0.00014119124742232816,0.0005554863603228386,0.9804367274940636,394,939,823,755,772
synthetic_N1000_m2_hetb,1.5,case_I,827,20,0.6550402554226945,-1556.25,3.0,8.894000495547743e-05,0.0005198371652385689,1.0348792337319166,935,940,959,961,760
synthetic_N1000_m2_hetb,1.5,case_I,828,200,0.0055257315325957235,1859.9,12.0,0.0036250406336276733,0.0017056527403915582,11.933691221608852,67,92,85,90,41
synthetic_N1000_m2_hetb,1.5,case_I,829,20,0.5115154737487803,-766.2,4.0,0.00024728216303624144,0.0006434821329466404,1.953938105004879,777,604,639,616,553
synthetic_N1000_m2_hetb,1.5,case_I,830,20,0.7263154319326705,472.65,8.0,0.001524683526511597,0.0011570050609135214,2.1894765445386364,271,198,178,199,496
synthetic_N1000_m2_hetb,1.5,case_I,831,20,0.7585337396231457,-2225.45,11.0,0.002594977046793551,0.0015911459131328512,2.656128864145397,988,111,116,100,382
synthetic_N1000_m2_hetb,1.5,case_I,832,20,0.7057083392270682,-1177.7,3.0,0.00019564335536085634,0.0005527145210711787,0.8828749823187954,873,941,727,776,785
synthetic_N1000_m2_hetb,1.5,case_I,833,20,0.8850456138709182,517.0,3.0,0.00013279130309469804,0.0005273115101220388,0.34486315838724546,257,942,848,930,914
synthetic_N1000_m2_hetb,1.5,case_I,834,20,0.7562078404723139,203.75,3.0,9.373509912030637e-05,0.0005105480461376139,0.7313764785830582,364,943,949,984,812
synthetic_N1000_m2_hetb,1.5,case_I,835,20,0.9219899000274794,5.1,7.0,0.00131003115637135,0.0010621425631015613,0.5460706998076443,423,241,202,226,866
synthetic_N1000_m2_hetb,1.5,case_I,836,20,0.414807003582114,-890.15,3.0,6.960417257195428e-05,0.0005463702201584721,1.755578989253658,801,944,985,812,600
synthetic_N1000_m2_hetb,1.5,case_I,837,20,0.03416098666515466,-1196.5,4.0,0.0005545726393523027,0.0007029279847550257,3.8633560533393814,880,605,375,459,213
synthetic_N1000_m2_hetb,1.5,case_I,838,20,0.1810034150072165,-952.6,3.0,0.00011486247262896286,0.0005462847811985166,2.4569897549783506,814,945,892,814,430
synthetic_N1000_m2_hetb,1.5,case_I,839,20,0.28778228138605877,-277.55,7.0,0.0025786506660440997,0.0010665139151606084,4.985524030297588,642,242,117,223,144
synthetic_N1000_m2_hetb,1.5,case_I,840,20,0.041791613803324745,-88.15,4.0,0.0002789861717498548,0.0006520537983696233,3.832833544786701,585,606,602,598,218
synthetic_N1000_m2_hetb,1.5,case_I,841,20,0.10815954185604848,310.2,4.0,0.00034483634239506136,0.000673645849640446,3.567361832575806,313,607,527,530,245
synthetic_N1000_m2_hetb,1.5,case_I,842,20,0.5187791211329045,689.7,3.0,0.00010198921009685514,0.0005830716556787649,1.4436626366012866,218,946,927,662,667
synthetic_N1000_m2_hetb,1.5,case_I,843,20,0.25248938313188884,-1067.0,4.0,0.0003281333685482291,0.0006806849796387605,2.9900424674724446,838,608,549,512,308
synthetic_N1000_m2_hetb,1.5,case_I,844,20,0.2855351348958012,833.4,3.0,0.00012540960855371167,0.0005411610262612198,2.1433945953125964,190,947,869,846,510
synthetic_N1000_m2_hetb,1.5,case_I,845,20,0.7414695266286413,-459.2,8.0,0.0012316473668974148,0.0012337445620557836,2.0682437869708696,682,199,212,169,530
synthetic_N1000_m2_hetb,1.5,case_I,846,200,0.854679634313597,678.655,12.0,0.0034297033091879032,0.00166161474212099,1.7438443882368366,220,93,90,94,604
synthetic_N1000_m2_hetb,1.5,case_I,847,20,0.8620398082340321,-586.8,6.0,0.001166690304632697,0.0009621591444395764,0.8277611505958071,721,321,218,268,797
synthetic_N1000_m2_hetb,1.5,case_I,848,20,0.3706215974025555,-974.2,4.0,0.00018953582997857226,0.0006733964033855827,2.517513610389778,831,609,742,532,422
synthetic_N1000_m2_hetb,1.5,case_I,849,20,0.709630073307115,-2766.4,9.0,0.0024137941417712552,0.0012972573101330321,2.613329340235965,992,155,120,155,397
synthetic_N1000_m2_hetb,1.5,case_I,850,20,0.8523046329128582,-794.25,3.0,0.00017084810081227918,0.0005627645125469555,0.44308610126142545,782,948,765,716,892
synthetic_N1000_m2_hetb,1.5,case_I,851,20,0.1509575400611467,721.7,5.0,0.00025480537825646585,0.0007498477807744957,4.245212299694266,211,417,632,439,181
synthetic_N1000_m2_hetb,1.5,case_I,852,200,0.20055366747212444,1842.025,7.0,0.001271876091224337,0.0010661984434469046,5.596124327695129,69,243,207,224,126
synthetic_N1000_m2_hetb,1.5,case_I,853,20,0.6479602930950665,-1177.7,3.0,0.0001349754664415837,0.0005259336893464217,1.0561191207148004,874,949,839,936,756
synthetic_N1000_m2_hetb,1.5,case_I,854,20,0.26555035992042053,-616.4,9.0,0.0022152480149208345,0.0013287783154039866,6.610046760716215,752,156,127,139,99
synthetic_N1000_m2_hetb,1.5,case_I,855,20,0.1926771538050761,-2875.0,3.0,9.891764234574796e-05,0.0005287936551752783,2.4219685385847716,995,950,936,918,438
synthetic_N1000_m2_hetb,1.5,case_I,856,20,0.36752022732257306,-697.75,5.0,0.000814148152588075,0.0007864983181068612,3.1623988633871347,765,418,295,405,285
synthetic_N1000_m2_hetb,1.5,case_I,857,20,0.015983247172232207,272.8,3.0,0.0002287651002029136,0.0005576981399023026,2.9520502584833035,318,951,667,740,316
synthetic_N1000_m2_hetb,1.5,case_I,858,20,0.4383192764607815,6.7,5.0,0.0005479102962702197,0.000783853824033381,2.8084036176960927,421,419,379,410,349
synthetic_N1000_m2_hetb,1.5,case_I,859,20,0.04726994221033787,-481.25,3.0,0.00016633480528011345,0.0005315404383027743,2.8581901733689863,686,952,778,904,338
synthetic_N1000_m2_hetb,1.5,case_I,860,20,0.2447102483994975,53.6,3.0,0.00017011940999698668,0.000543765952421744,2.2658692548015074,401,953,767,826,478
synthetic_N1000_m2_hetb,1.5,case_I,861,20,0.21754220086133835,-1453.25,5.0,0.0006693404279959188,0.0008009034109943388,3.9122889956933085,921,420,329,385,207
synthetic_N1000_m2_hetb,1.5,case_I,862,20,0.32944523387845637,-1907.35,4.0,0.00026178873736773094,0.0006614239016796437,2.6822190644861745,971,610,620,567,377
synthetic_N1000_m2_hetb,1.5,case_I,863,20,0.12538995648273654,-605.45,3.0,0.00013242745648164823,0.0005557750701552697,2.6238301305517906,745,954,849,754,395
synthetic_N1000_m2_hetb,1.5,case_I,864,20,0.47119641642445664,-424.15,11.0,0.0030311715273065335,0.0015668928533859562,5.816839419330977,678,112,106,107,118
synthetic_N1000_m2_hetb,1.5,case_I,865,20,0.6878566433246712,-1425.25,10.0,0.0019388286026953989,0.001424960583317972,3.1214335667532875,911,128,140,125,292
synthetic_N1000_m2_hetb,1.5,case_I,866,20,0.338928923504192,-1179.55,4.0,0.0003924950607488046,0.0006544132552830618,2.644284305983232,878,611,482,587,387
synthetic_N1000_m2_hetb,1.5,case_I,867,20,0.9271932187857495,203.75,6.0,0.0010632066759225897,0.0009443444241328592,0.4368406872855033,365,322,238,286,894
synthetic_N1000_m2_hetb,1.5,case_I,868,20,0.8597668788883609,373.1,4.0,0.0003294036719089843,0.0006468422457546689,0.5609324844465564,294,612,547,610,862
synthetic_N1000_m2_hetb,1.5,case_I,869,200,0.3060151354329368,1066.92,7.0,0.0009796184704362837,0.0010444505472500957,4.857894051969442,144,244,256,241,148
synthetic_N1000_m2_hetb,1.5,case_I,870,200,0.03890040352214308,2426.82,8.0,0.0016423444334468433,0.0011814218864426393,7.688796771822855,51,200,159,184,84
synthetic_N1000_m2_hetb,1.5,case_I,871,20,0.7681917007692237,-950.05,7.0,0.0011855261090377104,0.0010501791137381609,1.622658094615434,813,245,216,234,628
synthetic_N1000_m2_hetb,1.5,case_I,872,20,0.24001231290508984,1887.05,3.0,0.0001442048241864819,0.0005588949014074893,2.2799630612847306,62,955,817,735,470
synthetic_N1000_m2_hetb,1.5,case_I,873,20,0.3321610405787516,1320.6,3.0,0.00011451286848969748,0.0005244190537741723,2.003516878263745,116,956,894,946,543
synthetic_N1000_m2_hetb,1.5,case_I,874,20,0.5793352263468351,-1783.15,5.0,0.0003402757922348022,0.0007691391861918554,2.1033238682658246,965,421,532,428,521
synthetic_N1000_m2_hetb,1.5,case_I,875,20,0.998879676887163,24.55,4.0,0.00020516536717914916,0.0006366356243865279,0.004481292451348207,413,613,712,626,996
synthetic_N1000_m2_hetb,1.5,case_I,876,20,0.29967756661199185,1041.55,11.0,0.0023425821712188158,0.0015955371380624622,7.703546767268089,147,113,122,99,83
synthetic_N1000_m2_hetb,1.5,case_I,877,20,0.4685230029239946,-336.15,9.0,0.0014966423146565635,0.001321292903406568,4.783292973684048,654,157,181,147,154
synthetic_N1000_m2_hetb,1.5,case_I,878,20,0.6274508828630837,-361.55,4.0,0.00039106519903719933,0.0006929656106099801,1.4901964685476652,659,614,484,474,658
synthetic_N1000_m2_hetb,1.5,case_I,879,20,0.6833723791568794,506.55,3.0,0.0005701061222454153,0.0005354744263497177,0.9498828625293617,259,957,370,876,776
synthetic_N1000_m2_hetb,1.5,case_I,880,20,0.21216618344980043,-1605.1,6.0,0.000512304824744576,0.0009475324152122503,4.727002899301198,944,323,403,280,161
synthetic_N1000_m2_hetb,1.5,case_I,881,20,0.595321747502258,613.65,6.0,0.0007141812663873786,0.000969773458491413,2.4280695149864524,236,324,321,262,435
synthetic_N1000_m2_hetb,1.5,case_I,882,20,0.5441064429064965,35.5,5.0,0.0005544248902081631,0.0008245750625181436,2.2794677854675176,408,422,376,345,471
synthetic_N1000_m2_hetb,1.5,case_I,883,20,0.6585798628076089,497.15,9.0,0.0017428097754073285,0.0013250489977667589,3.0727812347315195,261,158,154,145,296
synthetic_N1000_m2_hetb,1.5,case_I,884,20,0.11499697503324902,-1484.3,4.0,0.0003037804305928468,0.000684332278421119,3.540012099867004,925,615,577,502,252
synthetic_N1000_m2_hetb,1.5,case_I,885,20,0.12629451593687702,-1126.6,4.0,0.0003733623642463647,0.00068635252141166,3.494821936252492,849,616,501,489,255
synthetic_N1000_m2_hetb,1.5,case_I,886,20,0.9755274904159574,-161.65,4.0,0.0003355881854808847,0.0007126865512628439,0.09789003833617027,608,617,538,452,981
synthetic_N1000_m2_hetb,1.5,case_I,887,20,0.8213015645453736,-945.15,11.0,0.0019293978821298538,0.0015682469917609665,1.9656827900008902,812,114,142,106,549
synthetic_N1000_m2_hetb,1.5,case_I,888,200,0.8275573150954998,316.56,3.0,0.00019405019124773258,0.0005693150551503276,0.5173280547135006,310,958,734,695,875
synthetic_N1000_m2_hetb,1.5,case_I,889,20,0.9341044081009071,0.0,9.0,0.0016312465093858046,0.0013271767243428058,0.593060327091836,545,159,160,141,850
synthetic_N1000_m2_hetb,1.5,case_I,890,20,0.9606477600179142,75.45,4.0,0.0004641227245892273,0.0006739194113764856,0.15740895992834325,399,618,430,529,955
synthetic_N1000_m2_hetb,1.5,case_I,891,20,0.39348753209993237,1815.4,3.0,7.324666718885914e-05,0.0005175367517958279,1.819537403700203,73,959,978,968,587
synthetic_N1000_m2_hetb,1.5,case_I,892,20,0.7540671762368577,-47.55,4.0,0.0004752627356521348,0.0006803049531681144,0.9837312950525692,572,619,419,515,769
synthetic_N1000_m2_hetb,1.5,case_I,893,20,0.6416200925555191,203.75,3.0,0.0005459933327078173,0.0005798557637608853,1.0751397223334427,366,960,383,666,751
synthetic_N1000_m2_hetb,1.5,case_I,894,20,0.5598502694613712,-1445.55,4.0,0.00040154110799569425,0.0006534391582461217,1.7605989221545153,914,620,472,591,598
synthetic_N1000_m2_hetb,1.5,case_I,895,20,0.6793483833215337,53.6,9.0,0.002258728037757049,0.001299995550150733,2.885864550106197,402,160,125,154,335
synthetic_N1000_m2_hetb,1.5,case_I,896,20,0.3194334511245228,587.65,3.0,0.00017112125677713687,0.0005204578018108545,2.0416996466264314,241,961,764,960,534
synthetic_N1000_m2_hetb,1.5,case_I,897,20,0.8621787179353753,-97.6,4.0,0.0003766690633126316,0.0006495614390080566,0.551285128258499,591,621,497,605,865
synthetic_N1000_m2_hetb,1.5,case_I,898,20,0.4070223282075782,-1577.25,5.0,0.0005987124800270186,0.000803571979859157,2.964888358962109,939,423,358,378,315
synthetic_N1000_m2_hetb,1.5,case_I,899,20,0.14817868771045173,615.3,7.0,0.0008855599328761802,0.0010588985164145682,5.962749186026838,234,246,273,229,114
synthetic_N1000_m2_hetb,1.5,case_I,900,200,0.010980851013860038,3535.885,16.0,0.005118033101243018,0.0022190033366803704,15.82430638377824,30,58,55,54,24
synthetic_N1000_m2_hetb,1.5,case_I,901,20,0.6391893320658769,0.0,4.0,0.0002693729151394211,0.0007503243349741844,1.4432426717364923,546,622,613,438,668
synthetic_N1000_m2_hetb,1.5,case_I,902,200,0.23163168896492548,2092.195,13.0,0.0033408001454294243,0.001741840668534399,9.988788043455969,54,87,93,88,55
synthetic_N1000_m2_hetb,1.5,case_I,903,20,0.9560655599081945,-802.4,3.0,0.00010298270014237363,0.0005233108742427885,0.1318033202754164,783,962,926,950,967
synthetic_N1000_m2_hetb,1.5,case_I,904,20,0.19500445741210803,-557.45,7.0,0.0015848760023692943,0.0011207539743306662,5.634968798115244,709,247,167,205,124
synthetic_N1000_m2_hetb,1.5,case_I,905,20,0.3161794080516598,-189.75,7.0,0.00123006276128316,0.0010796760509538036,4.786744143638382,614,248,213,220,152
synthetic_N1000_m2_hetb,1.5,case_I,906,20,0.9841316837334273,0.0,4.0,6.911900155680511e-05,0.0006066783091018069,0.06347326506629081,547,623,986,639,988
synthetic_N1000_m2_hetb,1.5,case_I,907,20,0.5198546202904285,305.25,3.0,0.0002873172237215293,0.0005491623959326115,1.4404361391287144,314,963,588,796,670
synthetic_N1000_m2_hetb,1.5,case_I,908,20,0.9220245989560005,0.0,3.0,0.00014812636894513434,0.0005753199623722131,0.2339262031319984,548,964,811,675,934
synthetic_N1000_m2_hetb,1.5,case_I,909,20,0.781437673828669,0.0,3.0,6.971203556227819e-05,0.0005500644821146201,0.6556869785139929,549,965,984,790,832
synthetic_N1000_m2_hetb,1.5,case_I,910,200,0.11896569346946495,6227.305,23.0,0.011709413907305495,0.003109613165458424,20.263789050202305,11,35,32,35,18
synthetic_N1000_m2_hetb,1.5,case_I,911,20,0.2159834369804282,-536.75,5.0,0.00057495410443587,0.0007877055770679959,3.920082815097859,704,424,367,401,205
synthetic_N1000_m2_hetb,1.5,case_I,912,200,0.3871775574072005,1512.59,12.0,0.003921331055915132,0.0017691617241901722,7.353869311113594,97,94,79,87,86
synthetic_N1000_m2_hetb,1.5,case_I,913,20,0.8809562507227594,0.0,3.0,0.00013514849203276588,0.0005392463048835509,0.3571312478317218,550,966,838,857,910
synthetic_N1000_m2_hetb,1.5,case_I,914,200,0.3339882823452316,973.895,4.0,0.0001951530813245574,0.0006509046984418709,2.6640468706190736,159,624,729,599,381
synthetic_N1000_m2_hetb,1.5,case_I,915,20,0.46308203855432406,-1429.05,4.0,0.0003728387718419852,0.0006578745915373154,2.1476718457827038,912,625,503,578,508
synthetic_N1000_m2_hetb,1.5,case_I,916,20,0.48076548201932423,-554.35,3.0,0.0002582363820984218,0.0005648471973391822,1.5577035539420274,707,967,625,710,642
synthetic_N1000_m2_hetb,1.5,case_I,917,20,0.3247552471025198,-88.45,4.0,0.00030725217071482253,0.0006805699399566963,2.700979011589921,586,626,573,513,371
synthetic_N1000_m2_hetb,1.5,case_I,918,20,0.7864852844832143,-973.95,5.0,0.000524063140289649,0.0008077863601880773,1.0675735775839286,829,425,394,373,753
synthetic_N1000_m2_hetb,1.5,case_I,919,20,0.05482672756618123,-1156.35,3.0,0.00016493824077854809,0.0005908771393871704,2.8355198173014564,854,968,784,647,343
synthetic_N1000_m2_hetb,1.5,case_I,920,20,0.22591016124709584,-495.85,3.0,0.00014005190584525767,0.0005534125800974153,2.3222695162587126,690,969,827,768,460
synthetic_N1000_m2_hetb,1.5,case_I,921,20,0.8250852070925885,0.0,3.0,0.00010095158023289391,0.0005370220081505958,0.5247443787222346,551,970,929,865,872
synthetic_N1000_m2_hetb,1.5,case_I,922,20,0.6163417034041984,317.85,4.0,0.00026557956786301946,0.0006736064061658024,1.5346331863832066,308,627,616,531,649
synthetic_N1000_m2_hetb,1.5,case_I,923,20,0.51182482978383,98.2,5.0,0.0008717705927772282,0.0007977814246890793,2.44087585108085,393,426,277,386,433
synthetic_N1000_m2_hetb,1.5,case_I,924,20,0.36950796376287187,-653.9,3.0,0.0002842049635604037,0.0005707027840071298,1.8914761087113843,761,971,593,687,565
synthetic_N1000_m2_hetb,1.5,case_I,925,20,0.13013957679285992,-1295.25,3.0,0.00011640165611107583,0.000533048821963162,2.6095812696214202,892,972,890,897,398
synthetic_N1000_m2_hetb,1.5,case_I,926,20,0.45678430920336455,-865.95,7.0,0.0007213651220513707,0.0010447499994372755,3.802509835576448,796,249,315,239,221
synthetic_N1000_m2_hetb,1.5,case_I,927,20,0.9870944758123702,1616.75,8.0,0.0015931419576554872,0.0011667062959590498,0.10324419350103842,88,201,165,191,977
synthetic_N1000_m2_hetb,1.5,case_I,928,20,0.5950884747622851,-401.7,3.0,0.00039588229563302437,0.0005911738831014608,1.2147345757131447,672,973,476,646,718
synthetic_N1000_m2_hetb,1.5,case_I,929,20,0.5765793507415918,540.95,8.0,0.0013064299776350003,0.0012127860860762477,3.3873651940672653,250,202,203,175,267
synthetic_N1000_m2_hetb,1.5,case_I,930,20,0.9901185849563509,0.0,3.0,0.00011481370858017685,0.0005709708475478577,0.029644245130947433,552,974,893,685,993
synthetic_N1000_m2_hetb,1.5,case_I,931,20,0.8854033802553948,0.0,6.0,0.0007145156301862107,0.0009628218715761639,0.6875797184676313,553,325,320,266,823
synthetic_N1000_m2_hetb,1.5,case_I,932,20,0.9991993182784583,0.0,4.0,0.00042504486840568256,0.0006863523116958441,0.00320272688616674,554,628,457,490,999
synthetic_N1000_m2_hetb,1.5,case_I,933,20,0.9536333395616265,0.0,4.0,0.0003669824432950804,0.0006873954046400942,0.1854666417534938,555,629,507,485,947
synthetic_N1000_m2_hetb,1.5,case_I,934,20,0.6674968517385982,178.05,5.0,0.00038452360786022494,0.0008016021492962019,1.662515741307009,374,427,492,382,620
synthetic_N1000_m2_hetb,1.5,case_I,935,20,0.30531219366045614,41.75,3.0,0.00015024650738896937,0.0005905417902720029,2.084063419018632,406,975,801,649,527
synthetic_N1000_m2_hetb,1.5,case_I,936,20,0.6281431780271564,-105.05,3.0,0.00017010372608991956,0.0005621730835278688,1.1155704659185308,595,976,768,720,740
synthetic_N1000_m2_hetb,1.5,case_I,937,20,0.3482098358137734,-211.6,3.0,7.280211484575739e-05,0.0005343777886261739,1.95537049255868,625,977,979,885,552
synthetic_N1000_m2_hetb,1.5,case_I,938,20,0.810769530791913,0.0,5.0,0.0003266099354506317,0.0007708017111593822,0.9461523460404347,556,428,550,426,777
synthetic_N1000_m2_hetb,1.5,case_I,939,20,0.13730046107575478,1510.35,6.0,0.0005850416388137053,0.0008974169288357545,5.176197233545471,98,326,363,321,136
synthetic_N1000_m2_hetb,1.5,case_I,940,20,0.46254633347853047,956.1,5.0,0.00036159773128514395,0.0008432082867958707,2.6872683326073474,163,429,512,331,375
synthetic_N1000_m2_hetb,1.5,case_I,941,20,0.8407760221468864,-555.45,7.0,0.001362793063607867,0.0010414735798915098,1.1145678449717953,708,250,195,243,742
synthetic_N1000_m2_hetb,1.5,case_I,942,20,0.4545120864552048,203.75,3.0,0.00011620900888594177,0.0005284455934670871,1.6364637406343856,367,978,891,922,624
synthetic_N1000_m2_hetb,1.5,case_I,943,20,0.6010178494198809,-73.55,3.0,0.00011692689708928393,0.000529695891753601,1.1969464517403572,579,979,888,912,720
synthetic_N1000_m2_hetb,1.5,case_I,944,20,0.09828293798468302,22.1,9.0,0.002751062126272603,0.0013359562852425036,8.115453558137853,416,161,111,135,77
synthetic_N1000_m2_hetb,1.5,case_I,945,20,0.28510498345644497,320.1,3.0,0.00022103928281900386,0.0005296892212978744,2.144685049630665,305,980,678,913,509
synthetic_N1000_m2_hetb,1.5,case_I,946,20,0.954485228687717,0.0,4.0,0.000630778560305481,0.0006800436511131931,0.18205908524913195,557,630,341,516,948
synthetic_N1000_m2_hetb,1.5,case_I,947,20,0.6569395453324917,-1094.5,4.0,0.0003773668057730586,0.0006584024493815641,1.3722418186700334,844,631,496,574,686
synthetic_N1000_m2_hetb,1.5,case_I,948,20,0.36493916872495114,558.55,5.0,0.0004566205737890494,0.000781639158831289,3.1753041563752444,246,430,438,414,282
synthetic_N1000_m2_hetb,1.5,case_I,949,20,0.5168811759658247,381.95,3.0,0.00021133062437439848,0.0005399312827563545,1.4493564721025258,292,981,700,853,664
synthetic_N1000_m2_hetb,1.5,case_I,950,20,0.7748685781334842,-408.25,7.0,0.0012357014392838175,0.0011004076792657145,1.5759199530656107,675,251,211,211,638
synthetic_N1000_m2_hetb,1.5,case_I,951,20,0.7874703499468639,0.0,3.0,0.00020067375281977075,0.0005287389022672585,0.6375889501594082,558,982,719,920,840
synthetic_N1000_m2_hetb,1.5,case_I,952,20,0.8279679389790622,-105.05,5.0,0.0005363078888860396,0.000806979287136646,0.8601603051046891,596,431,388,375,793
synthetic_N1000_m2_hetb,1.5,case_I,953,20,0.28964267879754757,127.45,4.0,0.00033394229794523277,0.0006861451158485835,2.8414292848098097,388,632,541,492,342
synthetic_N1000_m2_hetb,1.5,case_I,954,20,0.2383059387980907,908.25,4.0,0.0002090155201947511,0.0007439739150113956,3.046776244807637,176,633,708,443,297
synthetic_N1000_m2_hetb,1.5,case_I,955,20,0.6385084824992602,-297.3,5.0,0.0007779979679618049,0.0008346019189557452,1.8074575875036991,646,432,304,338,592
synthetic_N1000_m2_hetb,1.5,case_I,956,20,0.5272006473755549,-1177.7,3.0,0.0002580894242595796,0.0005392114568280673,1.4183980578733353,875,983,626,858,676
synthetic_N1000_m2_hetb,1.5,case_I,957,20,0.5648867514980614,-1177.7,3.0,0.00030927246491552733,0.000552859000841837,1.3053397455058158,876,984,570,773,700
synthetic_N1000_m2_hetb,1.5,case_I,958,200,0.21461491820405376,5052.815,22.0,0.010384632140235854,0.002988796584066155,17.278471799510818,14,36,36,36,22
synthetic_N1000_m2_hetb,1.5,case_I,959,20,0.31862412816540064,-1739.05,4.0,0.0005179175876782646,0.0006938265032918245,2.7255034873383974,953,634,397,470,369
synthetic_N1000_m2_hetb,1.5,case_I,960,20,0.7520531805662839,485.95,6.0,0.00043656477957156644,0.0009627122442523969,1.4876809166022966,267,327,449,267,660
synthetic_N1000_m2_hetb,1.5,case_I,961,20,0.3583232572055379,802.2,4.0,0.00039303523499622633,0.0006711861739335267,2.5667069711778483,195,635,481,536,409
synthetic_N1000_m2_hetb,1.5,case_I,962,20,0.7574855506164321,610.9,8.0,0.001623556323762194,0.001199567920016765,1.9401155950685434,239,203,161,177,556
synthetic_N1000_m2_hetb,1.5,case_I,963,20,0.046644662826228145,1002.8,4.0,0.0004109931660643014,0.000644668425071546,3.8134213486950874,153,636,468,612,219
synthetic_N1000_m2_hetb,1.5,case_I,964,20,0.9508661797045698,0.0,3.0,0.0003355067359003051,0.0005720836595600955,0.1474014608862907,559,985,540,681,959
synthetic_N1000_m2_hetb,1.5,case_I,965,20,0.20807303868888805,211.45,5.0,0.00039211025846172396,0.0008229448090329523,3.9596348065555595,345,433,483,350,201
synthetic_N1000_m2_hetb,1.5,case_I,966,20,0.4782076330508558,-955.15,3.0,0.00019118908361692174,0.0005579331403774571,1.5653771008474326,817,986,740,738,639
synthetic_N1000_m2_hetb,1.5,case_I,967,20,0.9208852532322118,-1177.7,8.0,0.0016173850780948416,0.0012033544291144462,0.6329179741423054,877,204,162,176,842
synthetic_N1000_m2_hetb,1.5,case_I,968,20,0.2534796826385556,-405.65,5.0,0.0003389097777886539,0.0007806721012226278,3.732601586807222,674,434,534,415,227
synthetic_N1000_m2_hetb,1.5,case_I,969,200,0.22738427258263005,3322.765,16.0,0.005097398095688655,0.0022068570021276765,12.36185163867792,37,59,56,57,38
synthetic_N1000_m2_hetb,1.5,case_I,970,20,0.9856407059323568,-605.45,5.0,0.0003724616027837535,0.0007712004847914295,0.07179647033821623,746,435,504,425,987
synthetic_N1000_m2_hetb,1.5,case_I,971,20,0.9044301672206757,0.0,3.0,0.0001340887916681598,0.0005425312991026353,0.2867094983379729,560,987,845,837,926
synthetic_N1000_m2_hetb,1.5,case_I,972,20,0.5322461972191177,-973.95,4.0,0.000310182754178484,0.0006697952310996075,1.8710152111235292,830,637,569,542,568
synthetic_N1000_m2_hetb,1.5,case_I,973,20,0.06102194505896941,886.45,7.0,0.0008626880137428905,0.0010803446234522137,6.572846384587214,181,252,282,218,100
synthetic_N1000_m2_hetb,1.5,case_I,974,20,0.6046687082088471,-1293.55,6.0,0.000984545698475201,0.0009368490866296052,2.3719877507469174,891,328,254,291,449
synthetic_N1000_m2_hetb,1.5,case_I,975,20,0.25157818757670636,-923.95,3.0,0.00011411162967004472,0.0005121992293397781,2.245265437269881,810,988,895,981,481
synthetic_N1000_m2_hetb,1.5,case_I,976,200,0.21401047590498223,500.58,5.0,0.0004313044242705387,0.0007866546099121212,3.929947620475089,260,436,453,404,204
synthetic_N1000_m2_hetb,1.5,case_I,977,200,0.9321430366726655,-88.845,15.0,0.004307304119828601,0.0021606685934502604,1.0178544499100173,587,67,69,58,762
synthetic_N1000_m2_hetb,1.5,case_I,978,20,0.6194232422172982,225.1,5.0,0.0005863551102046088,0.0008080902190783289,1.9028837889135093,336,437,362,370,560
synthetic_N1000_m2_hetb,1.5,case_I,979,20,0.4440395249769181,-344.9,3.0,0.00017546966666315175,0.000561746513903635,1.6678814250692455,657,989,756,724,618
synthetic_N1000_m2_hetb,1.5,case_I,980,200,0.06265885858566367,3696.305,12.0,0.003296984031065699,0.0016751695987992745,11.248093696972036,23,95,95,93,46
synthetic_N1000_m2_hetb,1.5,case_I,981,20,0.37162139860301047,1316.7,8.0,0.0012771155394091479,0.0011595191892210975,5.027028811175916,117,205,206,196,141
synthetic_N1000_m2_hetb,1.5,case_I,982,20,0.863983149761172,-44.7,9.0,0.0015661192503713167,0.0012856107546059792,1.2241516521494522,569,162,170,160,717
synthetic_N1000_m2_hetb,1.5,case_I,983,20,0.30267628262469704,-269.45,3.0,0.00032479129989814744,0.0005713432868110835,2.091971152125909,638,990,552,683,524
synthetic_N1000_m2_hetb,1.5,case_I,984,20,0.3227942730688419,-90.05,3.0,0.00016817294876451507,0.0005424376200698349,2.031617180793474,588,991,772,838,538
synthetic_N1000_m2_hetb,1.5,case_I,985,20,0.6068560668114126,-391.95,7.0,0.0010429421109811028,0.0010930166769134028,2.752007532320112,663,253,242,215,361
synthetic_N1000_m2_hetb,1.5,case_I,986,20,0.2521406786205266,77.25,3.0,0.00014074161666794688,0.0005512502825533226,2.2435779641384204,398,992,825,785,482
synthetic_N1000_m2_hetb,1.5,case_I,987,20,0.5569347628095851,-1761.8,3.0,0.00022823671936552758,0.0005663746343836778,1.3291957115712447,956,993,670,704,696
synthetic_N1000_m2_hetb,1.5,case_I,988,20,0.7686825338221793,-605.45,5.0,0.0006814202038785687,0.0007953707034353285,1.1565873308891033,747,438,328,392,729
synthetic_N1000_m2_hetb,1.5,case_I,989,200,0.28667377665442717,1923.135,7.0,0.0008579025019662079,0.0010123473317751278,4.99328356341901,59,254,284,251,143
synthetic_N1000_m2_hetb,1.5,case_I,990,20,0.4727508707947953,92.5,5.0,0.0005330292342153179,0.0007739271706067785,2.6362456460260235,395,439,390,423,388
synthetic_N1000_m2_hetb,1.5,case_I,991,20,0.5762673366342947,203.75,3.0,0.0001342325827914041,0.0005362929840394623,1.2711979900971158,368,994,844,869,704
synthetic_N1000_m2_hetb,1.5,case_I,992,20,0.36333139144527404,1863.0,4.0,0.00027963961741694356,0.0006672469924346668,2.546674434218904,66,638,600,546,415
synthetic_N1000_m2_hetb,1.5,case_I,993,20,0.2236183745546042,-487.8,3.0,7.079178201914092e-05,0.0004984472398776768,2.3291448763361875,689,995,981,996,458
synthetic_N1000_m2_hetb,1.5,case_I,994,20,0.11440186701749833,-2884.15,4.0,0.000652713148463994,0.0007180857135144177,3.5423925319300067,996,639,334,448,251
synthetic_N1000_m2_hetb,1.5,case_I,995,20,0.5654837920917276,1064.2,9.0,0.001364079127577052,0.0012339611758816773,3.9106458711744514,145,163,194,168,208
synthetic_N1000_m2_hetb,1.5,case_I,996,20,0.937429217870874,247.85,3.0,0.00013941676001534147,0.0005433454052943142,0.1877123463873781,324,996,828,830,944
synthetic_N1000_m2_hetb,1.5,case_I,997,20,0.01876620250744898,-803.0,3.0,0.00027507194770339996,0.0005618607824422537,2.943701392477653,784,997,608,723,318
synthetic_N1000_m2_hetb,1.5,case_I,998,20,0.8656634618701456,0.0,3.0,0.00012518427953775853,0.0005279371912176362,0.40300961438956306,561,998,872,924,903
synthetic_N1000_m2_hetb,1.5,case_I,999,20,0.9624731102430444,0.0,3.0,7.328514978395613e-05,0.0005057835451700381,0.11258066927086685,562,999,977,991,970
synthetic_N1000_m2_hetb,0.75,case_II,0,20,0.5118216247002567,592.8,5.0,0.0010831242409252472,0.0008163466260449341,2.4408918764987164,139,329,231,354,432
synthetic_N1000_m2_hetb,0.75,case_II,1,20,0.9504636963259353,0.0,3.0,0.0002562022069675619,0.0005397604763933274,0.1486089110221941,451,640,629,855,958
synthetic_N1000_m2_hetb,0.75,case_II,2,20,0.14415961271963373,-35.45,3.0,0.00010492761982874861,0.0005313273438937076,2.567521161841099,651,641,922,907,408
synthetic_N1000_m2_hetb,0.75,case_II,3,20,0.9486494471372439,0.0,3.0,0.00014623059356083136,0.0005712304611746059,0.15405165858826841,452,642,815,684,956
synthetic_N1000_m2_hetb,0.75,case_II,4,20,0.31183145201048545,90.55,8.0,0.001348126626589991,0.001212997262805218,5.505348383916116,361,164,199,174,130
synthetic_N1000_m2_hetb,0.75,case_II,5,200,0.42332644897257565,1130.665,13.0,0.004067929506286049,0.0018234367074188955,7.496756163356516,63,78,75,81,85
synthetic_N1000_m2_hetb,0.75,case_II,6,20,0.8277025938204418,494.45,5.0,0.0004590577635456589,0.0007798497789229895,0.8614870308977912,171,330,436,417,792
synthetic_N1000_m2_hetb,0.75,case_II,7,20,0.4091991363691613,160.6,6.0,0.0007857786924871203,0.0009089685077677794,3.5448051817850326,321,255,303,314,250
synthetic_N1000_m2_hetb,0.75,case_II,8,20,0.5495936876730595,-64.1,4.0,0.0002730987116475793,0.0006628302570525564,1.801625249307762,680,440,609,560,593
synthetic_N1000_m2_hetb,0.75,case_II,9,200,0.027559113243068367,1872.325,15.0,0.004191212008222178,0.0020793356221875947,14.586613301353974,38,60,72,66,30
synthetic_N1000_m2_hetb,0.75,case_II,10,20,0.7535131086748066,88.75,8.0,0.0014240784075505593,0.0011651004538446392,1.9718951306015473,362,165,190,192,548
synthetic_N1000_m2_hetb,0.75,case_II,11,20,0.5381433132192782,783.3,3.0,0.0004423600725651928,0.0005511512000897409,1.3855700603421655,108,643,446,787,683
synthetic_N1000_m2_hetb,0.75,case_II,12,20,0.32973171649909216,831.35,9.0,0.0019732973184376553,0.0013234816375946757,6.032414551508171,101,129,138,146,110
synthetic_N1000_m2_hetb,0.75,case_II,13,20,0.7884287034284043,0.0,4.0,0.0002090767153190788,0.000689502278032782,0.8462851862863827,453,441,707,480,794
synthetic_N1000_m2_hetb,0.75,case_II,14,20,0.303194829291645,-586.6,6.0,0.0005081133247597167,0.0009164240308379382,4.18083102425013,888,256,405,306,190
synthetic_N1000_m2_hetb,0.75,case_II,15,20,0.4534978894806515,79.2,3.0,0.0001492547084845212,0.0005268928010594434,1.6395063315580454,382,644,804,932,623
synthetic_N1000_m2_hetb,0.75,case_II,16,20,0.13404169724716475,523.7,9.0,0.0026072592652854817,0.0013619076738798316,7.793624724775517,161,130,115,131,82
synthetic_N1000_m2_hetb,0.75,case_II,17,20,0.40311298644712923,-871.1,4.0,0.00025582354887253723,0.0006377435292560234,2.387548054211483,955,442,630,625,446
synthetic_N1000_m2_hetb,0.75,case_II,18,20,0.20345524067614962,-641.3,3.0,9.220190580472212e-05,0.0005538478283547393,2.389634277971551,899,645,955,765,444
synthetic_N1000_m2_hetb,0.75,case_II,19,20,0.2623133404418495,-678.7,4.0,0.00041015665174940223,0.0006412954460179204,2.950746638232602,911,443,469,622,317
synthetic_N1000_m2_hetb,0.75,case_II,20,20,0.7503646726300526,0.0,3.0,0.00016796693250758729,0.0005699242332497175,0.7489059821098423,454,646,774,692,810
synthetic_N1000_m2_hetb,0.75,case_II,21,20,0.2804087579860399,-56.25,3.0,0.00013847292139595934,0.0005177082637738277,2.15877372604188,676,647,832,967,503
synthetic_N1000_m2_hetb,0.75,case_II,22,20,0.48519097443163506,590.4,5.0,0.0006674982539234915,0.0008310343098751848,2.5740451278418246,142,331,330,340,407
synthetic_N1000_m2_hetb,0.75,case_II,23,20,0.9807371998012386,0.0,5.0,0.0004895848649461166,0.0007831189741478047,0.09631400099380683,455,332,413,411,982
synthetic_N1000_m2_hetb,0.75,case_II,24,20,0.9616571936637868,0.0,5.0,0.0005137604551189781,0.0008106517354870434,0.19171403168106615,456,333,401,365,943
synthetic_N1000_m2_hetb,0.75,case_II,25,20,0.7247899407735336,-260.0,3.0,9.457455439222564e-05,0.0005426723356640723,0.8256301776793991,789,648,944,834,798
synthetic_N1000_m2_hetb,0.75,case_II,26,200,0.5412268555474342,7164.795,70.0,0.05876265194063833,0.009149528636360489,32.114120111679604,3,1,2,1,4
synthetic_N1000_m2_hetb,0.75,case_II,27,200,0.2768912040453708,3687.585,31.0,0.019151263472974675,0.0040888463011327664,22.416372674593504,14,20,19,21,15
synthetic_N1000_m2_hetb,0.75,case_II,28,20,0.16065200877512686,455.35,5.0,0.00046858575294506165,0.0008386513423379242,4.1967399561243655,185,334,427,336,186
synthetic_N1000_m2_hetb,0.75,case_II,29,20,0.9699254132161326,0.0,5.0,0.0005723093283806484,0.0008133131261000067,0.15037293391933715,457,335,369,358,957
synthetic_N1000_m2_hetb,0.75,case_II,30,20,0.5160685855478787,126.8,5.0,0.00030168021901674395,0.0007470372656232199,2.4196570722606063,337,336,579,441,439
synthetic_N1000_m2_hetb,0.75,case_II,31,200,0.11586561247077032,213.89,3.0,0.0003250459773148273,0.0005590627723252733,2.652403162587689,295,649,551,734,384
synthetic_N1000_m2_hetb,0.75,case_II,32,20,0.6234897555375004,0.0,3.0,0.00021360353128801817,0.0005498245140524217,1.1295307333874987,458,650,692,792,734
synthetic_N1000_m2_hetb,0.75,case_II,33,20,0.776683114342298,-122.6,6.0,0.0009294135354862382,0.0009303423883122697,1.3399013139462121,711,257,261,297,691
synthetic_N1000_m2_hetb,0.75,case_II,34,20,0.6130033010530405,-183.05,4.0,0.00018834210362251102,0.0006534232988297086,1.5479867957878382,739,444,743,592,645
synthetic_N1000_m2_hetb,0.75,case_II,35,20,0.9172977047909027,0.0,3.0,0.0001568805359623807,0.0005848547482399538,0.248106885627292,459,651,794,653,932
synthetic_N1000_m2_hetb,0.75,case_II,36,20,0.03959287666420286,-460.75,4.0,0.00022884200419495018,0.0006599118122350041,3.8416284933431886,863,445,666,569,217
synthetic_N1000_m2_hetb,0.75,case_II,37,200,0.5285892632600216,1000.355,11.0,0.0024265925414506486,0.0015223398565949462,5.185518104139762,72,96,119,112,134
synthetic_N1000_m2_hetb,0.75,case_II,38,200,0.4593358828854037,812.53,15.0,0.004404499316195047,0.0021066612821018277,8.109961756718944,103,61,66,64,78
synthetic_N1000_m2_hetb,0.75,case_II,39,20,0.0623495791498756,-590.2,3.0,8.535328347787551e-05,0.0005273604245503946,2.8129512625503734,890,652,962,928,347
synthetic_N1000_m2_hetb,0.75,case_II,40,20,0.641328169139375,-633.95,4.0,0.00035104207638825735,0.0006596066400344114,1.4346873234425002,897,446,522,571,672
synthetic_N1000_m2_hetb,0.75,case_II,41,20,0.8526328384806567,-551.2,3.0,0.00011105886217879512,0.0005156647596315151,0.4421014845580298,880,653,908,977,893
synthetic_N1000_m2_hetb,0.75,case_II,42,200,0.592941018104284,304.9,5.0,0.0006146501867697711,0.00084285635261501,2.03529490947858,245,337,349,333,536
synthetic_N1000_m2_hetb,0.75,case_II,43,20,0.2600974477372232,0.0,3.0,0.00013472597024282427,0.000592019058116966,2.2197076567883305,460,654,840,645,485
synthetic_N1000_m2_hetb,0.75,case_II,44,20,0.8398815210314088,-64.1,4.0,0.0002619708876781975,0.0006293771432028058,0.6404739158743649,681,447,619,631,836
synthetic_N1000_m2_hetb,0.75,case_II,45,20,0.5094958815215094,48.55,11.0,0.0029794471753819356,0.0015648815814122063,5.395545303263397,400,97,107,108,132
synthetic_N1000_m2_hetb,0.75,case_II,46,20,0.510888884466533,-641.3,3.0,0.0002864800142978958,0.0005504918315251263,1.4673333466004008,900,655,589,788,663
synthetic_N1000_m2_hetb,0.75,case_II,47,20,0.7530302077021779,29.6,5.0,0.0006530428066387908,0.0008118145836064424,1.2348489614891105,417,338,333,362,712
synthetic_N1000_m2_hetb,0.75,case_II,48,20,0.14792203578495655,-377.9,3.0,0.00021160709797395677,0.0005670059873510688,2.5562338926451305,839,656,697,702,411
synthetic_N1000_m2_hetb,0.75,case_II,49,20,0.819626719119277,-584.3,8.0,0.0015031877718994818,0.0011807675626873014,1.4429862470457842,886,166,180,185,669
synthetic_N1000_m2_hetb,0.75,case_II,50,20,0.6832869060032571,77.85,7.0,0.0007167026406027751,0.0010556075439481255,2.2169916579772,383,206,318,231,486
synthetic_N1000_m2_hetb,0.75,case_II,51,20,0.787096941554801,29.6,3.0,7.729492272585483e-05,0.0005463913067049796,0.6387091753355969,418,657,974,810,838
synthetic_N1000_m2_hetb,0.75,case_II,52,20,0.19161625902013524,233.5,10.0,0.0016509314657404818,0.0014092060647760462,8.083837409798647,288,115,158,126,79
synthetic_N1000_m2_hetb,0.75,case_II,53,20,0.80236416113453,-691.45,3.0,0.00011224698111431237,0.0005817393240547979,0.59290751659641,920,658,906,663,851
synthetic_N1000_m2_hetb,0.75,case_II,54,20,0.19132392605720028,-43.4,3.0,4.1644084761233984e-05,0.0004918482697225226,2.4260282218283993,655,659,998,999,436
synthetic_N1000_m2_hetb,0.75,case_II,55,20,0.08155261736351271,746.55,3.0,0.00011789410763555766,0.0005173180333819355,2.7553421479094617,113,660,887,970,359
synthetic_N1000_m2_hetb,0.75,case_II,56,20,0.8552269742870702,-323.7,4.0,0.00035395790171024116,0.0006830629497460248,0.5790921028517193,811,448,518,506,859
synthetic_N1000_m2_hetb,0.75,case_II,57,20,0.8612834961776684,0.0,7.0,0.001045323422942993,0.0010218924165647783,0.9710155267563211,461,207,241,250,774
synthetic_N1000_m2_hetb,0.75,case_II,58,20,0.8765370964165805,0.0,3.0,0.0003572293875780636,0.0005444671553378424,0.3703887107502585,462,661,515,821,908
synthetic_N1000_m2_hetb,0.75,case_II,59,20,0.4719097193587902,-366.4,3.0,0.00019747064980466417,0.0005414086253668464,1.5842708419236293,827,662,724,845,636
synthetic_N1000_m2_hetb,0.75,case_II,60,20,0.2740483886137183,120.05,4.0,0.00032162280873197595,0.0006763112580773275,2.903806445545127,339,449,557,523,327
synthetic_N1000_m2_hetb,0.75,case_II,61,20,0.007091828603166261,-14.5,3.0,0.00011680431203190508,0.0005179765283765015,2.9787245141905014,634,663,889,964,313
synthetic_N1000_m2_hetb,0.75,case_II,62,20,0.6457208955749478,0.0,3.0,0.00010720718123620736,0.000603102817301382,1.0628373132751565,463,664,916,640,754
synthetic_N1000_m2_hetb,0.75,case_II,63,20,0.719909383508693,-183.4,4.0,0.0002726481687893232,0.0006606611496385753,1.1203624659652278,740,450,610,568,737
synthetic_N1000_m2_hetb,0.75,case_II,64,20,0.8355692165002742,88.75,3.0,7.192186329285572e-05,0.0005226209595843349,0.4932923504991775,363,665,980,954,882
synthetic_N1000_m2_hetb,0.75,case_II,65,20,0.28187782736454214,445.85,5.0,0.0004694315423575413,0.0008042767591634286,3.5906108631772895,192,339,426,377,243
synthetic_N1000_m2_hetb,0.75,case_II,66,20,0.2152181671629736,-398.5,3.0,0.00014649541883106405,0.0005621576584704382,2.354345498511079,846,666,814,721,453
synthetic_N1000_m2_hetb,0.75,case_II,67,200,0.6393313800665879,130.855,16.0,0.005621182709333791,0.002208789455968288,5.770697918934594,336,52,50,55,121
synthetic_N1000_m2_hetb,0.75,case_II,68,20,0.8050548331450097,547.25,3.0,0.00019220817512968823,0.0005462892860661061,0.5848355005649709,154,667,738,813,855
synthetic_N1000_m2_hetb,0.75,case_II,69,20,0.9636708728449709,0.0,3.0,0.00013677728615921496,0.0005307968949194791,0.10898738146508735,464,668,835,908,974
synthetic_N1000_m2_hetb,0.75,case_II,70,20,0.15052483042117748,174.45,5.0,0.00042142246849580445,0.0007637723792869688,4.247375847894112,313,340,461,431,180
synthetic_N1000_m2_hetb,0.75,case_II,71,200,0.48221238819933654,872.525,14.0,0.0036193750710930344,0.0018923765932048343,7.249026565209288,91,68,86,76,87
synthetic_N1000_m2_hetb,0.75,case_II,72,20,0.8947158621961735,0.0,4.0,0.000387491645477514,0.0006583418774406158,0.421136551215306,465,451,487,575,898
synthetic_N1000_m2_hetb,0.75,case_II,73,200,0.4227169069454373,574.415,19.0,0.006691656436933807,0.0025569479363539336,10.968378768036692,144,45,47,47,48
synthetic_N1000_m2_hetb,0.75,case_II,74,20,0.5895020620840481,246.1,4.0,0.00020134318262358695,0.0006525358694655077,1.6419917516638076,280,452,717,594,622
synthetic_N1000_m2_hetb,0.75,case_II,75,200,0.0244906774933632,533.715,4.0,0.00021025819674792191,0.0006898202235529286,3.902037290026547,159,453,704,479,209
synthetic_N1000_m2_hetb,0.75,case_II,76,20,0.6734598871529389,-825.4,5.0,0.0005445141162760064,0.0008229026742829187,1.6327005642353054,946,341,384,352,625
synthetic_N1000_m2_hetb,0.75,case_II,77,200,0.9190886196338225,431.155,59.0,0.049003234344138655,0.007789696904876543,4.773771441604473,197,4,4,4,155
synthetic_N1000_m2_hetb,0.75,case_II,78,200,0.8268253295567211,145.485,18.0,0.007817726321040582,0.002585829874810261,3.117144067979021,333,47,45,46,293
synthetic_N1000_m2_hetb,0.75,case_II,79,20,0.8855202667099468,-323.7,4.0,0.00036064835304606133,0.0006858771403650103,0.4579189331602129,812,454,513,493,889
synthetic_N1000_m2_hetb,0.75,case_II,80,20,0.6603553805205233,-970.5,6.0,0.0016642935622899384,0.0009558617963898355,2.03786771687686,968,258,157,270,535
synthetic_N1000_m2_hetb,0.75,case_II,81,20,0.24555226724317758,-161.3,4.0,0.0003235784902240817,0.0007490953819025631,3.0177909310272897,731,455,555,440,298
synthetic_N1000_m2_hetb,0.75,case_II,82,20,0.7685169988962544,0.0,4.0,0.0002813906384024511,0.0006499285058756447,0.9259320044149826,466,456,599,602,779
synthetic_N1000_m2_hetb,0.75,case_II,83,20,0.2116747426075105,-226.05,7.0,0.001012638243975644,0.0010479918673659042,5.518276801747426,772,208,245,236,129
synthetic_N1000_m2_hetb,0.75,case_II,84,20,0.8312748346644612,292.95,4.0,0.00023306848312983053,0.0006558300452137633,0.6749006613421553,251,457,662,585,826
synthetic_N1000_m2_hetb,0.75,case_II,85,20,0.06271792257076825,-14.5,6.0,0.0006334070548838364,0.0009286329569833602,5.623692464575391,635,259,339,299,125
synthetic_N1000_m2_hetb,0.75,case_II,86,20,0.8254878133935558,461.55,6.0,0.0005470202799680346,0.0009176778953965728,1.0470731196386651,180,260,382,305,758
synthetic_N1000_m2_hetb,0.75,case_II,87,200,0.1645072664741013,1618.62,15.0,0.004666526566808563,0.00211021995417345,12.532391002888481,42,62,63,63,36
synthetic_N1000_m2_hetb,0.75,case_II,88,20,0.37514699649664185,0.0,3.0,0.00027691956629195607,0.0005354504395565585,1.8745590105100745,467,669,605,877,567
synthetic_N1000_m2_hetb,0.75,case_II,89,200,0.3167381665569643,920.105,6.0,0.0006128620994698301,0.0008954947120734908,4.099571000658214,84,261,351,324,194
synthetic_N1000_m2_hetb,0.75,case_II,90,200,0.6913370352777413,263.28,14.0,0.004424901583135402,0.001967849485428366,4.321281506111623,268,69,65,69,176
synthetic_N1000_m2_hetb,0.75,case_II,91,200,0.17857187817437192,2069.165,23.0,0.010568272535253484,0.0031679481399206973,18.892846801989446,31,33,35,33,21
synthetic_N1000_m2_hetb,0.75,case_II,92,20,0.39625616221698645,9.55,3.0,0.00014814649970931737,0.0005526631759217083,1.8112315133490406,447,670,810,778,591
synthetic_N1000_m2_hetb,0.75,case_II,93,200,0.0058245951079809455,1269.59,9.0,0.001727577925113318,0.0012889487747242039,8.947578644028171,55,131,156,158,65
synthetic_N1000_m2_hetb,0.75,case_II,94,200,0.2624947127501015,3442.115,32.0,0.021804196242481234,0.004356209627063191,23.600169191996752,16,17,16,17,13
synthetic_N1000_m2_hetb,0.75,case_II,95,200,0.42118881422895527,2663.405,20.0,0.010018146863663629,0.0027031520758615127,11.576223715420895,21,41,39,44,44
synthetic_N1000_m2_hetb,0.75,case_II,96,200,0.10592123670732445,466.825,3.0,0.00024838607593329716,0.000568471061141866,2.6822362898780265,177,671,637,700,376
synthetic_N1000_m2_hetb,0.75,case_II,97,200,0.6331599460365578,1022.995,26.0,0.014182322161815994,0.0035206080808394074,9.537841403049498,69,28,27,28,64
synthetic_N1000_m2_hetb,0.75,case_II,98,20,0.38042426988653233,712.6,11.0,0.0038999669661585997,0.001602932081779329,6.815333031248144,121,98,81,97,94
synthetic_N1000_m2_hetb,0.75,case_II,99,20,0.7252939380762389,105.05,8.0,0.0013523365068187844,0.0011746088622401078,2.197648495390089,351,167,197,187,493
synthetic_N1000_m2_hetb,0.75,case_II,100,20,0.6538660110683944,-79.8,4.0,0.00032930061581284265,0.0006847259206584032,1.3845359557264225,699,458,548,500,684
synthetic_N1000_m2_hetb,0.75,case_II,101,20,0.4312267487774062,-188.1,3.0,0.00020656891963033696,0.0005453552212796233,1.7063197536677814,760,672,711,819,610
synthetic_N1000_m2_hetb,0.75,case_II,102,20,0.8673205056421992,213.4,7.0,0.0014892509471500324,0.0010798118461340439,0.9287564605046056,296,209,184,219,778
synthetic_N1000_m2_hetb,0.75,case_II,103,200,0.632135117500167,980.245,14.0,0.0033692936865003993,0.0018861216412199417,5.150108354997661,74,70,92,77,138
synthetic_N1000_m2_hetb,0.75,case_II,104,20,0.8102743521062991,29.6,3.0,7.811131091887714e-05,0.0005178475493312323,0.5691769436811028,419,673,973,965,860
synthetic_N1000_m2_hetb,0.75,case_II,105,20,0.341794723940113,-590.6,4.0,0.00048186233442141813,0.0006910890188077342,2.632821104239548,891,459,416,478,391
synthetic_N1000_m2_hetb,0.75,case_II,106,20,0.5436692896684556,3.35,4.0,0.00019478395459407997,0.0006303280873973828,1.8253228413261775,450,460,731,630,585
synthetic_N1000_m2_hetb,0.75,case_II,107,200,0.1962968851147534,1546.2,15.0,0.005460363853207518,0.0021284208697732216,12.055546723278699,46,63,51,61,39
synthetic_N1000_m2_hetb,0.75,case_II,108,20,0.9961411901186279,0.0,3.0,0.0004248588825119548,0.000573174272091015,0.011576429644116315,468,674,458,678,995
synthetic_N1000_m2_hetb,0.75,case_II,109,20,0.24321546430632712,260.75,6.0,0.0008936979178876624,0.0009522678544030994,4.540707214162037,272,262,267,272,167
synthetic_N1000_m2_hetb,0.75,case_II,110,20,0.25686746722710274,102.85,5.0,0.0004439819219873083,0.0007451296735692624,3.715662663864486,353,342,442,442,229
synthetic_N1000_m2_hetb,0.75,case_II,111,20,0.07319007239096598,-655.9,3.0,0.0001774111358494037,0.000556847664994679,2.780429782827102,909,675,752,744,354
synthetic_N1000_m2_hetb,0.75,case_II,112,200,0.2578031189967366,514.13,6.0,0.0007345301619934892,0.0009060195110549075,4.45318128601958,164,263,312,317,172
synthetic_N1000_m2_hetb,0.75,case_II,113,20,0.7631285325440532,-691.45,3.0,0.00010383683395602216,0.0005205067150417461,0.7106144023678403,921,676,925,959,819
synthetic_N1000_m2_hetb,0.75,case_II,114,20,0.6978935706830813,152.75,6.0,0.0006189813585913892,0.0009304579826316572,1.812638575901512,328,264,347,296,590
synthetic_N1000_m2_hetb,0.75,case_II,115,20,0.12867321231716944,-153.8,4.0,0.00016529045656589426,0.0006523011041068558,3.4853071507313222,724,461,783,597,257
synthetic_N1000_m2_hetb,0.75,case_II,116,200,0.37623850142809423,1141.53,14.0,0.003233689054105179,0.0019400051494208035,8.732660980006681,62,71,99,73,69
synthetic_N1000_m2_hetb,0.75,case_II,117,20,0.4209213946174629,-1294.65,3.0,0.0001224040503607904,0.0005306934130227519,1.7372358161476114,988,677,880,909,605
synthetic_N1000_m2_hetb,0.75,case_II,118,20,0.6649842463619607,-67.05,9.0,0.001528138587450985,0.0012817478828322155,3.0151417827423534,691,132,177,161,300
synthetic_N1000_m2_hetb,0.75,case_II,119,20,0.45592896304374886,0.0,3.0,9.687439886275724e-05,0.0005694732763116277,1.6322131108687534,469,678,941,694,626
synthetic_N1000_m2_hetb,0.75,case_II,120,20,0.5865183268255314,-150.3,3.0,0.00012732660139523698,0.0005511625560348651,1.2404450195234058,723,679,863,786,710
synthetic_N1000_m2_hetb,0.75,case_II,121,20,0.8396846036089424,-1037.8,4.0,0.0003870162927609235,0.0006933641410499741,0.6412615855642305,973,462,488,472,835
synthetic_N1000_m2_hetb,0.75,case_II,122,200,0.7264736103123705,1060.37,23.0,0.010135863831053185,0.0031246312674870175,6.29110696281548,67,34,38,34,105
synthetic_N1000_m2_hetb,0.75,case_II,123,20,0.36500726350855894,-316.2,4.0,0.00018105155921077724,0.000688104518060366,2.5399709459657642,808,463,747,482,416
synthetic_N1000_m2_hetb,0.75,case_II,124,20,0.44839630934448427,-183.4,3.0,9.373714347413387e-05,0.0005570882008317758,1.6548110719665472,741,680,948,742,621
synthetic_N1000_m2_hetb,0.75,case_II,125,20,0.3676995696900066,102.4,3.0,0.00022470703770417264,0.0005442641910505216,1.8969012909299803,355,681,675,822,563
synthetic_N1000_m2_hetb,0.75,case_II,126,20,0.10973466400669674,-878.0,11.0,0.0022023755902267485,0.0015283570718633563,9.792918695926335,961,99,128,111,59
synthetic_N1000_m2_hetb,0.75,case_II,127,20,0.2032415440873966,0.0,3.0,7.478666567942015e-05,0.0005948968600623784,2.3902753677378104,470,682,975,643,443
synthetic_N1000_m2_hetb,0.75,case_II,128,20,0.2838064889441311,-73.5,3.0,0.00013885304479243152,0.0005459073457092047,2.148580533167607,695,683,830,816,507
synthetic_N1000_m2_hetb,0.75,case_II,129,20,0.3141338956023022,29.6,3.0,0.0001517810575736387,0.0005167463141119088,2.0575983131930933,420,684,798,973,532
synthetic_N1000_m2_hetb,0.75,case_II,130,200,0.3130478588199377,522.085,5.0,0.00036275859117475425,0.0007787826292658421,3.4347607059003114,162,343,510,418,261
synthetic_N1000_m2_hetb,0.75,case_II,131,20,0.576699716252952,0.0,4.0,0.0002113225924019852,0.0006683367401187029,1.693201134988192,471,464,701,545,613
synthetic_N1000_m2_hetb,0.75,case_II,132,20,0.9716899756197547,0.0,8.0,0.001350103079598178,0.0011318775160725927,0.2264801950419626,472,168,198,203,936
synthetic_N1000_m2_hetb,0.75,case_II,133,20,0.774664134923732,0.0,4.0,0.00012520203008619453,0.000641556286754429,0.9013434603050721,473,465,871,621,783
synthetic_N1000_m2_hetb,0.75,case_II,134,20,0.7911339481728052,334.3,3.0,0.00031760938715922065,0.0005435447474510575,0.6265981554815843,237,685,563,829,844
synthetic_N1000_m2_hetb,0.75,case_II,135,20,0.75926850053958,-641.3,4.0,0.0003740736078156933,0.0006752235906524256,0.9629259978416802,901,466,500,527,775
synthetic_N1000_m2_hetb,0.75,case_II,136,20,0.5969877305237564,502.1,8.0,0.0015372865896521222,0.001214295181370095,3.2240981558099486,168,169,174,172,277
synthetic_N1000_m2_hetb,0.75,case_II,137,20,0.9176922571709127,0.0,5.0,0.0005799806812453342,0.0007923936979289973,0.4115387141454363,474,344,366,398,902
synthetic_N1000_m2_hetb,0.75,case_II,138,200,0.689630155447081,956.545,20.0,0.007390328930134258,0.0027291409644356695,6.207396891058381,77,42,46,41,107
synthetic_N1000_m2_hetb,0.75,case_II,139,20,0.500356430736871,0.0,3.0,0.0002295033171597451,0.0005853633032048308,1.4989307077893872,475,686,664,651,656
synthetic_N1000_m2_hetb,0.75,case_II,140,20,0.07708380850053875,66.85,4.0,0.00016589716411542386,0.0006691111293334767,3.691664765997845,390,467,782,544,233
synthetic_N1000_m2_hetb,0.75,case_II,141,20,0.48844922708552385,-227.5,5.0,0.0005411436472234196,0.0007875655226676709,2.5577538645723807,774,345,387,402,410
synthetic_N1000_m2_hetb,0.75,case_II,142,20,0.21283099534033434,-1272.65,9.0,0.0014396174722521465,0.0013468529050627595,7.084521041936991,986,133,189,134,90
synthetic_N1000_m2_hetb,0.75,case_II,143,20,0.13269629754678725,-371.9,3.0,0.00023481614989028827,0.0005354261787454842,2.6019111073596384,836,687,659,878,401
synthetic_N1000_m2_hetb,0.75,case_II,144,20,0.506064922529373,149.05,4.0,0.0003935645616057355,0.0007052639720810342,1.9757403098825081,329,468,480,456,547
synthetic_N1000_m2_hetb,0.75,case_II,145,200,0.785085292596959,595.045,12.0,0.0027008812897217974,0.0017021348218863627,2.5789764888364917,137,88,112,91,405
synthetic_N1000_m2_hetb,0.75,case_II,146,20,0.29500644280551946,163.95,3.0,0.000106900243544966,0.000570257519840768,2.1149806715834414,319,688,917,689,518
synthetic_N1000_m2_hetb,0.75,case_II,147,20,0.7687717599091665,-211.35,8.0,0.001766777797408711,0.0011576299561926354,1.8498259207266683,767,170,152,197,576
synthetic_N1000_m2_hetb,0.75,case_II,148,20,0.5256295231622541,437.55,4.0,0.0004133535022595134,0.0006713306301742623,1.8974819073509837,195,469,466,535,562
synthetic_N1000_m2_hetb,0.75,case_II,149,20,0.14904802337071255,-325.15,8.0,0.0016139362373674751,0.0012348866301519588,6.8076158130343,817,171,163,167,95
synthetic_N1000_m2_hetb,0.75,case_II,150,20,0.9649677439797357,0.0,3.0,0.0002428935416576134,0.0005517597755348223,0.10509676806079282,476,689,644,784,976
synthetic_N1000_m2_hetb,0.75,case_II,151,20,0.4016362238885175,-588.75,3.0,0.00016119810804882389,0.0005247929887380014,1.7950913283344474,889,690,787,944,596
synthetic_N1000_m2_hetb,0.75,case_II,152,20,0.2952342556626958,161.05,3.0,0.00013162853775510873,0.0005845058481705861,2.1142972330119125,320,691,854,654,519
synthetic_N1000_m2_hetb,0.75,case_II,153,20,0.8469983706337296,344.9,5.0,0.0002980032803081228,0.0007706569061115239,0.7650081468313519,231,346,581,427,806
synthetic_N1000_m2_hetb,0.75,case_II,154,20,0.12446033251547983,-403.15,3.0,0.00012652592964361862,0.0005560237055789346,2.6266190024535607,848,692,866,750,394
synthetic_N1000_m2_hetb,0.75,case_II,155,20,0.7335904610737034,-183.4,6.0,0.001009663187020918,0.0009723923314332943,1.5984572335577796,742,265,246,260,634
synthetic_N1000_m2_hetb,0.75,case_II,156,200,0.18782474256546833,1917.75,17.0,0.0047375130728139776,0.002297863960108212,13.806979376387039,35,49,61,50,31
synthetic_N1000_m2_hetb,0.75,case_II,157,20,0.39249177601258245,66.45,3.0,3.8720467200736745e-05,0.0004954045167984396,1.8225246719622525,391,693,999,997,586
synthetic_N1000_m2_hetb,0.75,case_II,158,200,0.23189987846213844,545.355,9.0,0.0017398144806534401,0.0012930628669689914,6.912901093840754,157,134,155,156,93
synthetic_N1000_m2_hetb,0.75,case_II,159,20,0.8412279926923869,-366.4,3.0,0.00011228591780593604,0.0005466183029445792,0.4763160219228393,828,694,905,809,886
synthetic_N1000_m2_hetb,0.75,case_II,160,200,0.39007455193986174,368.665,3.0,0.0001387179365066579,0.0005353426821140601,1.8297763441804147,219,695,831,879,583
synthetic_N1000_m2_hetb,0.75,case_II,161,20,0.9746928128822893,0.0,4.0,0.0003241617120177896,0.0006537711072584185,0.10122874847084296,477,470,553,589,980
synthetic_N1000_m2_hetb,0.75,case_II,162,20,0.6252614844151068,-33.85,4.0,0.00043774011008242835,0.000686178408833091,1.498954062339573,648,471,448,491,655
synthetic_N1000_m2_hetb,0.75,case_II,163,200,0.6936228347029152,1346.67,28.0,0.015163987425465009,0.003765717872487815,8.578560628318375,53,25,25,25,71
synthetic_N1000_m2_hetb,0.75,case_II,164,20,0.5215251221324175,148.8,7.0,0.0009957415572060392,0.0010483768645173125,3.3493241450730773,330,210,251,235,271
synthetic_N1000_m2_hetb,0.75,case_II,165,20,0.30896819907559114,340.3,3.0,6.35516048596573e-05,0.0005419448819116295,2.0730954027732267,233,696,989,842,529
synthetic_N1000_m2_hetb,0.75,case_II,166,20,0.3955564210524287,-248.05,3.0,0.00013149346818035296,0.0005873470115382747,1.8133307368427138,783,697,855,650,589
synthetic_N1000_m2_hetb,0.75,case_II,167,20,0.9409341876619017,0.0,9.0,0.001547968820945348,0.0013332762051889732,0.5315923110428844,478,135,173,136,871
synthetic_N1000_m2_hetb,0.75,case_II,168,20,0.20120320072466447,-437.6,10.0,0.0031866546476889304,0.001436981843444174,7.987967992753355,855,116,102,123,80
synthetic_N1000_m2_hetb,0.75,case_II,169,20,0.9882189012202123,0.0,4.0,0.00023732072400558938,0.0006758477814173085,0.0471243951191509,479,472,654,526,991
synthetic_N1000_m2_hetb,0.75,case_II,170,20,0.7583058620038184,0.0,3.0,0.00022040567615672356,0.0005210504728221178,0.7250824139885447,480,698,681,956,814
synthetic_N1000_m2_hetb,0.75,case_II,171,200,0.35978692649261024,8571.085,58.0,0.038847733132791926,0.007520141336127491,37.13235826342861,1,5,7,5,2
synthetic_N1000_m2_hetb,0.75,case_II,172,20,0.6415135895056033,15.25,3.0,6.876728264217942e-05,0.0005088190142627632,1.07545923148319,442,699,987,987,750
synthetic_N1000_m2_hetb,0.75,case_II,173,20,0.38098153929308753,-279.05,3.0,0.00017132128515074757,0.0005233512494745873,1.8570553821207374,797,700,762,949,574
synthetic_N1000_m2_hetb,0.75,case_II,174,20,0.38149293263992,816.2,10.0,0.0033149898603416915,0.001451731348569703,6.1850706736008,102,117,94,121,108
synthetic_N1000_m2_hetb,0.75,case_II,175,20,0.5038029501945296,175.5,8.0,0.00213319016238633,0.001251728412221664,3.9695763984437633,308,172,130,165,200
synthetic_N1000_m2_hetb,0.75,case_II,176,20,0.016722821635377083,-130.9,5.0,0.0004001184834673384,0.0007862356974824719,4.916385891823115,715,347,473,406,147
synthetic_N1000_m2_hetb,0.75,case_II,177,200,0.4935715599433962,793.655,20.0,0.008229397892431335,0.0027061701464608833,10.128568801132076,106,43,43,43,53
synthetic_N1000_m2_hetb,0.75,case_II,178,200,0.971598413446888,26.8,14.0,0.004599897162494349,0.001924963186975765,0.3976222117435677,434,72,64,74,905
synthetic_N1000_m2_hetb,0.75,case_II,179,20,0.28546522878557845,770.1,6.0,0.0006889549286818777,0.0008837104569061277,4.287208627286529,110,266,326,325,177
synthetic_N1000_m2_hetb,0.75,case_II,180,20,0.7482179590766121,-1181.1,9.0,0.0019318984188868161,0.0012875662796317795,2.2660383683104905,980,136,141,159,477
synthetic_N1000_m2_hetb,0.75,case_II,181,20,0.44278889007049504,354.1,3.0,0.0001832106039954495,0.0005377029936535524,1.6716333297885149,228,701,745,860,617
synthetic_N1000_m2_hetb,0.75,case_II,182,20,0.20928104261778546,0.0,3.0,0.0001328613482836125,0.0005704461253675278,2.3721568721466437,481,702,847,688,448
synthetic_N1000_m2_hetb,0.75,case_II,183,20,0.9050025708181295,-64.1,5.0,0.0003941298488796284,0.0008026616252198133,0.4749871459093524,682,348,478,380,887
synthetic_N1000_m2_hetb,0.75,case_II,184,20,0.016827284680212995,-559.45,6.0,0.001460875664922262,0.0009634428752035211,5.899036291918722,882,267,188,265,116
synthetic_N1000_m2_hetb,0.75,case_II,185,20,0.3035089265995107,-306.0,3.0,0.00020412905762359196,0.0005547843215273,2.089473220201468,805,703,714,758,525
synthetic_N1000_m2_hetb,0.75,case_II,186,20,0.9990258823239375,0.0,4.0,0.0006987040961093986,0.0007024999488059078,0.0038964707042499214,482,473,323,462,998
synthetic_N1000_m2_hetb,0.75,case_II,187,200,0.2621467961899895,1456.8,12.0,0.003954885646550957,0.001650804650393222,8.854238445720126,51,89,78,95,67
synthetic_N1000_m2_hetb,0.75,case_II,188,20,0.849044521859272,339.95,4.0,0.00048257571280481453,0.0006886069621746627,0.6038219125629118,234,474,414,481,847
synthetic_N1000_m2_hetb,0.75,case_II,189,20,0.6056831486557043,39.65,4.0,0.00015516615470165083,0.0006267146873580958,1.577267405377183,414,475,796,634,637
synthetic_N1000_m2_hetb,0.75,case_II,190,20,0.8060357075271236,-64.1,3.0,0.000148856026343117,0.0005415932447904793,0.5818928774186292,683,704,807,844,857
synthetic_N1000_m2_hetb,0.75,case_II,191,20,0.6303177554434782,-484.9,4.0,0.0002978622330284013,0.0006496174566416573,1.478728978226087,866,476,582,604,661
synthetic_N1000_m2_hetb,0.75,case_II,192,20,0.3626968570578484,-690.7,4.0,0.00033105331073191426,0.0006848632552142,2.5492125717686065,919,477,545,498,414
synthetic_N1000_m2_hetb,0.75,case_II,193,20,0.7607887845834825,0.0,3.0,0.00013783682198268546,0.000531359723261018,0.7176336462495524,483,705,833,906,816
synthetic_N1000_m2_hetb,0.75,case_II,194,200,0.026484548903972338,4505.785,32.0,0.014724071874091181,0.0041675877158963625,31.152494435072885,9,18,26,20,7
synthetic_N1000_m2_hetb,0.75,case_II,195,20,0.4468129517344519,-208.25,4.0,0.0003857891233008342,0.0006849003477153953,2.2127481930621924,765,478,491,497,488
synthetic_N1000_m2_hetb,0.75,case_II,196,20,0.371854569870106,953.3,3.0,0.0001438014577814763,0.000533211502244565,1.884436290389682,78,706,820,895,566
synthetic_N1000_m2_hetb,0.75,case_II,197,20,0.4770740056373495,-329.65,7.0,0.0008707105990130643,0.0010277577702360356,3.6604819605385535,819,211,278,247,239
synthetic_N1000_m2_hetb,0.75,case_II,198,200,0.1276206864960696,4898.635,29.0,0.0157346458708683,0.0039174196023348765,25.29900009161398,8,23,23,24,12
synthetic_N1000_m2_hetb,0.75,case_II,199,20,0.22250686594627245,-161.05,5.0,0.00037311204533292246,0.0007941550574942966,3.8874656702686377,730,349,502,394,210
synthetic_N1000_m2_hetb,0.75,case_II,200,20,0.5620515900997094,0.0,3.0,0.00016298830205192685,0.0005709219468846847,1.3138452297008718,484,707,786,686,699
synthetic_N1000_m2_hetb,0.75,case_II,201,20,0.38776911565595396,-183.4,3.0,0.00010464820568165014,0.0005529305156303222,1.8366926530321381,743,708,923,772,581
synthetic_N1000_m2_hetb,0.75,case_II,202,20,0.7916562055903406,0.0,5.0,0.000548322679347921,0.000815245875116537,1.0417189720482973,485,350,378,357,759
synthetic_N1000_m2_hetb,0.75,case_II,203,20,0.6051365892775145,0.0,3.0,0.00015768205890323055,0.0005237235863555412,1.1845902321674566,486,709,791,948,723
synthetic_N1000_m2_hetb,0.75,case_II,204,20,0.8612666847869941,0.0,4.0,0.00030511246352770853,0.0006945112396752613,0.5549332608520237,487,479,575,469,864
synthetic_N1000_m2_hetb,0.75,case_II,205,20,0.7323608373256045,0.0,5.0,0.00037576192899902155,0.0008078524280554545,1.3381958133719773,488,351,498,372,693
synthetic_N1000_m2_hetb,0.75,case_II,206,200,0.601823447758565,915.44,21.0,0.00814515634802967,0.0028415968252240693,8.361707597070135,85,37,44,38,75
synthetic_N1000_m2_hetb,0.75,case_II,207,20,0.2876156021959957,286.55,3.0,0.0002188620017574588,0.000577865756081398,2.137153193412013,258,710,684,670,513
synthetic_N1000_m2_hetb,0.75,case_II,208,20,0.7827604679261685,-430.5,4.0,0.00028511829626210676,0.0006653354508781508,0.868958128295326,850,480,592,551,787
synthetic_N1000_m2_hetb,0.75,case_II,209,20,0.2512675781710818,-1602.05,6.0,0.000839266581645074,0.000952187347380158,4.49239453097351,997,268,289,273,170
synthetic_N1000_m2_hetb,0.75,case_II,210,20,0.07521111181440443,764.0,3.0,0.0001247537326939348,0.0005695184201571855,2.7743666645567866,111,711,876,693,355
synthetic_N1000_m2_hetb,0.75,case_II,211,20,0.9628645784432278,0.0,3.0,0.00016367647665018197,0.0005935951695396021,0.11140626467031656,489,712,785,644,972
synthetic_N1000_m2_hetb,0.75,case_II,212,20,0.5400112050964692,111.8,3.0,9.256474075787904e-05,0.0005458655607474372,1.3799663847105925,347,713,953,817,685
synthetic_N1000_m2_hetb,0.75,case_II,213,20,0.7738942975498113,-434.85,6.0,0.0008928711450601629,0.0009264862883715328,1.356634214701132,854,269,269,300,690
synthetic_N1000_m2_hetb,0.75,case_II,214,20,0.5292228076303601,209.25,3.0,6.32422717903752e-05,0.0005095228672174486,1.4123315771089198,298,714,990,985,679
synthetic_N1000_m2_hetb,0.75,case_II,215,20,0.6115797303718215,339.3,4.0,0.0002932529900536729,0.0006492539890306714,1.5536810785127142,235,481,584,607,643
synthetic_N1000_m2_hetb,0.75,case_II,216,200,0.03389225051650624,1092.625,10.0,0.002665438383196185,0.0014551789679158684,9.661077494834938,66,118,113,119,62
synthetic_N1000_m2_hetb,0.75,case_II,217,20,0.18679367935380853,385.4,4.0,0.00041472392798622674,0.0006796406773320041,3.252825282584766,213,482,465,519,275
synthetic_N1000_m2_hetb,0.75,case_II,218,200,0.6746893954347775,505.625,13.0,0.004021857897434358,0.0018693777537173413,4.229037859347893,167,79,76,78,182
synthetic_N1000_m2_hetb,0.75,case_II,219,20,0.5705645979524983,676.5,7.0,0.0008876871803976588,0.001112176925068202,3.0060478143325122,125,212,272,207,303
synthetic_N1000_m2_hetb,0.75,case_II,220,200,0.15855503398671267,1737.015,13.0,0.0036139987004617977,0.0017858242537768928,10.938784558172735,41,80,87,86,49
synthetic_N1000_m2_hetb,0.75,case_II,221,20,0.9520292687261848,0.0,3.0,0.00031206488557586294,0.0005809778669340826,0.1439121938214457,490,715,568,664,961
synthetic_N1000_m2_hetb,0.75,case_II,222,20,0.1543536325474043,-386.0,3.0,0.0001600351747553243,0.0005388559097531172,2.536939102357787,844,716,788,859,417
synthetic_N1000_m2_hetb,0.75,case_II,223,20,0.5103032497386853,-44.1,3.0,0.00012192098022071953,0.0005471190704943308,1.4690902507839438,657,717,881,806,662
synthetic_N1000_m2_hetb,0.75,case_II,224,20,0.14400287501925768,88.35,10.0,0.0013759468865175478,0.0013762893857451905,8.559971249807424,377,119,192,129,72
synthetic_N1000_m2_hetb,0.75,case_II,225,20,0.7173717261062347,0.0,5.0,0.00036184643877369525,0.0007563140780774871,1.4131413694688266,491,352,511,434,678
synthetic_N1000_m2_hetb,0.75,case_II,226,20,0.27631301409515274,449.9,4.0,0.00031894376771685425,0.0006487743220715656,2.894747943619389,189,483,560,609,331
synthetic_N1000_m2_hetb,0.75,case_II,227,20,0.13413397512178327,358.65,3.0,9.541265536883086e-05,0.0005532840924477112,2.59759807463465,226,718,943,769,402
synthetic_N1000_m2_hetb,0.75,case_II,228,20,0.04598718067051566,-641.3,5.0,0.000563945244763005,0.0008459586300264984,4.770064096647422,902,353,372,330,156
synthetic_N1000_m2_hetb,0.75,case_II,229,20,0.17483553789762363,-65.05,3.0,0.0003084890420395151,0.000546886971450412,2.475493386307129,690,719,571,807,425
synthetic_N1000_m2_hetb,0.75,case_II,230,20,0.1917987167235664,25.1,6.0,0.0004992980939647895,0.0009955892372986793,4.849207699658601,436,270,408,256,149
synthetic_N1000_m2_hetb,0.75,case_II,231,20,0.5369720795717926,0.0,4.0,0.00047365764782505136,0.0007094212274441499,1.8521116817128296,492,484,420,454,575
synthetic_N1000_m2_hetb,0.75,case_II,232,20,0.4510388861713912,164.95,4.0,0.00031480913617535256,0.0006977541798490906,2.195844455314435,318,485,566,468,494
synthetic_N1000_m2_hetb,0.75,case_II,233,20,0.9572943672535373,0.0,7.0,0.0008582878943366365,0.0010814592705791755,0.29893942922523864,493,213,283,216,924
synthetic_N1000_m2_hetb,0.75,case_II,234,20,0.9541513368666424,0.0,3.0,0.00012284517981832988,0.0005360941131421789,0.13754598940007268,494,720,879,871,963
synthetic_N1000_m2_hetb,0.75,case_II,235,20,0.7965461104684304,0.0,4.0,0.00016778167154359695,0.0006622745270079963,0.8138155581262785,495,486,775,564,799
synthetic_N1000_m2_hetb,0.75,case_II,236,20,0.6715876339807033,0.0,3.0,0.00011270866920746605,0.0005279559084434267,0.9852370980578901,496,721,902,923,767
synthetic_N1000_m2_hetb,0.75,case_II,237,20,0.8450230915683464,116.6,8.0,0.0008115370012406486,0.0011097175286534143,1.2398152674532286,344,173,296,209,711
synthetic_N1000_m2_hetb,0.75,case_II,238,20,0.9387518284798846,0.0,4.0,0.00044389568764356143,0.0006707333214244192,0.24499268608046165,497,487,443,539,933
synthetic_N1000_m2_hetb,0.75,case_II,239,200,0.022617728887002753,7183.485,41.0,0.03108261126642214,0.005446599667134401,40.07267311563289,2,11,11,11,1
synthetic_N1000_m2_hetb,0.75,case_II,240,20,0.1181052271508587,458.3,3.0,0.00011022584638730284,0.0005302810418144198,2.645684318547424,182,722,909,910,386
synthetic_N1000_m2_hetb,0.75,case_II,241,200,0.3602638846836431,1602.17,21.0,0.011305685690097454,0.0028378292470134475,13.434458421643495,43,38,33,39,32
synthetic_N1000_m2_hetb,0.75,case_II,242,20,0.09358685304259973,-287.15,7.0,0.0010809613048738827,0.0011269889608110058,6.344892028701802,799,214,232,204,103
synthetic_N1000_m2_hetb,0.75,case_II,243,20,0.5995244730532772,194.0,4.0,0.00026143306785482526,0.0006526958713703422,1.6019021077868913,304,488,621,593,632
synthetic_N1000_m2_hetb,0.75,case_II,244,20,0.26036422234810863,-968.35,8.0,0.001038405873143595,0.0011616101843104493,5.917086221215131,967,174,244,194,115
synthetic_N1000_m2_hetb,0.75,case_II,245,20,0.2643397291323255,358.55,5.0,0.0004979402925054979,0.0007687863791047964,3.6783013543383722,227,354,410,429,234
synthetic_N1000_m2_hetb,0.75,case_II,246,20,0.2883279886478656,-812.65,5.0,0.000502201001624969,0.0008088735164026117,3.558360056760672,943,355,407,369,247
synthetic_N1000_m2_hetb,0.75,case_II,247,200,0.09771565758439005,1748.01,13.0,0.004363337892633102,0.0018618289443985642,11.72969645140293,40,81,68,79,43
synthetic_N1000_m2_hetb,0.75,case_II,248,20,0.7409444532381589,-44.1,3.0,0.00014174217845554669,0.0005603522869963326,0.7771666402855232,658,723,822,730,803
synthetic_N1000_m2_hetb,0.75,case_II,249,20,0.6506724295996501,-207.05,8.0,0.0011503312019643054,0.0011667921396028682,2.794620563202799,764,175,220,190,352
synthetic_N1000_m2_hetb,0.75,case_II,250,20,0.6065080906412624,57.0,3.0,0.0002089109041263905,0.000536076348007001,1.1804757280762126,397,724,709,872,725
synthetic_N1000_m2_hetb,0.75,case_II,251,20,0.03404558227777543,135.2,3.0,0.00022059240434002346,0.0005351473993014913,2.8978632531666735,334,725,679,881,329
synthetic_N1000_m2_hetb,0.75,case_II,252,200,0.4294641446388775,6957.03,55.0,0.0431360486840866,0.007142482214877864,31.37947204486174,4,6,5,6,6
synthetic_N1000_m2_hetb,0.75,case_II,253,20,0.6852035898998426,-685.4,7.0,0.0009500873588056622,0.0010643199903805174,2.2035748707011016,918,215,259,225,491
synthetic_N1000_m2_hetb,0.75,case_II,254,20,0.15634664990358638,-506.1,4.0,0.0004711990063891942,0.0006858683826264748,3.3746134003856545,871,489,423,494,268
synthetic_N1000_m2_hetb,0.75,case_II,255,20,0.3856578446575508,-183.4,4.0,0.0005140383349519891,0.0007065409591438133,2.4573686213697967,744,490,399,455,429
synthetic_N1000_m2_hetb,0.75,case_II,256,20,0.019834145469936892,-737.85,10.0,0.0018841153470508976,0.0014631028468532158,9.801658545300631,932,120,146,118,58
synthetic_N1000_m2_hetb,0.75,case_II,257,20,0.08185799707724206,880.4,3.0,7.009925589552682e-05,0.0005691707523633725,2.7544260087682737,90,726,983,698,360
synthetic_N1000_m2_hetb,0.75,case_II,258,20,0.2164535799990539,-294.1,6.0,0.0009281862654284224,0.0009240204769390759,4.701278520005676,801,271,262,301,162
synthetic_N1000_m2_hetb,0.75,case_II,259,20,0.41465016114124864,-400.9,7.0,0.0008659085497864324,0.0009957617034190812,4.09744887201126,847,216,281,255,195
synthetic_N1000_m2_hetb,0.75,case_II,260,20,0.46324003628737986,87.25,7.0,0.001377990428553131,0.001038231452062814,3.757319745988341,378,217,191,244,223
synthetic_N1000_m2_hetb,0.75,case_II,261,20,0.884521531618113,292.95,3.0,0.000244455313552414,0.0005344734759662737,0.34643540514566107,252,727,643,884,913
synthetic_N1000_m2_hetb,0.75,case_II,262,20,0.3166584421740133,-789.9,7.0,0.0011387416517993256,0.0010601344527422563,4.783390904781907,937,218,224,227,153
synthetic_N1000_m2_hetb,0.75,case_II,263,20,0.021463876277191374,395.5,3.0,4.8899443742567424e-05,0.0005185245730753425,2.935608371168426,211,728,995,962,321
synthetic_N1000_m2_hetb,0.75,case_II,264,20,0.8262233467711652,0.0,3.0,0.00017012703319731255,0.0005527992869856235,0.5213299596865045,498,729,766,774,873
synthetic_N1000_m2_hetb,0.75,case_II,265,20,0.061846935373572776,118.35,4.0,0.00035458916448767304,0.0006874899273852804,3.752612258505709,340,491,517,484,224
synthetic_N1000_m2_hetb,0.75,case_II,266,20,0.09299199266222835,-820.35,4.0,0.00042969114470210723,0.0006570434599260247,3.6280320293510866,944,492,455,581,241
synthetic_N1000_m2_hetb,0.75,case_II,267,20,0.963181716739735,-871.1,3.0,0.00019690572954217113,0.0005436868304303353,0.11045484978079512,956,730,725,828,973
synthetic_N1000_m2_hetb,0.75,case_II,268,20,0.7533654181283584,-915.2,4.0,0.0002912936005445487,0.0006332872872383339,0.9865383274865662,965,493,586,628,766
synthetic_N1000_m2_hetb,0.75,case_II,269,20,0.33785420277925504,0.0,3.0,0.00023884068586838908,0.0005775472340400269,1.9864373916622349,499,731,651,671,544
synthetic_N1000_m2_hetb,0.75,case_II,270,20,0.13217884161919569,563.4,6.0,0.0007328762115493859,0.0009007915424841387,5.206926950284826,148,272,313,320,133
synthetic_N1000_m2_hetb,0.75,case_II,271,200,0.38673057317186155,782.32,9.0,0.0018406193550406992,0.0012679123992036761,5.519424841453246,109,137,147,162,128
synthetic_N1000_m2_hetb,0.75,case_II,272,20,0.33919489278017356,-164.1,3.0,8.362508914490325e-05,0.0005331975393831391,1.9824153216594793,733,732,966,896,546
synthetic_N1000_m2_hetb,0.75,case_II,273,20,0.8744412014424732,0.0,6.0,0.0007634274079001868,0.0008960237232205493,0.753352791345161,500,273,306,323,808
synthetic_N1000_m2_hetb,0.75,case_II,274,20,0.41875301731404,-94.3,8.0,0.00114357061650758,0.0011780777157377738,4.64997586148768,702,176,223,186,164
synthetic_N1000_m2_hetb,0.75,case_II,275,200,0.08204500601562204,3697.945,32.0,0.019831216143556932,0.004278411551093587,29.374559807500095,13,19,18,18,9
synthetic_N1000_m2_hetb,0.75,case_II,276,20,0.9268052023585862,-53.1,9.0,0.0028055805101008567,0.0012590962623865744,0.6587531787727241,673,138,110,164,831
synthetic_N1000_m2_hetb,0.75,case_II,277,20,0.6223133637152601,-1230.2,4.0,0.00019160835612203026,0.0006417778871847561,1.5107465451389595,984,494,739,620,652
synthetic_N1000_m2_hetb,0.75,case_II,278,200,0.11670985678100221,4316.105,30.0,0.0158457898068037,0.004014141026280468,26.498704296569933,11,22,22,22,10
synthetic_N1000_m2_hetb,0.75,case_II,279,200,0.11317416004642233,2427.445,26.0,0.013482797053503278,0.0035143063264657555,23.05747183879302,25,29,29,29,14
synthetic_N1000_m2_hetb,0.75,case_II,280,20,0.46593324116426427,29.6,4.0,0.0003647352728719654,0.0006637379537586883,2.136267035342943,421,495,508,557,515
synthetic_N1000_m2_hetb,0.75,case_II,281,20,0.09208896568911618,810.2,6.0,0.0006142423034837335,0.0009133083793155443,5.447466205865303,104,274,350,307,131
synthetic_N1000_m2_hetb,0.75,case_II,282,200,0.6317521922027585,735.34,13.0,0.004370905670054925,0.0017932967367634174,4.78722150136414,115,82,67,85,151
synthetic_N1000_m2_hetb,0.75,case_II,283,20,0.6163837910949103,102.25,4.0,0.000791317054189577,0.000657782934955892,1.534464835620359,356,496,299,579,650
synthetic_N1000_m2_hetb,0.75,case_II,284,200,0.032081348618153704,868.4,9.0,0.002028883309204006,0.0013316543880710293,8.711267862436618,93,139,135,138,70
synthetic_N1000_m2_hetb,0.75,case_II,285,20,0.8074227810412945,0.0,6.0,0.000715374118258266,0.0009034879041142259,1.155463313752233,501,275,319,318,730
synthetic_N1000_m2_hetb,0.75,case_II,286,20,0.7867947609394985,-806.85,3.0,4.736943903281174e-05,0.0005027978723686996,0.6396157171815045,940,733,996,993,837
synthetic_N1000_m2_hetb,0.75,case_II,287,20,0.9153082686153085,0.0,7.0,0.0009952491681936126,0.001058093698518822,0.5928421196928408,502,219,252,230,852
synthetic_N1000_m2_hetb,0.75,case_II,288,20,0.6703066467384771,548.95,4.0,0.0004167158529533294,0.0006664021844743104,1.3187734130460917,152,497,464,548,698
synthetic_N1000_m2_hetb,0.75,case_II,289,20,0.6928622323352233,0.0,3.0,9.111624499213538e-05,0.0005740430728898762,0.9214133029943302,503,734,957,677,780
synthetic_N1000_m2_hetb,0.75,case_II,290,20,0.1637416544531679,497.25,4.0,0.00044229209147670566,0.0007153199407981276,3.3450333821873284,170,498,447,450,272
synthetic_N1000_m2_hetb,0.75,case_II,291,20,0.023888813978811707,316.15,3.0,9.419910588356305e-05,0.000516650750539109,2.928333558063565,242,735,945,974,322
synthetic_N1000_m2_hetb,0.75,case_II,292,200,0.06556315241841992,1168.565,4.0,0.0002827960657583469,0.0006803435770076206,3.7377473903263203,59,499,595,514,226
synthetic_N1000_m2_hetb,0.75,case_II,293,20,0.9644613401603573,0.0,4.0,0.00027812820248710807,0.0006722342003130817,0.14215463935857064,504,500,603,534,962
synthetic_N1000_m2_hetb,0.75,case_II,294,200,0.6457213655596336,590.425,4.0,0.00035022192231482755,0.0006644414668866081,1.4171145377614658,141,501,523,554,677
synthetic_N1000_m2_hetb,0.75,case_II,295,20,0.9469066664934074,0.0,5.0,0.0006035097722391511,0.0007775533228437301,0.2654666675329631,505,356,356,420,929
synthetic_N1000_m2_hetb,0.75,case_II,296,20,0.3493843588720956,0.0,3.0,0.0001005534219114699,0.0005230280837149662,1.9518469233837132,506,736,931,951,554
synthetic_N1000_m2_hetb,0.75,case_II,297,200,0.755221576661414,511.645,15.0,0.003526597803406395,0.0020025638569072302,3.67167635007879,165,64,88,67,236
synthetic_N1000_m2_hetb,0.75,case_II,298,20,0.06539896536166678,76.7,5.0,0.0004983671349797425,0.0007929039132088091,4.673005173191666,385,357,409,397,163
synthetic_N1000_m2_hetb,0.75,case_II,299,20,0.16620516559297116,-1323.75,8.0,0.0015575522343056608,0.0012361479427566993,6.670358675256231,990,177,172,166,98
synthetic_N1000_m2_hetb,0.75,case_II,300,20,0.27713333487199,15.25,11.0,0.0030985787995951074,0.0015839043683674528,7.95153331640811,443,100,104,101,81
synthetic_N1000_m2_hetb,0.75,case_II,301,20,0.5503182517007417,0.0,5.0,0.0003178405073649624,0.0007806709413969712,2.2484087414962914,507,358,562,416,480
synthetic_N1000_m2_hetb,0.75,case_II,302,20,0.55740888009091,-44.1,3.0,0.00021143962144448588,0.0005792283721190026,1.3277733597272698,659,737,698,668,697
synthetic_N1000_m2_hetb,0.75,case_II,303,20,0.4989864523070149,-1502.0,6.0,0.0005103602218183218,0.0008742172316098243,3.0060812861579107,994,276,404,327,302
synthetic_N1000_m2_hetb,0.75,case_II,304,20,0.42446358463207756,-694.4,4.0,0.0003432962327218048,0.000674811728517196,2.3021456614716898,926,502,528,528,463
synthetic_N1000_m2_hetb,0.75,case_II,305,20,0.5757051603390986,-273.7,8.0,0.0019241905201369662,0.0011916422624946635,3.3943587172872114,794,178,143,180,266
synthetic_N1000_m2_hetb,0.75,case_II,306,20,0.9666623953878383,-64.1,4.0,0.0007968900726076297,0.000718481457489803,0.13335041844864692,684,503,298,447,965
synthetic_N1000_m2_hetb,0.75,case_II,307,20,0.4580795604861192,200.4,8.0,0.0009017067351426751,0.0011069352786973485,4.335363516111046,302,179,265,210,175
synthetic_N1000_m2_hetb,0.75,case_II,308,200,0.8374714217984048,2081.8,69.0,0.06359231258911059,0.00898294441479962,11.214471895910066,30,2,1,2,47
synthetic_N1000_m2_hetb,0.75,case_II,309,20,0.055871965031871196,-461.8,3.0,8.454521270460554e-05,0.0005088688276484073,2.8323841049043863,864,738,963,986,344
synthetic_N1000_m2_hetb,0.75,case_II,310,20,0.3855872572300576,29.6,3.0,0.00010578807821540774,0.0005596912494046702,1.8432382283098272,422,739,919,732,579
synthetic_N1000_m2_hetb,0.75,case_II,311,20,0.5604964436423991,262.1,4.0,0.00042540564545265515,0.0006772126571548368,1.7580142254304034,269,504,456,521,599
synthetic_N1000_m2_hetb,0.75,case_II,312,20,0.6203205556549372,-832.7,6.0,0.0008804572883303681,0.0009315176476732637,2.278076666070377,949,277,274,295,472
synthetic_N1000_m2_hetb,0.75,case_II,313,20,0.2500183399320113,-183.4,4.0,0.0003909466581465803,0.000693470762002296,2.999926640271955,745,505,485,471,305
synthetic_N1000_m2_hetb,0.75,case_II,314,20,0.39929101348659524,115.4,5.0,0.0006229743412348691,0.0008153326144523716,3.003544932567024,345,359,345,356,304
synthetic_N1000_m2_hetb,0.75,case_II,315,20,0.9470061687356901,0.0,3.0,0.00010914642043369298,0.000553446298733828,0.1589814937929297,508,740,912,767,953
synthetic_N1000_m2_hetb,0.75,case_II,316,20,0.648850754011949,-447.4,6.0,0.0007900860044375109,0.0009091352961116,2.106895475928306,857,278,300,313,520
synthetic_N1000_m2_hetb,0.75,case_II,317,20,0.5849662484122946,88.75,3.0,0.0001311288972588813,0.0005302478125429519,1.2451012547631162,364,741,856,911,709
synthetic_N1000_m2_hetb,0.75,case_II,318,200,0.06529871051984093,834.045,3.0,0.0001569107082457498,0.0005358075451228304,2.8041038684404773,98,742,793,874,350
synthetic_N1000_m2_hetb,0.75,case_II,319,20,0.052176257643147705,-728.75,9.0,0.0019962237253088565,0.0013541613044005646,8.530413681211671,929,140,137,133,73
synthetic_N1000_m2_hetb,0.75,case_II,320,200,0.21139844783206463,394.255,4.0,0.00021193251223350669,0.0006258687572443223,3.1544062086717415,212,506,696,635,287
synthetic_N1000_m2_hetb,0.75,case_II,321,20,0.137822775848633,-356.3,4.0,0.0004316056631603441,0.0006704027375477981,3.448708896605468,825,507,452,540,259
synthetic_N1000_m2_hetb,0.75,case_II,322,20,0.9837499292732876,0.0,11.0,0.0020676303750481197,0.0015746186456786638,0.17875077799383599,509,101,134,104,949
synthetic_N1000_m2_hetb,0.75,case_II,323,20,0.002747147602664146,225.95,3.0,0.00024457377938301135,0.0005440509703474174,2.9917585571920076,291,743,641,823,307
synthetic_N1000_m2_hetb,0.75,case_II,324,20,0.3658435291805171,-177.45,6.0,0.0012412599959007596,0.0009419270442853833,3.8049388249168974,736,279,209,287,220
synthetic_N1000_m2_hetb,0.75,case_II,325,20,0.05842244962380161,743.25,3.0,0.00018025324079976076,0.0005699766255545698,2.824732651128595,114,744,749,691,345
synthetic_N1000_m2_hetb,0.75,case_II,326,20,0.6400105583176766,-1084.7,3.0,0.0002754982508931369,0.0005498358688830424,1.0799683250469703,977,745,607,791,747
synthetic_N1000_m2_hetb,0.75,case_II,327,20,0.046533202074859115,733.5,5.0,0.00033152030546360794,0.0008102519627259208,4.767333989625705,116,360,544,366,157
synthetic_N1000_m2_hetb,0.75,case_II,328,20,0.0684096355417223,331.2,3.0,0.00011319308302135907,0.0005624738611757088,2.794771093374833,239,746,898,718,351
synthetic_N1000_m2_hetb,0.75,case_II,329,20,0.07994250560811889,-144.6,3.0,0.00023866528400688463,0.0005183371479473229,2.7601724831756433,720,747,652,963,358
synthetic_N1000_m2_hetb,0.75,case_II,330,200,0.2717851313028795,2173.135,17.0,0.004879174606746229,0.00222372227715222,12.379652767851049,29,50,58,53,37
synthetic_N1000_m2_hetb,0.75,case_II,331,20,0.5763580679966506,-641.3,3.0,0.00024996149823406353,0.0005761845604986193,1.2709257960100482,903,748,635,673,705
synthetic_N1000_m2_hetb,0.75,case_II,332,20,0.8054486176308537,-366.4,4.0,0.00021741439449962733,0.0006524692358750345,0.7782055294765851,829,508,687,595,802
synthetic_N1000_m2_hetb,0.75,case_II,333,200,0.2671915845012608,349.95,3.0,0.00017003962018667418,0.0005566065908138901,2.1984252464962175,229,749,769,746,492
synthetic_N1000_m2_hetb,0.75,case_II,334,20,0.2831710565694664,-217.25,3.0,8.325549124978895e-05,0.0005332126583030798,2.1504868302916007,769,750,967,894,505
synthetic_N1000_m2_hetb,0.75,case_II,335,20,0.824482143951937,-487.4,10.0,0.001489653347742102,0.001401286148721408,1.7551785604806303,867,121,183,127,601
synthetic_N1000_m2_hetb,0.75,case_II,336,20,0.7459483801763226,-153.8,7.0,0.0012804652186051409,0.0010280313935250006,1.778361338765742,725,220,204,246,597
synthetic_N1000_m2_hetb,0.75,case_II,337,20,0.12681474835733464,-1115.75,4.0,0.00012505087684261995,0.0006149641868505305,3.4927410065706614,978,509,874,638,256
synthetic_N1000_m2_hetb,0.75,case_II,338,20,0.8063489347063569,-44.1,3.0,0.0002573725430209782,0.0005605306597131819,0.5809531958809292,660,751,627,729,858
synthetic_N1000_m2_hetb,0.75,case_II,339,20,0.8312511086352812,0.0,4.0,0.0002454353410042738,0.0007544506811030549,0.6749955654588753,510,510,640,436,825
synthetic_N1000_m2_hetb,0.75,case_II,340,20,0.17782578356710588,-366.4,3.0,0.00015984182056308127,0.0005484295140520529,2.4665226492986823,830,752,789,801,428
synthetic_N1000_m2_hetb,0.75,case_II,341,20,0.6269479985725536,-1553.7,6.0,0.0008344271639412586,0.0009070406296022304,2.2383120085646784,996,280,291,315,483
synthetic_N1000_m2_hetb,0.75,case_II,342,200,0.19674362182123795,970.005,6.0,0.001503948766442862,0.0009401929420747184,4.819538269072572,76,281,179,290,150
synthetic_N1000_m2_hetb,0.75,case_II,343,20,0.24349271202808254,-226.65,5.0,0.0004735531872157395,0.0007716891752454485,3.7825364398595873,773,361,421,424,222
synthetic_N1000_m2_hetb,0.75,case_II,344,20,0.494005755328642,289.35,5.0,0.00043359521612049395,0.0007852556989782458,2.52997122335679,255,362,450,408,418
synthetic_N1000_m2_hetb,0.75,case_II,345,20,0.5222200279508085,-347.7,3.0,9.254142542055572e-05,0.0005486668992447901,1.4333399161475746,824,753,954,799,673
synthetic_N1000_m2_hetb,0.75,case_II,346,20,0.4790335153981873,261.65,3.0,0.00012775644883467228,0.0005836754474178041,1.5628994538054382,270,754,862,658,640
synthetic_N1000_m2_hetb,0.75,case_II,347,20,0.5411410533042087,469.05,4.0,0.0003456822447434072,0.000650118087423057,1.8354357867831652,176,511,526,601,582
synthetic_N1000_m2_hetb,0.75,case_II,348,20,0.21316467642545245,718.3,4.0,0.0003356715299648651,0.0006844213055624358,3.14734129429819,119,512,537,501,289
synthetic_N1000_m2_hetb,0.75,case_II,349,200,0.7785803681279121,1193.815,48.0,0.03463369444112677,0.006197524235676078,10.62814232986022,57,8,9,9,51
synthetic_N1000_m2_hetb,0.75,case_II,350,200,0.2778484120286083,655.52,14.0,0.0040050508837352,0.0020001261452451337,10.110122231599483,129,73,77,68,54
synthetic_N1000_m2_hetb,0.75,case_II,351,20,0.9126832897191103,105.05,3.0,0.00010745670451609667,0.0005401155935788218,0.26195013084266916,352,755,914,850,930
synthetic_N1000_m2_hetb,0.75,case_II,352,20,0.5151553035895896,-135.7,5.0,0.0005186568510010606,0.0008112763887478229,2.424223482052052,716,363,396,364,437
synthetic_N1000_m2_hetb,0.75,case_II,353,20,0.3036840529445848,-1184.4,6.0,0.0005475432327729313,0.0009419040436256594,4.177895682332491,981,282,381,288,191
synthetic_N1000_m2_hetb,0.75,case_II,354,20,0.17438390250830016,-2.95,3.0,0.00011800367068796971,0.0005240598710087133,2.4768482924750996,627,756,886,947,424
synthetic_N1000_m2_hetb,0.75,case_II,355,20,0.48520396241603025,-549.8,3.0,0.00012670637560630116,0.0005291940850305978,1.5443881127519092,879,757,865,915,648
synthetic_N1000_m2_hetb,0.75,case_II,356,20,0.3762973001513523,-183.4,6.0,0.0007584354621583847,0.0009359942752938247,3.742216199091886,746,283,309,292,225
synthetic_N1000_m2_hetb,0.75,case_II,357,200,0.6230937907219327,974.33,12.0,0.003487203038287788,0.0016855232511024001,4.522874511336807,75,90,89,92,168
synthetic_N1000_m2_hetb,0.75,case_II,358,20,0.49845958262294987,-97.6,3.0,0.00013566142629729168,0.0005253301595914002,1.5046212521311504,703,758,837,940,653
synthetic_N1000_m2_hetb,0.75,case_II,359,20,0.03695969800069676,437.55,3.0,9.398310064794383e-05,0.0005552049941775035,2.8891209059979097,196,759,947,756,333
synthetic_N1000_m2_hetb,0.75,case_II,360,20,0.8330947688085336,-449.95,8.0,0.001564849282086003,0.001217620873553838,1.335241849531731,858,180,171,171,694
synthetic_N1000_m2_hetb,0.75,case_II,361,20,0.051673939119395995,-849.4,5.0,0.0006226941416028904,0.0007967798078510862,4.74163030440302,952,364,346,390,159
synthetic_N1000_m2_hetb,0.75,case_II,362,20,0.8275951638592104,11.75,4.0,0.00029064847553824535,0.0006631907350902301,0.6896193445631584,444,513,587,558,821
synthetic_N1000_m2_hetb,0.75,case_II,363,20,0.8127496434167762,-678.95,3.0,0.0002129987428967306,0.0005625682942504229,0.5617510697496713,913,760,693,717,861
synthetic_N1000_m2_hetb,0.75,case_II,364,20,0.9239831252875618,-183.4,3.0,0.00012805723137784177,0.0005339749412843373,0.2280506241373147,747,761,861,888,935
synthetic_N1000_m2_hetb,0.75,case_II,365,20,0.6644010411515328,0.0,3.0,0.000105720373094449,0.0005433192438633382,1.0067968765454016,511,762,920,831,763
synthetic_N1000_m2_hetb,0.75,case_II,366,20,0.16062363410535052,480.05,4.0,0.0002928468505785067,0.0006614254573135614,3.357505463578598,174,514,585,566,269
synthetic_N1000_m2_hetb,0.75,case_II,367,20,0.44192941145403775,165.1,3.0,0.0002279433459559022,0.0005560249122492926,1.6742117656378868,317,763,671,748,616
synthetic_N1000_m2_hetb,0.75,case_II,368,200,0.43943266017047056,2870.8,27.0,0.012624434410273064,0.0035244404233392692,15.135318175397295,18,27,30,27,27
synthetic_N1000_m2_hetb,0.75,case_II,369,20,0.6323329864819148,-753.05,3.0,0.00022845508117639904,0.0005623742986083614,1.1030010405542554,933,764,669,719,744
synthetic_N1000_m2_hetb,0.75,case_II,370,20,0.3811375324040436,307.15,4.0,0.00012046404151311099,0.0006200853632118597,2.4754498703838257,243,515,883,637,426
synthetic_N1000_m2_hetb,0.75,case_II,371,20,0.6756780879691183,-64.1,4.0,0.0001760080490328227,0.0006428184108571967,1.2972876481235267,685,516,755,618,701
synthetic_N1000_m2_hetb,0.75,case_II,372,20,0.2039073800978377,243.45,3.0,9.341875669208247e-05,0.000534715559293724,2.388277859706487,282,765,950,883,445
synthetic_N1000_m2_hetb,0.75,case_II,373,20,0.3533507781465587,951.5,6.0,0.0004896884406733927,0.0009132333785967278,3.8798953311206477,79,284,412,308,211
synthetic_N1000_m2_hetb,0.75,case_II,374,20,0.5433134112873544,-1299.45,5.0,0.0005905685486878667,0.000842357120988104,2.283432943563228,989,365,361,334,469
synthetic_N1000_m2_hetb,0.75,case_II,375,20,0.427651051214449,-976.0,6.0,0.0005743392836016259,0.0009032651204231047,3.434093692713306,970,285,368,319,262
synthetic_N1000_m2_hetb,0.75,case_II,376,20,0.12252565076900024,270.8,3.0,0.00022485574242931284,0.0005221382093893198,2.632423047692999,265,766,674,955,392
synthetic_N1000_m2_hetb,0.75,case_II,377,20,0.9658281207625043,-183.4,3.0,0.00020397444741582766,0.0005701915040101887,0.10251563771248695,748,767,715,690,978
synthetic_N1000_m2_hetb,0.75,case_II,378,20,0.6912954021364714,0.0,4.0,0.0003939065045386582,0.0007217564192391853,1.2348183914541142,512,517,479,445,713
synthetic_N1000_m2_hetb,0.75,case_II,379,20,0.8330350777910258,0.0,4.0,0.00046205949744085296,0.0006596172305457192,0.6678596888358967,513,518,432,570,828
synthetic_N1000_m2_hetb,0.75,case_II,380,20,0.3574607462891465,717.8,3.0,0.0004425603934505973,0.0005520421767928477,1.9276177611325607,120,768,445,782,557
synthetic_N1000_m2_hetb,0.75,case_II,381,20,0.9448959101690874,41.15,3.0,0.00012832282199210909,0.0005559531783607891,0.16531226949273792,403,769,860,752,951
synthetic_N1000_m2_hetb,0.75,case_II,382,200,0.8124471005528425,293.51,17.0,0.005189199776006956,0.0024678231292651525,3.188399290601677,250,51,54,48,281
synthetic_N1000_m2_hetb,0.75,case_II,383,20,0.9795062455878859,0.0,3.0,0.00021919328550094918,0.0005333400309560361,0.06148126323634229,514,770,683,892,989
synthetic_N1000_m2_hetb,0.75,case_II,384,20,0.19739425238980546,82.9,9.0,0.0013378594673071895,0.0013622601172979913,7.223451728491751,381,141,201,130,88
synthetic_N1000_m2_hetb,0.75,case_II,385,20,0.4771694766007426,452.15,8.0,0.0012380317073548029,0.0012142587805102079,4.182644187194059,187,181,210,173,189
synthetic_N1000_m2_hetb,0.75,case_II,386,20,0.3858489940723694,-195.5,4.0,0.00046252330560949865,0.0006991852533427437,2.4566040237105224,763,519,431,466,431
synthetic_N1000_m2_hetb,0.75,case_II,387,20,0.613894995603037,41.15,4.0,0.0003959295950474565,0.0006587004056139421,1.5444200175878522,404,520,475,572,647
synthetic_N1000_m2_hetb,0.75,case_II,388,20,0.25021973366796013,-14.5,8.0,0.0014684990342668197,0.001291559182546338,5.998242130656319,636,182,187,157,111
synthetic_N1000_m2_hetb,0.75,case_II,389,20,0.10047228975068634,568.25,5.0,0.0006151599315967346,0.0007856681842506694,4.497638551246569,145,366,348,407,169
synthetic_N1000_m2_hetb,0.75,case_II,390,20,0.4766165868289146,40.2,8.0,0.001484689320703849,0.0011935684494585326,4.187067305368683,413,183,186,179,187
synthetic_N1000_m2_hetb,0.75,case_II,391,20,0.6394719365196334,0.0,6.0,0.0008954093907812627,0.0009128186498369151,2.1631683808821993,515,286,266,309,502
synthetic_N1000_m2_hetb,0.75,case_II,392,20,0.3840154184913098,281.4,6.0,0.0006884560292944446,0.0008707224897757109,3.695907489052141,261,287,327,328,232
synthetic_N1000_m2_hetb,0.75,case_II,393,200,0.9874393427162872,19.73,13.0,0.003662700739858606,0.0018159522638234431,0.16328854468826648,441,83,83,83,952
synthetic_N1000_m2_hetb,0.75,case_II,394,20,0.40598877214889817,-15.55,8.0,0.0012012874921205087,0.0011647664341928486,4.752089822808815,641,184,214,193,158
synthetic_N1000_m2_hetb,0.75,case_II,395,20,0.29981554243781305,0.0,3.0,8.680485897644126e-05,0.0005439002805237053,2.100553372686561,516,771,960,824,522
synthetic_N1000_m2_hetb,0.75,case_II,396,20,0.8138978250995115,-192.75,6.0,0.0008431383692622597,0.0009116440948544122,1.1166130494029312,761,288,286,310,739
synthetic_N1000_m2_hetb,0.75,case_II,397,20,0.46668980303279606,-41.25,3.0,0.0002569661167779921,0.0005338039457674087,1.5999305909016117,654,772,628,890,633
synthetic_N1000_m2_hetb,0.75,case_II,398,20,0.27321678269920713,-113.65,4.0,0.0002109987429651694,0.0006277633944198256,2.9071328692031715,706,521,702,633,325
synthetic_N1000_m2_hetb,0.75,case_II,399,20,0.28649102447160646,0.0,4.0,0.0003641566085897563,0.0007178581538819294,2.854035902113574,517,522,509,449,340
synthetic_N1000_m2_hetb,0.75,case_II,400,20,0.9471557892442384,0.0,3.0,0.00021963572923882547,0.0005171586139487221,0.15853263226728487,518,773,682,972,954
synthetic_N1000_m2_hetb,0.75,case_II,401,200,0.961736748159922,109.695,16.0,0.004131067825946084,0.0021482614573912636,0.6122120294412472,348,53,73,60,846
synthetic_N1000_m2_hetb,0.75,case_II,402,20,0.6462368962429871,-691.45,3.0,0.0006564363490496522,0.0005426188231427128,1.0612893112710386,922,774,332,835,755
synthetic_N1000_m2_hetb,0.75,case_II,403,20,0.2787679766747637,676.75,3.0,0.0001944182162235961,0.0005262183110717176,2.1636960699757086,124,775,733,935,500
synthetic_N1000_m2_hetb,0.75,case_II,404,20,0.7113690437189849,0.0,3.0,0.00017129076940244488,0.000552947969980922,0.8658928688430453,519,776,763,771,788
synthetic_N1000_m2_hetb,0.75,case_II,405,200,0.2167694819361088,6105.07,45.0,0.03407659030467068,0.005903132599677267,35.2453733128751,7,10,10,10,3
synthetic_N1000_m2_hetb,0.75,case_II,406,20,0.3220846874139359,256.25,3.0,0.00013443228054538464,0.000532947236903984,2.033745937758192,275,777,843,899,537
synthetic_N1000_m2_hetb,0.75,case_II,407,20,0.5417363597027655,-227.5,8.0,0.0012797399324590072,0.0011548268078218336,3.6661091223778763,775,185,205,200,238
synthetic_N1000_m2_hetb,0.75,case_II,408,20,0.40114416116454565,-44.1,3.0,0.0002827070901871702,0.0005691868518021943,1.796567516506363,661,778,596,697,595
synthetic_N1000_m2_hetb,0.75,case_II,409,20,0.35102386263458685,-678.8,5.0,0.0003533241190343409,0.0007594393978639308,3.2448806868270657,912,367,520,432,276
synthetic_N1000_m2_hetb,0.75,case_II,410,200,0.9741344294864881,10.5,20.0,0.009690802004505339,0.002725493134205149,0.5173114102702381,445,44,41,42,876
synthetic_N1000_m2_hetb,0.75,case_II,411,20,0.17020617447974906,-382.45,6.0,0.0010735553092212167,0.0008773917689717447,4.978762953121506,841,289,234,326,145
synthetic_N1000_m2_hetb,0.75,case_II,412,200,0.6137785589494178,1516.62,31.0,0.02238847713406634,0.004254598402564607,11.972864672568049,49,21,15,19,40
synthetic_N1000_m2_hetb,0.75,case_II,413,200,0.03854138948384955,695.445,4.0,0.00022887387778022732,0.0006637917882557087,3.845834442064602,122,523,665,556,215
synthetic_N1000_m2_hetb,0.75,case_II,414,200,0.09171473713390443,6124.27,34.0,0.023164804036162497,0.004568259911507095,30.88169893744725,6,15,14,15,8
synthetic_N1000_m2_hetb,0.75,case_II,415,20,0.20999600501172455,239.7,8.0,0.0032034862259142515,0.0012632099341658497,6.320031959906204,286,186,100,163,104
synthetic_N1000_m2_hetb,0.75,case_II,416,20,0.9916861960144647,0.0,7.0,0.0020758033808881728,0.0011115655287685787,0.05819662789874691,520,221,133,208,990
synthetic_N1000_m2_hetb,0.75,case_II,417,20,0.7264246392278,-47.35,11.0,0.0021168346412379553,0.0015021493712137728,3.0093289684942004,672,102,131,115,301
synthetic_N1000_m2_hetb,0.75,case_II,418,20,0.8680380956291989,0.0,5.0,0.000624436173557108,0.0008231020690609473,0.6598095218540057,521,368,343,349,829
synthetic_N1000_m2_hetb,0.75,case_II,419,200,0.049483784636716543,459.625,3.0,0.00012902291811298786,0.0005257190968931433,2.8515486460898503,181,779,859,938,341
synthetic_N1000_m2_hetb,0.75,case_II,420,20,0.6814384526526729,-64.1,4.0,0.0006902533828611737,0.0006824553856931525,1.2742461893893084,686,524,325,508,703
synthetic_N1000_m2_hetb,0.75,case_II,421,20,0.4399364794360058,-507.1,3.0,0.0001180426775620056,0.0005437056827995348,1.6801905616919828,872,780,885,827,615
synthetic_N1000_m2_hetb,0.75,case_II,422,20,0.41641994855534936,-958.8,7.0,0.0008245273532922126,0.001042018477140984,4.085060360112554,966,222,292,242,196
synthetic_N1000_m2_hetb,0.75,case_II,423,20,0.7082547942479717,0.0,3.0,0.00035368144099567883,0.0005328598527854961,0.875235617256085,522,781,519,900,786
synthetic_N1000_m2_hetb,0.75,case_II,424,20,0.30831895053558056,-452.7,4.0,0.0002386484201498063,0.0006437442222661535,2.7667241978576778,860,525,653,615,357
synthetic_N1000_m2_hetb,0.75,case_II,425,20,0.5134678232710247,41.15,4.0,0.0004778462155651266,0.0006926166818967453,1.9461287069159012,405,526,417,476,555
synthetic_N1000_m2_hetb,0.75,case_II,426,20,0.2607247218237164,362.35,5.0,0.000551963773769333,0.0008044557202647612,3.696376390881418,223,369,377,376,231
synthetic_N1000_m2_hetb,0.75,case_II,427,20,0.39140407059240856,546.15,7.0,0.0009966079161555675,0.0010520512103880495,4.26017150585314,156,223,250,233,179
synthetic_N1000_m2_hetb,0.75,case_II,428,20,0.5333261752047522,-336.8,3.0,0.00020992380321583365,0.0005538441262363685,1.4000214743857433,820,782,706,766,682
synthetic_N1000_m2_hetb,0.75,case_II,429,20,0.15788100282626316,510.0,5.0,0.0008796598092988473,0.0008291158727707039,4.210594985868684,166,370,275,342,184
synthetic_N1000_m2_hetb,0.75,case_II,430,20,0.27618712190520356,118.35,4.0,0.0004644666135168588,0.0006630544228739357,2.8952515123791858,341,527,429,559,330
synthetic_N1000_m2_hetb,0.75,case_II,431,20,0.4204059052215403,-186.35,5.0,0.000870587771208838,0.0008089321699833198,2.8979704738922987,759,371,279,368,328
synthetic_N1000_m2_hetb,0.75,case_II,432,20,0.4727479785281554,52.15,6.0,0.0005079097459534439,0.0009454300510051701,3.1635121288310675,399,290,406,284,284
synthetic_N1000_m2_hetb,0.75,case_II,433,200,0.8000039680110183,179.445,5.0,0.0006328954582933715,0.0007976291515032615,0.9999801599449087,306,372,340,387,764
synthetic_N1000_m2_hetb,0.75,case_II,434,20,0.6429501138675994,0.0,6.0,0.00046085820788740474,0.000935116055825603,2.1422993167944036,523,291,434,293,512
synthetic_N1000_m2_hetb,0.75,case_II,435,20,0.5624900665221173,-183.4,4.0,0.0002260639561369322,0.0007190353609722777,1.7500397339115308,749,528,673,446,603
synthetic_N1000_m2_hetb,0.75,case_II,436,20,0.8698673937003966,0.0,4.0,0.00016999789764750116,0.0006566898154218182,0.5205304251984137,524,529,770,583,874
synthetic_N1000_m2_hetb,0.75,case_II,437,20,0.19734886477676372,-159.95,3.0,0.0001194481384717701,0.0005419470239455282,2.407953405669709,728,783,884,841,442
synthetic_N1000_m2_hetb,0.75,case_II,438,20,0.10408303517803497,-345.1,3.0,8.439440553626115e-05,0.0005524443412958342,2.687750894465895,822,784,964,781,374
synthetic_N1000_m2_hetb,0.75,case_II,439,20,0.39372521336773547,-3.3,6.0,0.0006039311749083323,0.0009496470231521981,3.637648719793587,630,292,355,277,240
synthetic_N1000_m2_hetb,0.75,case_II,440,20,0.1371899555572782,-178.15,6.0,0.0010083144784117314,0.000950530235126556,5.17686026665633,737,293,247,275,135
synthetic_N1000_m2_hetb,0.75,case_II,441,200,0.5559810381008665,230.995,3.0,0.00013343935024203205,0.0005291220406119251,1.3320568856974004,290,785,846,916,695
synthetic_N1000_m2_hetb,0.75,case_II,442,200,0.5736433320658848,1536.45,25.0,0.011958080093883262,0.0033653951710894752,10.65891669835288,48,30,31,31,50
synthetic_N1000_m2_hetb,0.75,case_II,443,20,0.13159354974969018,-811.5,5.0,0.00043186240630535696,0.0008026695378899459,4.342032251251549,942,373,451,379,174
synthetic_N1000_m2_hetb,0.75,case_II,444,20,0.7160539946963933,0.0,4.0,0.0002775141354147169,0.0006451778112489103,1.1357840212144268,525,530,604,611,733
synthetic_N1000_m2_hetb,0.75,case_II,445,20,0.5565394834256112,9.9,9.0,0.0020066340637953806,0.0013251182732181615,3.991144649169499,446,142,136,144,199
synthetic_N1000_m2_hetb,0.75,case_II,446,20,0.4231819942696411,-845.25,4.0,0.0005665376048979222,0.0006573096950729627,2.3072720229214356,950,531,371,580,462
synthetic_N1000_m2_hetb,0.75,case_II,447,20,0.9174817732993081,0.0,4.0,0.0003877849691148452,0.0006875908961909911,0.33007290680276746,526,532,486,483,917
synthetic_N1000_m2_hetb,0.75,case_II,448,20,0.8559122943833432,0.0,3.0,0.0004653345278749593,0.0005406027161863228,0.43226311684997054,527,786,428,848,895
synthetic_N1000_m2_hetb,0.75,case_II,449,20,0.22096916376486697,621.4,3.0,0.0001498670108085698,0.0005327505530449275,2.337092508705399,132,787,803,902,457
synthetic_N1000_m2_hetb,0.75,case_II,450,20,0.166583176525819,52.35,6.0,0.0006079696405339908,0.0009477057453781699,5.000500940845086,398,294,353,279,142
synthetic_N1000_m2_hetb,0.75,case_II,451,20,0.9155364039147175,40.6,9.0,0.002826565841135189,0.0013141820716102814,0.7601723647675428,412,143,109,150,807
synthetic_N1000_m2_hetb,0.75,case_II,452,20,0.1572518885137706,-32.2,5.0,0.00037964507916309797,0.0007955446013642121,4.213740557431147,647,374,494,391,183
synthetic_N1000_m2_hetb,0.75,case_II,453,20,0.7572063264186215,153.85,3.0,6.416615039650215e-05,0.0004989892557016823,0.7283810207441355,326,788,988,995,813
synthetic_N1000_m2_hetb,0.75,case_II,454,20,0.31251701581211366,0.0,4.0,0.0005928505130576826,0.0007026808341910795,2.7499319367515453,528,533,359,461,363
synthetic_N1000_m2_hetb,0.75,case_II,455,20,0.3611853466325139,30.5,4.0,0.00025888659545606586,0.0006621675402172086,2.5552586134699444,416,534,623,565,412
synthetic_N1000_m2_hetb,0.75,case_II,456,200,0.5537246459677773,637.83,15.0,0.004846473609638024,0.0021275044847610136,6.694130310483341,130,65,59,62,97
synthetic_N1000_m2_hetb,0.75,case_II,457,20,0.9259641674233373,0.0,3.0,0.00017159734256017934,0.0005490841588263988,0.22210749772998806,529,789,761,797,937
synthetic_N1000_m2_hetb,0.75,case_II,458,20,0.00205684306461984,439.45,3.0,0.00014033439360488744,0.0005560241352072517,2.9938294708061406,194,790,826,749,306
synthetic_N1000_m2_hetb,0.75,case_II,459,20,0.1622873344023199,-893.5,10.0,0.002363551706267227,0.0015045622549320395,8.3771266559768,963,122,121,114,74
synthetic_N1000_m2_hetb,0.75,case_II,460,20,0.7202117786599489,-827.65,11.0,0.0032577807612119017,0.001629582490804165,3.077670434740562,948,103,98,96,295
synthetic_N1000_m2_hetb,0.75,case_II,461,20,0.3944665294244958,0.0,3.0,0.00016634585162292955,0.0005264757901032675,1.8166004117265127,530,791,777,933,588
synthetic_N1000_m2_hetb,0.75,case_II,462,20,0.2878104198967977,-61.4,3.0,0.0003680174633507006,0.0005643064730051388,2.136568740309607,677,792,505,712,514
synthetic_N1000_m2_hetb,0.75,case_II,463,20,0.9628956581275414,0.0,5.0,0.0006240417887172682,0.0008009897606905899,0.18552170936229295,531,375,344,384,946
synthetic_N1000_m2_hetb,0.75,case_II,464,20,0.26402842332427967,-614.45,7.0,0.0009826240368327088,0.0010444927422434448,5.151801036730042,894,224,255,240,137
synthetic_N1000_m2_hetb,0.75,case_II,465,20,0.7141669578683888,-507.1,5.0,0.0007188663319914543,0.0008312044295569032,1.4291652106580561,873,376,316,339,674
synthetic_N1000_m2_hetb,0.75,case_II,466,20,0.964225669092555,0.0,3.0,0.00021278299150891762,0.000543128113576921,0.10732299272233492,532,793,694,833,975
synthetic_N1000_m2_hetb,0.75,case_II,467,200,0.7627660562464376,374.89,3.0,0.0001251362814063114,0.0005277885963396679,0.7117018312606873,216,794,873,926,818
synthetic_N1000_m2_hetb,0.75,case_II,468,20,0.7094140359205118,241.8,4.0,0.0003517654477031317,0.000678102713300498,1.162343856317953,285,535,521,520,728
synthetic_N1000_m2_hetb,0.75,case_II,469,20,0.7232067127676901,-12.2,8.0,0.00114673964077153,0.0011356637136259147,2.214346297858479,631,187,221,202,487
synthetic_N1000_m2_hetb,0.75,case_II,470,20,0.8052261068309458,609.25,3.0,0.00019892664988349054,0.0005155965548422434,0.5843216795071627,134,795,721,978,856
synthetic_N1000_m2_hetb,0.75,case_II,471,20,0.27121364891992294,-560.0,3.0,0.00014826795047650726,0.0005289757931082358,2.1863590532402313,883,796,809,917,497
synthetic_N1000_m2_hetb,0.75,case_II,472,20,0.6266867251784247,-1070.1,4.0,0.0002824989713040749,0.0007110751004984783,1.4932530992863011,974,536,597,453,657
synthetic_N1000_m2_hetb,0.75,case_II,473,20,0.802885894043567,83.5,3.0,9.715940105486518e-05,0.0005139479878252362,0.5913423178692989,379,797,939,979,853
synthetic_N1000_m2_hetb,0.75,case_II,474,20,0.8882296412968325,0.0,3.0,0.00010931205694230119,0.0005657941033237872,0.3353110761095026,533,798,911,706,916
synthetic_N1000_m2_hetb,0.75,case_II,475,20,0.9058341532080582,44.65,7.0,0.0006338141119447395,0.0009981911058500096,0.6591609275435929,401,225,338,253,830
synthetic_N1000_m2_hetb,0.75,case_II,476,20,0.903896393587496,-62.65,8.0,0.0011324389050622497,0.0011726296457001057,0.7688288513000323,679,188,226,188,805
synthetic_N1000_m2_hetb,0.75,case_II,477,20,0.09763379946487272,446.7,4.0,0.0001938766762230626,0.0006730889994932346,3.609464802140509,191,537,735,533,242
synthetic_N1000_m2_hetb,0.75,case_II,478,20,0.3764060873778814,-374.25,3.0,0.0001319835590180764,0.0005120948926275284,1.8707817378663558,837,799,852,982,569
synthetic_N1000_m2_hetb,0.75,case_II,479,20,0.45639208349041915,159.85,3.0,0.00023321806728348127,0.0005527757801785267,1.6308237495287425,322,800,661,775,627
synthetic_N1000_m2_hetb,0.75,case_II,480,20,0.8916854039669163,287.55,3.0,0.00014772425328963036,0.0005688517236489947,0.32494378809925106,256,801,813,699,919
synthetic_N1000_m2_hetb,0.75,case_II,481,20,0.4192536193798634,567.7,4.0,0.00023953784187066891,0.0006809369307328751,2.3229855224805465,146,538,650,511,459
synthetic_N1000_m2_hetb,0.75,case_II,482,20,0.2649121033591305,-973.05,4.0,0.00042207152629851165,0.0006538503271282415,2.940351586563478,969,539,460,588,320
synthetic_N1000_m2_hetb,0.75,case_II,483,20,0.019858773159258325,-125.55,3.0,0.00016599415565826634,0.0005431685683768759,2.9404236805222252,713,802,780,832,319
synthetic_N1000_m2_hetb,0.75,case_II,484,20,0.28875427776216545,-260.0,5.0,0.0005254981681953122,0.0008280399813517347,3.556228611189173,790,377,393,343,249
synthetic_N1000_m2_hetb,0.75,case_II,485,20,0.7807241847334279,-621.6,5.0,0.0005428667048874145,0.0007940695779708547,1.0963790763328607,895,378,385,395,745
synthetic_N1000_m2_hetb,0.75,case_II,486,200,0.020170938059851595,563.305,4.0,0.0002599848770919547,0.0006444290222252902,3.9193162477605936,149,540,622,613,206
synthetic_N1000_m2_hetb,0.75,case_II,487,20,0.16499392794848766,243.45,3.0,0.00015711785771854348,0.0005840907345617818,2.505018216154537,283,803,792,655,423
synthetic_N1000_m2_hetb,0.75,case_II,488,200,0.3109684208465644,396.685,5.0,0.0004173633947254187,0.0007905247363925822,3.445157895767178,210,379,463,400,260
synthetic_N1000_m2_hetb,0.75,case_II,489,20,0.5320110718845206,-1521.3,5.0,0.001145569000767845,0.0008242090688870033,2.3399446405773974,995,380,222,346,456
synthetic_N1000_m2_hetb,0.75,case_II,490,20,0.3630433181948137,29.6,3.0,0.0001660411420657919,0.0005463884783089203,1.910870045415559,423,804,779,811,559
synthetic_N1000_m2_hetb,0.75,case_II,491,20,0.8826396945897659,88.75,3.0,0.00021064207388700508,0.0005502802116259482,0.35208091623070237,365,805,703,789,911
synthetic_N1000_m2_hetb,0.75,case_II,492,20,0.20747762885186438,-431.45,4.0,0.0004594535108275543,0.0006854471742870174,3.1700894845925425,852,541,435,495,283
synthetic_N1000_m2_hetb,0.75,case_II,493,20,0.5616344004190236,-14.5,5.0,0.0005261487814372842,0.0007818629738726281,2.1918279979048823,637,381,392,413,495
synthetic_N1000_m2_hetb,0.75,case_II,494,20,0.7778175051376995,-72.4,5.0,0.0004563283102656901,0.0007968195811995852,1.1109124743115024,694,382,439,389,743
synthetic_N1000_m2_hetb,0.75,case_II,495,20,0.9296082290939864,0.0,3.0,0.0003397001450115677,0.0005607437281628803,0.2111753127180407,534,806,533,728,939
synthetic_N1000_m2_hetb,0.75,case_II,496,20,0.8734802733413756,418.2,4.0,0.0006606274220685446,0.0006873636555501544,0.5060789066344977,201,542,331,486,880
synthetic_N1000_m2_hetb,0.75,case_II,497,200,0.13552100374068055,6163.86,37.0,0.024082149868159538,0.004882322372861352,31.98572286159482,5,14,13,14,5
synthetic_N1000_m2_hetb,0.75,case_II,498,20,0.7918000796455894,-323.7,4.0,0.00016593014998516757,0.0006343957719085184,0.8327996814176424,813,543,781,627,796
synthetic_N1000_m2_hetb,0.75,case_II,499,200,0.6753462694980112,450.73,9.0,0.0018966071018817973,0.0013558983241564859,2.921883574517899,188,144,145,132,323
synthetic_N1000_m2_hetb,0.75,case_II,500,20,0.4216035573870036,-385.9,3.0,0.00024267458149224245,0.0005477284516489521,1.7351893278389892,842,807,645,803,606
synthetic_N1000_m2_hetb,0.75,case_II,501,200,0.02556709896246312,805.05,10.0,0.002331095667396252,0.0014687954507891035,9.744329010375369,105,123,123,116,60
synthetic_N1000_m2_hetb,0.75,case_II,502,200,0.16798147095798632,1463.21,16.0,0.004705301373378657,0.0022285769778635665,13.312296464672219,50,54,62,52,35
synthetic_N1000_m2_hetb,0.75,case_II,503,20,0.7494608262320578,239.65,3.0,0.00017265960134532868,0.0005615584983002932,0.7516175213038266,287,808,760,725,809
synthetic_N1000_m2_hetb,0.75,case_II,504,20,0.08400476777677468,-1954.75,3.0,0.00011324114267593878,0.0005352435710433122,2.747985696669676,998,809,897,880,366
synthetic_N1000_m2_hetb,0.75,case_II,505,20,0.3126499249880641,233.45,4.0,0.00039627479026738875,0.0006854110806382558,2.7494003000477436,289,544,474,496,364
synthetic_N1000_m2_hetb,0.75,case_II,506,20,0.25521243827660445,367.9,3.0,0.0001491812060268201,0.0005541498841108059,2.2343626851701868,221,810,805,762,484
synthetic_N1000_m2_hetb,0.75,case_II,507,200,0.7461008968986407,724.125,25.0,0.013731915072614124,0.0034403298240843878,6.347477577533983,117,31,28,30,102
synthetic_N1000_m2_hetb,0.75,case_II,508,200,0.3590598291763175,1006.44,11.0,0.0019508406422728383,0.0015202171212262095,7.0503418790605075,71,104,139,113,91
synthetic_N1000_m2_hetb,0.75,case_II,509,200,0.08718824098875189,3540.71,21.0,0.010211626717170671,0.002832664475312859,19.16904693923621,15,39,37,40,19
synthetic_N1000_m2_hetb,0.75,case_II,510,20,0.3704421018161166,281.9,5.0,0.000710832144567859,0.0008229445359133438,3.147789490919417,260,383,322,351,288
synthetic_N1000_m2_hetb,0.75,case_II,511,20,0.3268298767186818,273.05,4.0,0.00031724759728637704,0.0006504431032947854,2.692680493125273,264,545,564,600,372
synthetic_N1000_m2_hetb,0.75,case_II,512,20,0.7170213673193974,-641.8,8.0,0.0018126039898310282,0.0011820690071733463,2.263829061444821,906,189,148,183,479
synthetic_N1000_m2_hetb,0.75,case_II,513,20,0.32012222019868797,575.5,5.0,0.0005414147869844327,0.0008024440806874212,3.39938889900656,143,384,386,381,265
synthetic_N1000_m2_hetb,0.75,case_II,514,20,0.6936156490920399,0.0,3.0,0.00011244907943688991,0.000524608440923108,0.9191530527238804,535,811,904,945,781
synthetic_N1000_m2_hetb,0.75,case_II,515,200,0.538594453433759,1142.675,15.0,0.004251210125526969,0.002080831878023954,6.921083198493615,61,66,71,65,92
synthetic_N1000_m2_hetb,0.75,case_II,516,20,0.8877328287244716,0.0,4.0,0.0003379054033028057,0.0006796478945102673,0.44906868510211373,536,546,535,518,891
synthetic_N1000_m2_hetb,0.75,case_II,517,20,0.7333651729435877,0.0,7.0,0.0009861849343649044,0.0010804645173872584,1.866443789394886,537,226,253,217,570
synthetic_N1000_m2_hetb,0.75,case_II,518,20,0.4079187425363865,456.25,4.0,0.00024182102948055716,0.0007015126258931522,2.368325029854454,183,547,646,464,450
synthetic_N1000_m2_hetb,0.75,case_II,519,20,0.4849095181984443,88.75,3.0,5.5486263647588465e-05,0.000558736817696823,1.545271445404667,366,812,993,736,646
synthetic_N1000_m2_hetb,0.75,case_II,520,20,0.4713857598653367,0.0,3.0,0.00012625705270065009,0.000525832159069934,1.5858427204039898,538,813,867,937,635
synthetic_N1000_m2_hetb,0.75,case_II,521,20,0.871702397518525,0.0,4.0,0.00033693970635030704,0.0006810392570497561,0.5131904099259001,539,548,536,510,878
synthetic_N1000_m2_hetb,0.75,case_II,522,20,0.1380361717125459,892.9,3.0,5.5483538866590086e-05,0.0005046533651592794,2.5858914848623624,89,814,994,992,403
synthetic_N1000_m2_hetb,0.75,case_II,523,20,0.4242300124285143,-795.05,3.0,0.00010157840971971646,0.0005076507951277526,1.727309962714457,938,815,928,988,607
synthetic_N1000_m2_hetb,0.75,case_II,524,20,0.5349120574812903,-270.1,4.0,0.0002722226113746796,0.0006409431090176308,1.8603517700748387,792,549,611,623,572
synthetic_N1000_m2_hetb,0.75,case_II,525,20,0.43622283223869607,666.3,7.0,0.0010866182129998844,0.0011570494458676822,3.9464401743291275,126,227,230,198,202
synthetic_N1000_m2_hetb,0.75,case_II,526,20,0.5980284679987804,171.05,5.0,0.0008888038827674288,0.000861821114753436,2.009857660006098,314,385,271,329,542
synthetic_N1000_m2_hetb,0.75,case_II,527,20,0.49884309541984917,-691.45,3.0,0.0001514153121409674,0.0005335776752025842,1.5034707137404526,923,816,799,891,654
synthetic_N1000_m2_hetb,0.75,case_II,528,20,0.4136957426619674,-1382.6,6.0,0.0010029265258621625,0.0009456831213882598,3.5178255440281956,993,295,248,281,253
synthetic_N1000_m2_hetb,0.75,case_II,529,20,0.6868129726159958,-433.95,4.0,0.00023512016181583188,0.0006281952755895746,1.2527481095360167,853,550,657,632,708
synthetic_N1000_m2_hetb,0.75,case_II,530,200,0.329322465708467,17657.265,92.0,0.09669359577239472,0.011821126704323275,61.702333154821034,0,0,0,0,0
synthetic_N1000_m2_hetb,0.75,case_II,531,200,0.6069010136690235,427.95,7.0,0.0015740794658412498,0.0010964778684908786,2.7516929043168354,198,228,168,214,362
synthetic_N1000_m2_hetb,0.75,case_II,532,20,0.7285583473338744,-44.1,8.0,0.0017881363500895106,0.0012241306186551871,2.171533221329005,662,190,151,170,499
synthetic_N1000_m2_hetb,0.75,case_II,533,200,0.13064663579388291,83.2,3.0,0.0001995228945406948,0.0005486903590203771,2.6080600926183513,380,817,720,798,400
synthetic_N1000_m2_hetb,0.75,case_II,534,20,0.326452101504932,175.5,3.0,0.0001480205456315197,0.0005831482690711305,2.0206436954852043,309,818,812,661,539
synthetic_N1000_m2_hetb,0.75,case_II,535,20,0.9447045555986052,0.0,3.0,0.00018007275323718953,0.000571427472733027,0.16588633320418433,540,819,750,682,950
synthetic_N1000_m2_hetb,0.75,case_II,536,20,0.9660212875626245,0.0,4.0,0.0002286208879011781,0.0006523099611829917,0.13591484974950196,541,551,668,596,964
synthetic_N1000_m2_hetb,0.75,case_II,537,20,0.9923887631356604,0.0,4.0,0.0005586680392209561,0.0006797098532693529,0.030444947457358484,542,552,374,517,992
synthetic_N1000_m2_hetb,0.75,case_II,538,20,0.042525833888270914,-410.5,3.0,0.0003225773145547247,0.0005796356854716299,2.872422498335187,849,820,556,667,336
synthetic_N1000_m2_hetb,0.75,case_II,539,20,0.8265087689118491,693.1,7.0,0.0010710096236824728,0.001023451845869853,1.2144386176170563,123,229,235,248,719
synthetic_N1000_m2_hetb,0.75,case_II,540,20,0.9352758069942098,0.0,10.0,0.0018017102564451008,0.001464626279287178,0.6472419300579024,543,124,150,117,834
synthetic_N1000_m2_hetb,0.75,case_II,541,20,0.9019444400552439,0.0,3.0,0.0001253359684034838,0.0005342686002763309,0.29416667983426836,544,821,870,886,925
synthetic_N1000_m2_hetb,0.75,case_II,542,20,0.7149413034806142,359.8,4.0,0.00030114439992380874,0.0006548609331598573,1.140234786077543,224,553,580,586,732
synthetic_N1000_m2_hetb,0.75,case_II,543,20,0.6756193428878896,-780.05,5.0,0.0005603181831888725,0.0008080724869445736,1.621903285560552,935,386,373,371,629
synthetic_N1000_m2_hetb,0.75,case_II,544,20,0.7196066164883864,118.35,6.0,0.0015851262481047465,0.0009456496983912014,1.6823603010696815,342,296,166,282,614
synthetic_N1000_m2_hetb,0.75,case_II,545,20,0.5748858181470116,-678.95,3.0,0.00023419151531328195,0.0005406254878704143,1.2753425455589653,914,822,660,847,702
synthetic_N1000_m2_hetb,0.75,case_II,546,20,0.7884200798433164,0.0,3.0,0.0002760429854121509,0.000577472149693678,0.6347397604700508,545,823,606,672,841
synthetic_N1000_m2_hetb,0.75,case_II,547,20,0.5019296038006482,-79.75,6.0,0.0008410822830202551,0.0009684193474864783,2.9884223771961107,698,297,288,263,310
synthetic_N1000_m2_hetb,0.75,case_II,548,20,0.22593749989122835,623.8,4.0,0.00021781236205516114,0.0007512698372975793,3.0962500004350866,131,554,685,437,294
synthetic_N1000_m2_hetb,0.75,case_II,549,20,0.09434902497816688,-292.6,11.0,0.0034178781272470793,0.0015527276469928062,9.962160725240164,800,105,91,109,57
synthetic_N1000_m2_hetb,0.75,case_II,550,20,0.9082557233023724,-726.1,4.0,0.00037427929600048875,0.0006585570779292305,0.36697710679051054,928,555,499,573,909
synthetic_N1000_m2_hetb,0.75,case_II,551,20,0.7548789814030864,-2356.0,4.0,0.0003071095354319061,0.0006627503921572027,0.9804840743876544,999,556,574,561,771
synthetic_N1000_m2_hetb,0.75,case_II,552,20,0.17724193576034308,0.0,3.0,9.314242438968378e-05,0.000531986996735538,2.4682741927189706,546,824,952,903,427
synthetic_N1000_m2_hetb,0.75,case_II,553,20,0.8224582773234224,0.0,3.0,0.0001073847178441913,0.0005178088090312888,0.5326251680297329,547,825,915,966,870
synthetic_N1000_m2_hetb,0.75,case_II,554,20,0.30034675292417745,276.05,5.0,0.00031258050937548517,0.0007761132099753292,3.4982662353791127,262,387,567,421,254
synthetic_N1000_m2_hetb,0.75,case_II,555,20,0.6356549721085979,-317.0,3.0,0.00015507009150580233,0.0005073289067391365,1.0930350836742062,809,826,797,989,746
synthetic_N1000_m2_hetb,0.75,case_II,556,20,0.35615285774869865,761.45,9.0,0.0021354669673609656,0.001327794280349998,5.794624280261712,112,145,129,140,119
synthetic_N1000_m2_hetb,0.75,case_II,557,200,0.21416308633064296,337.835,3.0,0.0003187166224113232,0.0005666614077082721,2.3575107410080713,236,827,561,703,452
synthetic_N1000_m2_hetb,0.75,case_II,558,20,0.17560876378281154,115.25,5.0,0.0004310885855974984,0.0008305153487633932,4.121956181085943,346,388,454,341,192
synthetic_N1000_m2_hetb,0.75,case_II,559,20,0.07095031074440761,29.6,4.0,0.00023688165901088393,0.000704755374187927,3.7161987570223696,424,557,655,457,228
synthetic_N1000_m2_hetb,0.75,case_II,560,20,0.07443855639465857,177.95,5.0,0.0004427510160366587,0.0008238575883248555,4.627807218026707,307,389,444,348,165
synthetic_N1000_m2_hetb,0.75,case_II,561,200,0.06909021073258215,1032.485,11.0,0.003194389103766398,0.0015794721528568905,10.240007681941597,68,106,101,102,52
synthetic_N1000_m2_hetb,0.75,case_II,562,20,0.08991876663737164,-14.5,3.0,0.00011305555634104601,0.0005544991896691207,2.730243700087885,638,828,899,760,367
synthetic_N1000_m2_hetb,0.75,case_II,563,20,0.8340292890000545,0.0,3.0,9.862623910843139e-05,0.0005372036769283572,0.4979121329998366,548,829,938,863,881
synthetic_N1000_m2_hetb,0.75,case_II,564,20,0.5178083255163458,-1159.05,3.0,0.00016956796406222892,0.0005272817646207509,1.4465750234509627,979,830,771,931,666
synthetic_N1000_m2_hetb,0.75,case_II,565,20,0.12858401479946935,301.35,3.0,0.00017705275679049488,0.0005582246120702268,2.614247955601592,247,831,753,737,396
synthetic_N1000_m2_hetb,0.75,case_II,566,20,0.5249946488828098,-40.4,4.0,9.873423595898973e-05,0.0006216450712068783,1.9000214044687609,653,558,937,636,561
synthetic_N1000_m2_hetb,0.75,case_II,567,20,0.5426298015540887,-22.95,3.0,0.0002152376124218739,0.0005722150039299946,1.372110595337734,643,832,690,680,687
synthetic_N1000_m2_hetb,0.75,case_II,568,20,0.4965920349441739,-470.35,8.0,0.0012614534282455803,0.0011477867404172044,4.027263720446609,865,191,208,201,197
synthetic_N1000_m2_hetb,0.75,case_II,569,20,0.20648636461693026,-392.1,3.0,9.932101682328023e-05,0.0005370281516493373,2.3805409061492093,845,833,935,864,447
synthetic_N1000_m2_hetb,0.75,case_II,570,20,0.43439788722453043,57.5,3.0,0.00010933683041320696,0.0005633278565134106,1.6968063383264087,395,834,910,714,611
synthetic_N1000_m2_hetb,0.75,case_II,571,20,0.8708564535693805,0.0,4.0,0.00026635346070577457,0.0006561565691297936,0.5165741857224782,549,559,615,584,877
synthetic_N1000_m2_hetb,0.75,case_II,572,20,0.3837354777850742,-371.0,3.0,0.00028637499545892915,0.0005538755729257759,1.8487935666447775,835,835,590,764,577
synthetic_N1000_m2_hetb,0.75,case_II,573,20,0.5039852429121634,616.2,3.0,6.0787430303622615e-05,0.000528782336287495,1.4880442712635098,133,836,991,919,659
synthetic_N1000_m2_hetb,0.75,case_II,574,20,0.9302423990750158,-787.25,3.0,0.00010689150108966662,0.0005349117171062785,0.20927280277495253,936,837,918,882,940
synthetic_N1000_m2_hetb,0.75,case_II,575,20,0.23280139794441634,834.0,3.0,0.00012501160590183114,0.0005567350376603742,2.301595806166751,99,838,875,745,464
synthetic_N1000_m2_hetb,0.75,case_II,576,200,0.7255076868062386,943.73,14.0,0.00491681235064103,0.001949615532027848,3.84289238471266,80,74,57,71,216
synthetic_N1000_m2_hetb,0.75,case_II,577,20,0.4838413345039069,121.5,4.0,0.0006374735272593915,0.000699313866618638,2.0646346619843725,338,560,337,465,531
synthetic_N1000_m2_hetb,0.75,case_II,578,20,0.7873679132996416,-183.4,3.0,0.00020107302183823488,0.000542184493943543,0.6378962601010751,750,839,718,840,839
synthetic_N1000_m2_hetb,0.75,case_II,579,20,0.3596735148257848,70.75,5.0,0.0004957182909739157,0.0008071148600932948,3.201632425871076,388,390,411,374,279
synthetic_N1000_m2_hetb,0.75,case_II,580,20,0.5423586148739377,347.4,5.0,0.0008458498312468988,0.0008124081366898818,2.2882069256303117,230,391,285,360,468
synthetic_N1000_m2_hetb,0.75,case_II,581,20,0.36828594365148837,165.9,5.0,0.0005220563608670164,0.0008114594116954712,3.1585702817425583,316,392,395,363,286
synthetic_N1000_m2_hetb,0.75,case_II,582,20,0.8661492404529617,0.0,3.0,0.00013063738906796463,0.000583746132657812,0.40155227864111487,550,840,857,657,904
synthetic_N1000_m2_hetb,0.75,case_II,583,20,0.9148178896585872,0.0,5.0,0.0006033637266210011,0.0007944506698044917,0.4259105517070638,551,393,357,393,897
synthetic_N1000_m2_hetb,0.75,case_II,584,20,0.6318212838540919,-871.1,6.0,0.0011753859621579691,0.0009567154822472728,2.2090722968754486,957,298,217,269,489
synthetic_N1000_m2_hetb,0.75,case_II,585,20,0.9810202364628207,0.0,7.0,0.0015312896343422564,0.0010550732913897707,0.13285834476025538,552,230,176,232,966
synthetic_N1000_m2_hetb,0.75,case_II,586,20,0.7320556819078485,88.75,5.0,0.0005355127017247065,0.00084087714435837,1.3397215904607573,367,394,389,335,692
synthetic_N1000_m2_hetb,0.75,case_II,587,20,0.8304239319682308,0.0,3.0,0.0001922579892374501,0.0005544174747022102,0.5087282040953075,553,841,737,761,879
synthetic_N1000_m2_hetb,0.75,case_II,588,20,0.8947206498619251,-147.25,3.0,0.00014429624122962333,0.0005273550299522232,0.31583805041422464,721,842,816,929,922
synthetic_N1000_m2_hetb,0.75,case_II,589,20,0.27190576176612025,547.05,3.0,0.00025304721895533694,0.0005684231118363002,2.1842827147016393,155,843,633,701,498
synthetic_N1000_m2_hetb,0.75,case_II,590,200,0.986677930317109,23.485,14.0,0.004291575134030415,0.0019437354590105226,0.1865089755604734,439,75,70,72,945
synthetic_N1000_m2_hetb,0.75,case_II,591,20,0.39041402334281483,-691.45,4.0,0.0003046989216631348,0.0006579610962597123,2.4383439066287407,924,561,576,577,434
synthetic_N1000_m2_hetb,0.75,case_II,592,200,0.49721254381585167,452.405,11.0,0.0024610229229024548,0.001550806316591479,5.530662018025632,186,107,118,110,127
synthetic_N1000_m2_hetb,0.75,case_II,593,20,0.18032373166299687,-253.4,4.0,0.00021263257548634836,0.0006438067967607002,3.2787050733480125,786,562,695,614,274
synthetic_N1000_m2_hetb,0.75,case_II,594,20,0.8214787850033072,0.0,6.0,0.0004773390905179336,0.0009645799643000644,1.071127289980157,554,299,418,264,752
synthetic_N1000_m2_hetb,0.75,case_II,595,20,0.3368976266911904,-562.05,4.0,0.00028390397236508587,0.00069310529461425,2.6524094932352384,884,563,594,473,383
synthetic_N1000_m2_hetb,0.75,case_II,596,20,0.6893444454848344,29.6,6.0,0.0009380350589747931,0.0009496614057867437,1.8639333270909935,425,300,260,276,571
synthetic_N1000_m2_hetb,0.75,case_II,597,20,0.21835559486831246,-893.8,3.0,0.00014112711398705895,0.0005955903084031332,2.344933215395063,964,844,824,642,454
synthetic_N1000_m2_hetb,0.75,case_II,598,200,0.35136306055512956,292.75,11.0,0.0029091983965823967,0.0015774630325371187,7.135006333893575,253,108,108,103,89
synthetic_N1000_m2_hetb,0.75,case_II,599,20,0.38424448628290675,-153.8,3.0,0.0001752485688952056,0.0005399618742866886,1.8472665411512796,726,845,757,852,578
synthetic_N1000_m2_hetb,0.75,case_II,600,200,0.23662399393571287,413.085,3.0,0.00011257098564472529,0.0005562667974844202,2.2901280181928616,202,846,903,747,466
synthetic_N1000_m2_hetb,0.75,case_II,601,200,0.035063442069188544,1148.19,6.0,0.0004177670412398974,0.000906768749414223,5.7896193475848685,60,301,462,316,120
synthetic_N1000_m2_hetb,0.75,case_II,602,20,0.7702089160972269,95.4,5.0,0.000547898253662192,0.0007871215844409431,1.1489554195138658,359,395,380,403,731
synthetic_N1000_m2_hetb,0.75,case_II,603,20,0.9503546630566793,0.0,5.0,0.0006090440330685022,0.000756637002288928,0.2482266847166037,555,396,352,433,931
synthetic_N1000_m2_hetb,0.75,case_II,604,20,0.22624785755627508,-1374.8,5.0,0.0005823597561288296,0.0008011932783485792,3.8687607122186245,992,397,364,383,212
synthetic_N1000_m2_hetb,0.75,case_II,605,200,0.16265136497070776,448.805,5.0,0.0005140342037034017,0.0007759840318493228,4.186743175146461,190,398,400,422,188
synthetic_N1000_m2_hetb,0.75,case_II,606,20,0.34760417535557775,-20.65,3.0,0.0002853931722247249,0.0005749107584495555,1.9571874739332666,642,847,591,676,551
synthetic_N1000_m2_hetb,0.75,case_II,607,20,0.0827660016297126,306.35,5.0,0.0005822639570426174,0.0007656368407374069,4.586169991851437,244,399,365,430,166
synthetic_N1000_m2_hetb,0.75,case_II,608,20,0.6497328757632396,-44.1,3.0,0.00034047146685926036,0.0005361302789947342,1.0508013727102812,663,848,531,870,757
synthetic_N1000_m2_hetb,0.75,case_II,609,20,0.36855251919960996,-121.2,3.0,0.0003795976483492628,0.0005403682513959076,1.8943424424011701,709,849,495,849,564
synthetic_N1000_m2_hetb,0.75,case_II,610,20,0.5624785542668137,206.3,4.0,0.00024085254860339178,0.0006332656086851522,1.7500857829327452,301,564,649,629,602
synthetic_N1000_m2_hetb,0.75,case_II,611,20,0.9058499863649655,0.0,3.0,0.00019013195817649912,0.000569239284014354,0.2824500409051035,556,850,741,696,928
synthetic_N1000_m2_hetb,0.75,case_II,612,20,0.8615793288939493,0.0,3.0,0.00026306888833933735,0.0005757686984213283,0.41526201331815216,557,851,618,674,899
synthetic_N1000_m2_hetb,0.75,case_II,613,20,0.9216768590469784,-323.7,4.0,0.0003958587406344995,0.0006652294115668063,0.3132925638120865,814,565,477,552,923
synthetic_N1000_m2_hetb,0.75,case_II,614,20,0.9350577167713908,-723.05,5.0,0.00034157030555467176,0.0007435148348909136,0.3247114161430459,927,400,530,444,920
synthetic_N1000_m2_hetb,0.75,case_II,615,20,0.5898193600864983,-44.1,3.0,0.0003355616803888556,0.0005228019981040745,1.2305419197405052,664,852,539,952,715
synthetic_N1000_m2_hetb,0.75,case_II,616,200,0.5023002858629506,367.91,6.0,0.0011183292034419546,0.0009494931562578674,2.9861982848222963,220,302,227,278,311
synthetic_N1000_m2_hetb,0.75,case_II,617,20,0.03761516563706968,29.6,3.0,0.00019867208540849942,0.0005849364263121873,2.887154503088791,426,853,722,652,334
synthetic_N1000_m2_hetb,0.75,case_II,618,20,0.10244131138007828,-850.95,3.0,0.00019300742729368888,0.0005659230487619388,2.6926760658597653,953,854,736,705,373
synthetic_N1000_m2_hetb,0.75,case_II,619,20,0.5239233948745965,0.0,6.0,0.0007179174088783835,0.0009342795853200313,2.856459630752421,558,303,317,294,339
synthetic_N1000_m2_hetb,0.75,case_II,620,20,0.8560083046111611,-64.1,5.0,0.0005909351310057332,0.000816690646215564,0.7199584769441947,687,401,360,353,815
synthetic_N1000_m2_hetb,0.75,case_II,621,20,0.4326345607117319,-64.1,4.0,0.00045518568572261274,0.0006865586414672141,2.2694617571530724,688,566,440,488,475
synthetic_N1000_m2_hetb,0.75,case_II,622,20,0.0037293622863878717,-194.2,3.0,0.00012415250667724176,0.0005832918675849198,2.9888119131408364,762,855,877,660,309
synthetic_N1000_m2_hetb,0.75,case_II,623,20,0.2123031061951699,-364.75,5.0,0.00048242121058250745,0.0007781632044422133,3.9384844690241505,826,402,415,419,203
synthetic_N1000_m2_hetb,0.75,case_II,624,20,0.7599704182197689,-34.5,6.0,0.001195324221239883,0.0009508268953229478,1.440177490681387,650,304,215,274,671
synthetic_N1000_m2_hetb,0.75,case_II,625,20,0.15841798852977795,549.05,3.0,0.00033321190256488826,0.0005550903664852511,2.5247460344106663,151,856,542,757,420
synthetic_N1000_m2_hetb,0.75,case_II,626,20,0.1995763351554023,-84.0,5.0,0.00047050260922798623,0.0007827631570859776,4.002118324222988,700,403,424,412,198
synthetic_N1000_m2_hetb,0.75,case_II,627,20,0.28553606420344835,870.65,3.0,0.00025075352225849165,0.0005835357888097317,2.143391807389655,92,857,634,659,511
synthetic_N1000_m2_hetb,0.75,case_II,628,200,0.6092833765614685,785.53,13.0,0.003294028961556596,0.0017970425309724355,5.07931610470091,107,84,96,84,139
synthetic_N1000_m2_hetb,0.75,case_II,629,20,0.8364055547707432,-183.4,6.0,0.000871795800117918,0.0009827725111812835,0.9815666713755409,751,305,276,258,770
synthetic_N1000_m2_hetb,0.75,case_II,630,20,0.2188948374279186,250.95,3.0,0.00013209546688906743,0.0005339896474186846,2.3433154877162443,276,858,851,887,455
synthetic_N1000_m2_hetb,0.75,case_II,631,200,0.5994678737814576,261.11,16.0,0.005302784453948744,0.002160200460000002,6.408514019496678,271,55,52,59,101
synthetic_N1000_m2_hetb,0.75,case_II,632,20,0.5299406131466844,88.75,3.0,0.00026322072114061873,0.0005654869777449395,1.4101781605599468,368,859,617,708,680
synthetic_N1000_m2_hetb,0.75,case_II,633,20,0.4448642064761482,566.0,3.0,0.00014385807795553175,0.0005474119541731527,1.6654073805715552,147,860,818,804,619
synthetic_N1000_m2_hetb,0.75,case_II,634,20,0.5804205236557797,476.45,3.0,0.00018249164508657092,0.0005495336028640272,1.258738429032661,175,861,746,795,706
synthetic_N1000_m2_hetb,0.75,case_II,635,20,0.8141185235724825,-118.0,6.0,0.001134170468801245,0.0009760447578429834,1.115288858565105,707,306,225,259,741
synthetic_N1000_m2_hetb,0.75,case_II,636,20,0.2174880566784605,131.4,4.0,0.0003306773866057856,0.0007149288011308482,3.130047773286158,335,567,546,451,291
synthetic_N1000_m2_hetb,0.75,case_II,637,20,0.49723415087942624,29.6,4.0,0.00023538646632492054,0.0006396189427228872,2.011063396482295,427,568,656,624,541
synthetic_N1000_m2_hetb,0.75,case_II,638,20,0.09792056114612835,-625.1,3.0,0.00014874062199374106,0.0005355760651084102,2.706238316561615,896,862,808,875,370
synthetic_N1000_m2_hetb,0.75,case_II,639,20,0.5132375550687044,-13.15,6.0,0.0007621453744528536,0.0009107619542997028,2.920574669587774,632,307,307,311,324
synthetic_N1000_m2_hetb,0.75,case_II,640,20,0.7910078573202679,0.0,3.0,0.00010061497339991488,0.0005314217903073302,0.6269764280391963,559,863,930,905,843
synthetic_N1000_m2_hetb,0.75,case_II,641,20,0.9985588906517041,0.0,3.0,0.0001345449790274452,0.0005370153207468486,0.004323328044887664,560,864,842,866,997
synthetic_N1000_m2_hetb,0.75,case_II,642,20,0.4756930540857839,-345.5,7.0,0.0007430795768929884,0.0009962359433448283,3.670148621399513,823,231,311,254,237
synthetic_N1000_m2_hetb,0.75,case_II,643,20,0.29660340069975666,381.15,4.0,0.0003425569270626174,0.0006700045226157346,2.8135863972009734,214,569,529,541,346
synthetic_N1000_m2_hetb,0.75,case_II,644,20,0.5795035819171939,554.6,10.0,0.003289137220260243,0.0014537651752893697,4.204964180828061,150,125,97,120,185
synthetic_N1000_m2_hetb,0.75,case_II,645,20,0.37175205481064844,-166.75,5.0,0.00045672349344273033,0.0007937113136319892,3.141239725946758,734,404,437,396,290
synthetic_N1000_m2_hetb,0.75,case_II,646,20,0.11700238911955996,153.85,7.0,0.0008429650220855025,0.0011000862279013266,6.18098327616308,327,232,287,212,109
synthetic_N1000_m2_hetb,0.75,case_II,647,20,0.5244985720304953,-109.4,3.0,0.0001564163103780671,0.0005438056828465326,1.426504283908514,705,865,795,825,675
synthetic_N1000_m2_hetb,0.75,case_II,648,20,0.7991356910058783,-871.1,3.0,0.00019634262547603976,0.0005498022104076228,0.602592926982365,958,866,726,793,848
synthetic_N1000_m2_hetb,0.75,case_II,649,20,0.8911272873731255,-366.4,3.0,0.00013454905914807335,0.0005803208469907041,0.32661813788062344,831,867,841,665,918
synthetic_N1000_m2_hetb,0.75,case_II,650,20,0.9781111877004136,0.0,4.0,0.00038291888372256994,0.0007030686839502634,0.08755524919834556,561,570,493,458,983
synthetic_N1000_m2_hetb,0.75,case_II,651,20,0.367724622858563,-35.8,4.0,0.0003550404756886517,0.0006432857327617841,2.529101508565748,652,571,516,617,419
synthetic_N1000_m2_hetb,0.75,case_II,652,20,0.2516651775815243,-172.1,8.0,0.0009698429444110262,0.001187526150634291,5.986678579347806,735,192,257,181,112
synthetic_N1000_m2_hetb,0.75,case_II,653,20,0.11082077354630926,65.6,3.0,9.994068551970821e-05,0.0005657307361976627,2.667537679361072,392,868,933,707,379
synthetic_N1000_m2_hetb,0.75,case_II,654,20,0.43623191729940924,319.4,9.0,0.0015712606760967236,0.001313657730825587,5.073912744305317,241,146,169,151,140
synthetic_N1000_m2_hetb,0.75,case_II,655,200,0.8070271602470545,41.85,11.0,0.0030364471781927993,0.001569602802835149,2.122701237282401,402,109,105,105,516
synthetic_N1000_m2_hetb,0.75,case_II,656,20,0.23464478762451768,-253.75,3.0,0.00024962123628094853,0.0005339329368872826,2.296065637126447,787,869,636,889,465
synthetic_N1000_m2_hetb,0.75,case_II,657,20,0.8495664980662655,175.5,3.0,0.0001321357660052532,0.0005840837965029107,0.4513005058012035,310,870,850,656,890
synthetic_N1000_m2_hetb,0.75,case_II,658,20,0.7117370178186778,406.1,3.0,7.85173686159961e-05,0.000507137643286758,0.8647889465439665,204,871,972,990,790
synthetic_N1000_m2_hetb,0.75,case_II,659,20,0.2009428205260435,-221.75,4.0,0.00038637804570072163,0.0006495174403318823,3.196228717895826,770,572,489,606,280
synthetic_N1000_m2_hetb,0.75,case_II,660,200,0.6317515391392956,660.65,24.0,0.01060726418279391,0.0032309694133587003,8.837963060656906,127,32,34,32,68
synthetic_N1000_m2_hetb,0.75,case_II,661,200,0.8196921827935082,148.13,3.0,0.00034665240491900325,0.0005559542061732983,0.5409234516194754,331,872,525,751,867
synthetic_N1000_m2_hetb,0.75,case_II,662,20,0.9328703661209736,74.15,7.0,0.000772469051881339,0.0010108116904431754,0.4699074371531846,387,233,305,252,888
synthetic_N1000_m2_hetb,0.75,case_II,663,20,0.1622147636965876,-222.2,4.0,0.000195061559503477,0.0006833223330619002,3.3511409452136496,771,573,730,504,270
synthetic_N1000_m2_hetb,0.75,case_II,664,20,0.8220151936558258,0.0,3.0,4.185769487459536e-05,0.0004936769694330841,0.5339544190325227,562,873,997,998,869
synthetic_N1000_m2_hetb,0.75,case_II,665,20,0.775849087831725,287.55,3.0,0.0001679846838066002,0.0005524728925620586,0.672452736504825,257,874,773,779,827
synthetic_N1000_m2_hetb,0.75,case_II,666,20,0.24372164064158708,0.0,3.0,0.00022057904359657727,0.0005530684322518082,2.268835078075239,563,875,680,770,476
synthetic_N1000_m2_hetb,0.75,case_II,667,20,0.29458141066814314,-34.25,3.0,0.0002082528242973857,0.0005329569099171271,2.1162557679955705,649,876,710,898,517
synthetic_N1000_m2_hetb,0.75,case_II,668,20,0.9570840322522522,0.0,3.0,0.0002099281524658655,0.0005572315982720314,0.12874790324324326,564,877,705,741,968
synthetic_N1000_m2_hetb,0.75,case_II,669,20,0.3620160579603561,29.6,4.0,0.00022234483999597886,0.0006625947740157249,2.5519357681585757,428,574,677,562,413
synthetic_N1000_m2_hetb,0.75,case_II,670,200,0.28897610525044326,1836.08,21.0,0.009864798121928347,0.0028873393328305245,14.931501789740691,39,40,40,37,28
synthetic_N1000_m2_hetb,0.75,case_II,671,20,0.7200111192047169,41.15,4.0,0.00047045920329305015,0.0006826829775704983,1.1199555231811322,406,575,425,507,738
synthetic_N1000_m2_hetb,0.75,case_II,672,200,0.13290601045995287,2532.27,18.0,0.006150119822763097,0.002416191375620445,15.607691811720848,23,48,48,49,25
synthetic_N1000_m2_hetb,0.75,case_II,673,20,0.4831693166218948,936.6,3.0,0.00011278698994177702,0.0005541140015189158,1.5504920501343156,82,878,901,763,644
synthetic_N1000_m2_hetb,0.75,case_II,674,20,0.3581331262376146,-252.85,3.0,0.0001267178755610176,0.0005399947956487099,1.9256006212871561,785,879,864,851,558
synthetic_N1000_m2_hetb,0.75,case_II,675,20,0.5439863429623552,-22.95,3.0,9.98097621663579e-05,0.0005993090156433791,1.3680409711129347,644,880,934,641,689
synthetic_N1000_m2_hetb,0.75,case_II,676,20,0.6032501438505057,-871.1,5.0,0.0008361469897189712,0.000791410341138286,1.9837492807474715,959,405,290,399,545
synthetic_N1000_m2_hetb,0.75,case_II,677,20,0.6401074539004775,-871.1,3.0,0.00013189399042313476,0.0005559024126334281,1.0796776382985676,960,881,853,753,748
synthetic_N1000_m2_hetb,0.75,case_II,678,20,0.4323990581888032,267.7,4.0,0.00026915671556006785,0.0006697675255559158,2.270403767244787,266,576,614,543,473
synthetic_N1000_m2_hetb,0.75,case_II,679,20,0.8869324087540136,-586.5,7.0,0.0009028089896789451,0.0010469172253880492,0.791473138721905,887,234,264,237,800
synthetic_N1000_m2_hetb,0.75,case_II,680,20,0.8356760923639591,0.0,3.0,8.544107758071946e-05,0.0005105574522109887,0.49297172290812263,565,882,961,983,883
synthetic_N1000_m2_hetb,0.75,case_II,681,20,0.9333577853920362,-44.1,3.0,9.995959710891205e-05,0.0005208113857080725,0.19992664382389147,665,883,932,957,941
synthetic_N1000_m2_hetb,0.75,case_II,682,20,0.4459056416232484,-135.7,6.0,0.0010482969281371138,0.0009704248487491555,3.3245661502605097,717,308,240,261,273
synthetic_N1000_m2_hetb,0.75,case_II,683,20,0.7300859144743024,-44.1,4.0,0.00040366922471409076,0.0007019662293014086,1.0796563421027905,666,577,471,463,749
synthetic_N1000_m2_hetb,0.75,case_II,684,20,0.43069578678627296,191.9,3.0,0.000323992813352876,0.0005614703674565397,1.7079126396411812,305,884,554,726,609
synthetic_N1000_m2_hetb,0.75,case_II,685,20,0.27878275453064916,441.75,3.0,0.00011281284956752573,0.0005159872880750986,2.1636517364080525,193,885,900,975,501
synthetic_N1000_m2_hetb,0.75,case_II,686,20,0.6518864471172541,243.45,6.0,0.0009526611868942707,0.000955661540420554,2.0886813172964755,284,309,258,271,526
synthetic_N1000_m2_hetb,0.75,case_II,687,20,0.9459871575106307,29.6,9.0,0.0013714364814059682,0.0013014423164902037,0.48611558240432395,429,147,193,153,884
synthetic_N1000_m2_hetb,0.75,case_II,688,20,0.8043078809051966,-729.6,11.0,0.0030988296081774073,0.0015956571562336732,2.1526133100428377,930,110,103,98,504
synthetic_N1000_m2_hetb,0.75,case_II,689,20,0.28520177437201744,-997.8,4.0,0.00029724064426288213,0.0006662799499971373,2.8591929025119303,971,578,583,549,337
synthetic_N1000_m2_hetb,0.75,case_II,690,20,0.22810575636153718,146.25,3.0,0.00033218659081362333,0.0005264092004551566,2.3156827309153885,332,886,543,934,461
synthetic_N1000_m2_hetb,0.75,case_II,691,20,0.771645461188267,0.0,3.0,8.306731659172031e-05,0.0005027673841876341,0.6850636164351989,566,887,968,994,824
synthetic_N1000_m2_hetb,0.75,case_II,692,20,0.70512847943679,286.55,4.0,0.00024127834442590624,0.0006418226506309434,1.17948608225284,259,579,648,619,726
synthetic_N1000_m2_hetb,0.75,case_II,693,20,0.8636017462548002,-162.1,9.0,0.0020895510232553623,0.0013269454277841457,1.2275842837067978,732,148,132,142,716
synthetic_N1000_m2_hetb,0.75,case_II,694,20,0.14636161095889433,485.4,5.0,0.0007887830020203548,0.0008122407639723315,4.268191945205528,172,406,301,361,178
synthetic_N1000_m2_hetb,0.75,case_II,695,20,0.8616792361529133,0.0,3.0,0.0002553694741432822,0.0005596751850532977,0.4149622915412601,567,888,631,733,900
synthetic_N1000_m2_hetb,0.75,case_II,696,200,0.4326254526587491,856.45,6.0,0.0006944121694929676,0.0009448930981406009,3.4042472840475053,95,310,324,285,264
synthetic_N1000_m2_hetb,0.75,case_II,697,20,0.2733454783925543,846.45,4.0,0.0002792934904227863,0.0006497223996768154,2.906618086429783,96,580,601,603,326
synthetic_N1000_m2_hetb,0.75,case_II,698,200,0.34324466249262875,2715.24,33.0,0.01910163093607496,0.004410791343998474,21.67292613774325,20,16,20,16,16
synthetic_N1000_m2_hetb,0.75,case_II,699,20,0.993503904012744,0.0,4.0,0.00046163346209233806,0.0007028835707311237,0.025984383949023915,568,581,433,460,994
synthetic_N1000_m2_hetb,0.75,case_II,700,20,0.9560321250196621,0.0,8.0,0.0011119088959955035,0.0011821897903937643,0.3517429998427035,569,193,229,182,912
synthetic_N1000_m2_hetb,0.75,case_II,701,20,0.08374603548012094,0.0,3.0,9.335301512434531e-05,0.0005363651388320129,2.748761893559637,570,889,951,868,365
synthetic_N1000_m2_hetb,0.75,case_II,702,20,0.3151884677170894,-880.4,6.0,0.0010748896675220085,0.0009846753988112644,4.108869193697464,962,311,233,257,193
synthetic_N1000_m2_hetb,0.75,case_II,703,20,0.7195790246564682,-56.2,4.0,0.0002708148250927146,0.0006988499831623916,1.1216839013741273,674,582,612,467,736
synthetic_N1000_m2_hetb,0.75,case_II,704,20,0.035325131608288984,-75.3,4.0,0.00024450332639232015,0.000667089540480209,3.858699473566844,696,583,642,547,214
synthetic_N1000_m2_hetb,0.75,case_II,705,20,0.035923654437162944,461.95,3.0,0.0002148902007878772,0.0005359688260759676,2.8922290366885113,179,890,691,873,332
synthetic_N1000_m2_hetb,0.75,case_II,706,200,0.04489029342183237,2309.415,14.0,0.003903356666832946,0.0019229362266714317,13.371535892094347,27,76,80,75,33
synthetic_N1000_m2_hetb,0.75,case_II,707,20,0.8684448332578513,0.0,3.0,0.00015773863579619695,0.0005447052744190001,0.3946655002264462,571,891,790,820,907
synthetic_N1000_m2_hetb,0.75,case_II,708,20,0.333732439660985,-212.35,4.0,0.00013923443727762263,0.0006645599745333411,2.66507024135606,768,584,829,553,380
synthetic_N1000_m2_hetb,0.75,case_II,709,20,0.31873983277151186,484.95,5.0,0.00036762891416383745,0.0007849646263660701,3.4063008361424405,173,407,506,409,263
synthetic_N1000_m2_hetb,0.75,case_II,710,20,0.7933438210501507,-1070.1,9.0,0.0019136197710108876,0.001315134964927137,1.859905610548644,975,149,144,148,573
synthetic_N1000_m2_hetb,0.75,case_II,711,20,0.3185662914766022,-91.6,4.0,0.00022734390529716869,0.000656734921655679,2.725734834093591,701,585,672,582,368
synthetic_N1000_m2_hetb,0.75,case_II,712,20,0.7384308555952237,-56.2,8.0,0.0016075758166106723,0.001160746447815814,2.0925531552382104,675,194,164,195,523
synthetic_N1000_m2_hetb,0.75,case_II,713,20,0.3693407284032201,-296.75,4.0,0.0005124994736461382,0.0006711618726675385,2.5226370863871197,802,586,402,537,421
synthetic_N1000_m2_hetb,0.75,case_II,714,200,0.29751931337916526,2782.885,19.0,0.009158743763623156,0.002606143916800446,13.34713304579586,19,46,42,45,34
synthetic_N1000_m2_hetb,0.75,case_II,715,20,0.3872265142953374,-72.05,6.0,0.0006062659029830533,0.0008967248701249799,3.676640914227976,693,312,354,322,235
synthetic_N1000_m2_hetb,0.75,case_II,716,200,0.16803724260680775,1100.95,12.0,0.003633000304999439,0.0017279531944759381,9.983553088718306,65,91,84,89,56
synthetic_N1000_m2_hetb,0.75,case_II,717,200,0.07501114630738015,2010.365,16.0,0.005229339600217042,0.0022077017181693723,14.799821659081918,32,56,53,56,29
synthetic_N1000_m2_hetb,0.75,case_II,718,20,0.8712014465037485,-323.7,7.0,0.0010028143656239487,0.0010337278273312106,0.9015898744737603,815,235,249,245,782
synthetic_N1000_m2_hetb,0.75,case_II,719,20,0.8683831797645515,-678.95,3.0,0.00019531070411599516,0.0005517779473626501,0.39485046070634555,915,892,728,783,906
synthetic_N1000_m2_hetb,0.75,case_II,720,20,0.46082134286350085,-376.6,3.0,0.00010444826149303729,0.0005577070801934382,1.6175359714094975,838,893,924,739,630
synthetic_N1000_m2_hetb,0.75,case_II,721,20,0.6883762257244914,-77.55,5.0,0.0007881589280044208,0.0008248624292421783,1.558118871377543,697,408,302,344,641
synthetic_N1000_m2_hetb,0.75,case_II,722,20,0.862649616262373,0.0,3.0,0.0002173562194832377,0.0005631879751560007,0.41205115121288094,572,894,688,715,901
synthetic_N1000_m2_hetb,0.75,case_II,723,20,0.39072337589762884,-488.2,3.0,0.0003475539537892696,0.0005644444120489456,1.8278298723071136,868,895,524,711,584
synthetic_N1000_m2_hetb,0.75,case_II,724,20,0.7118103284257594,0.0,3.0,8.372832957085593e-05,0.0005253265186101297,0.8645690147227217,573,896,965,941,791
synthetic_N1000_m2_hetb,0.75,case_II,725,20,0.7547914201079906,41.15,7.0,0.0008704215963285383,0.0010671714766130518,1.7164600592440658,407,236,280,222,608
synthetic_N1000_m2_hetb,0.75,case_II,726,20,0.0780746100305868,267.7,9.0,0.0022584243028773592,0.0013895260340154832,8.29732850972472,267,150,126,128,76
synthetic_N1000_m2_hetb,0.75,case_II,727,20,0.1381620728272963,29.6,3.0,0.00012066438789014448,0.0005374043978334739,2.5855137815181113,430,897,882,862,404
synthetic_N1000_m2_hetb,0.75,case_II,728,20,0.7503299824856386,-233.7,4.0,0.0004475903266755416,0.0006761638386390499,0.9986800700574454,779,587,441,525,765
synthetic_N1000_m2_hetb,0.75,case_II,729,20,0.7056489373809989,88.75,4.0,0.0003575470253378009,0.0006762715242485001,1.1774042504760045,369,588,514,524,727
synthetic_N1000_m2_hetb,0.75,case_II,730,20,0.18526748198019183,405.9,7.0,0.0008145817127249234,0.0010986868391104616,5.703127626138658,205,237,294,213,123
synthetic_N1000_m2_hetb,0.75,case_II,731,20,0.8267319229556759,0.0,4.0,0.0002823654113840001,0.0006655382495741062,0.6930723081772965,574,589,598,550,820
synthetic_N1000_m2_hetb,0.75,case_II,732,20,0.8009011709823957,-122.6,6.0,0.000917476115178305,0.0009179606195012845,1.194592974105626,712,313,263,304,721
synthetic_N1000_m2_hetb,0.75,case_II,733,20,0.332743528625158,74.25,4.0,0.00021761040090223437,0.0006820486399508074,2.669025885499368,386,590,686,509,378
synthetic_N1000_m2_hetb,0.75,case_II,734,200,0.3402819990903042,2656.485,29.0,0.01757567120781187,0.003955001334432791,19.13182202638118,22,24,21,23,20
synthetic_N1000_m2_hetb,0.75,case_II,735,20,0.11057199333425483,542.05,4.0,0.00023068969166485895,0.0006831884650564282,3.5577120266629807,158,591,663,505,248
synthetic_N1000_m2_hetb,0.75,case_II,736,200,0.4454831559739022,3229.005,39.0,0.028447627208151003,0.005184652280033088,21.626156917017813,17,12,12,12,17
synthetic_N1000_m2_hetb,0.75,case_II,737,20,0.10976126007862752,-603.7,4.0,0.0002585021795133903,0.0006580892696927351,3.56095495968549,893,592,624,576,246
synthetic_N1000_m2_hetb,0.75,case_II,738,20,0.5434071419217806,101.6,3.0,0.0001364824968353109,0.0005486406777842055,1.3697785742346582,357,898,836,800,688
synthetic_N1000_m2_hetb,0.75,case_II,739,20,0.6245833168710772,605.45,7.0,0.0010683351842460812,0.0010228161299128502,2.62791678190246,136,238,237,249,393
synthetic_N1000_m2_hetb,0.75,case_II,740,20,0.5819411427086918,29.6,3.0,0.00018421161481190737,0.0005467702905563579,1.2541765718739246,431,899,744,808,707
synthetic_N1000_m2_hetb,0.75,case_II,741,20,0.07164854385164288,408.0,4.0,0.00024154299206191805,0.0006624003096057901,3.7134058245934285,203,593,647,563,230
synthetic_N1000_m2_hetb,0.75,case_II,742,20,0.6216704469983908,0.0,6.0,0.0006478986319765109,0.001045509767001452,2.269977318009655,575,314,336,238,474
synthetic_N1000_m2_hetb,0.75,case_II,743,20,0.7522149311552978,-507.1,3.0,8.125025820771124e-05,0.0005205523209978785,0.7433552065341066,874,900,969,958,811
synthetic_N1000_m2_hetb,0.75,case_II,744,20,0.1418532078034277,0.0,3.0,0.00020420838327394955,0.0005395071805260186,2.574440376589717,576,901,713,856,406
synthetic_N1000_m2_hetb,0.75,case_II,745,200,0.5950767958664359,2430.61,38.0,0.021468748233464965,0.0049481693611698845,15.387081757075435,24,13,17,13,26
synthetic_N1000_m2_hetb,0.75,case_II,746,20,0.8190554752387017,109.55,8.0,0.001356334982528333,0.0011697161314976464,1.4475561980903864,349,195,196,189,665
synthetic_N1000_m2_hetb,0.75,case_II,747,20,0.1936194413797031,88.75,3.0,9.714074012303158e-05,0.0005569824374255499,2.4191416758608906,370,902,940,743,440
synthetic_N1000_m2_hetb,0.75,case_II,748,20,0.9134149207965668,0.0,9.0,0.0017579180550494347,0.0013255165808234433,0.7792657128308985,577,151,153,143,801
synthetic_N1000_m2_hetb,0.75,case_II,749,20,0.9719140814140141,0.0,3.0,0.00010508547226347977,0.0005722713001766616,0.08425775575795758,578,903,921,679,984
synthetic_N1000_m2_hetb,0.75,case_II,750,20,0.7116445561732289,-44.1,3.0,0.0001237011547528074,0.000515669118834051,0.8650663314803134,667,904,878,976,789
synthetic_N1000_m2_hetb,0.75,case_II,751,20,0.8720357680246629,-309.65,7.0,0.0010699038963342925,0.0010590951300369093,0.8957496238273599,806,239,236,228,784
synthetic_N1000_m2_hetb,0.75,case_II,752,200,0.2717827135360652,403.24,6.0,0.0008929789209721836,0.0009455575863725398,4.369303718783609,207,315,268,283,173
synthetic_N1000_m2_hetb,0.75,case_II,753,20,0.6649683870363727,68.9,9.0,0.0015368018942880893,0.0013326090947285703,3.0152845166726454,389,152,175,137,299
synthetic_N1000_m2_hetb,0.75,case_II,754,20,0.9261442544579103,-323.7,3.0,0.0002239035160826586,0.0005398338271321995,0.2215672366262692,816,905,676,854,938
synthetic_N1000_m2_hetb,0.75,case_II,755,200,0.044729020745856274,1556.825,6.0,0.001113108435404876,0.0009196169176566404,5.731625875524863,45,316,228,302,122
synthetic_N1000_m2_hetb,0.75,case_II,756,20,0.8208245363224256,0.0,4.0,0.00021623677664464656,0.0006919525351390906,0.7167018547102977,579,594,689,477,817
synthetic_N1000_m2_hetb,0.75,case_II,757,20,0.2369231670586005,-341.75,3.0,7.875846879409157e-05,0.0005611832172293626,2.2892304988241987,821,906,971,727,467
synthetic_N1000_m2_hetb,0.75,case_II,758,20,0.8011131119296838,-808.0,6.0,0.0007507797803982216,0.0009097786097528975,1.193321328421897,941,317,310,312,722
synthetic_N1000_m2_hetb,0.75,case_II,759,20,0.6424195402459892,-1289.5,9.0,0.001804294749531605,0.0013145255975912013,3.218224137786097,987,153,149,149,278
synthetic_N1000_m2_hetb,0.75,case_II,760,20,0.8015446039715485,-183.4,3.0,9.409671257969108e-05,0.0005279053921262894,0.5953661880853546,752,907,946,925,849
synthetic_N1000_m2_hetb,0.75,case_II,761,20,0.4009949802868912,159.5,3.0,0.00019752910912496525,0.0005422879048266474,1.7970150591393264,323,908,723,839,594
synthetic_N1000_m2_hetb,0.75,case_II,762,200,0.4502160475125643,4423.785,48.0,0.036991213376221334,0.006381308971732086,26.389629719396915,10,9,8,8,11
synthetic_N1000_m2_hetb,0.75,case_II,763,200,0.9242973251731486,294.445,13.0,0.0038374095743162026,0.0018246196001957193,0.9841347727490688,249,85,82,80,768
synthetic_N1000_m2_hetb,0.75,case_II,764,20,0.07123370061253664,-502.8,3.0,0.00024827941149279336,0.0005366237932183449,2.78629889816239,870,909,638,867,353
synthetic_N1000_m2_hetb,0.75,case_II,765,20,0.15620072680258767,938.3,8.0,0.0013414479239297883,0.0011971070310046736,6.750394185579299,81,196,200,178,96
synthetic_N1000_m2_hetb,0.75,case_II,766,20,0.9728324105112391,0.0,3.0,0.00014886320739251224,0.0005293826253518444,0.08150276846628257,580,910,806,914,985
synthetic_N1000_m2_hetb,0.75,case_II,767,200,0.9132513066775165,91.615,13.0,0.004074767651511253,0.001820093944683662,1.1277330131922851,360,86,74,82,735
synthetic_N1000_m2_hetb,0.75,case_II,768,200,0.14686805427228156,399.74,7.0,0.0008240548797022575,0.0010774167035228221,5.971923620094029,208,240,293,221,113
synthetic_N1000_m2_hetb,0.75,case_II,769,20,0.9734592170118911,0.0,3.0,0.00013037979234591302,0.0005460140691983756,0.07962234896432674,581,911,858,815,986
synthetic_N1000_m2_hetb,0.75,case_II,770,20,0.2654554315187777,-310.75,3.0,0.00011382655325273223,0.0005172838935134966,2.203633705443667,807,912,896,971,490
synthetic_N1000_m2_hetb,0.75,case_II,771,20,0.892106866269302,41.15,5.0,0.00040451833542823795,0.000815719638193244,0.5394656686534899,408,409,470,355,868
synthetic_N1000_m2_hetb,0.75,case_II,772,20,0.9047752275802584,0.0,3.0,0.00021141146386985198,0.0005416555398909124,0.28567431725922476,582,913,699,843,927
synthetic_N1000_m2_hetb,0.75,case_II,773,20,0.02374579364467,260.2,6.0,0.0008901033937754225,0.0009418964702449604,5.85752523813198,273,318,270,289,117
synthetic_N1000_m2_hetb,0.75,case_II,774,20,0.009711634968144423,-138.75,5.0,0.0005323441600235036,0.0008240406120037917,4.951441825159278,718,410,391,347,146
synthetic_N1000_m2_hetb,0.75,case_II,775,20,0.32699486130282873,363.55,3.0,0.0003024498005603879,0.0005619973202598836,2.0190154160915137,222,914,578,722,540
synthetic_N1000_m2_hetb,0.75,case_II,776,20,0.9311784773555225,0.0,5.0,0.00041219077159714663,0.0007971453077068339,0.3441076132223875,583,411,467,388,915
synthetic_N1000_m2_hetb,0.75,case_II,777,20,0.7913436883497563,0.0,3.0,0.00012553222538269753,0.0005907946301864526,0.625968934950731,584,915,868,648,845
synthetic_N1000_m2_hetb,0.75,case_II,778,20,0.38685097846012906,223.45,3.0,0.00023505162660743942,0.0005526832029173982,1.8394470646196128,293,916,658,777,580
synthetic_N1000_m2_hetb,0.75,case_II,779,20,0.8580108138212066,0.0,3.0,7.378734272492582e-05,0.0005174695615849201,0.42596755853638024,585,917,976,969,896
synthetic_N1000_m2_hetb,0.75,case_II,780,20,0.30756183029200757,-233.3,3.0,0.00015004691300342423,0.0005284871721844052,2.077314509123977,778,918,802,921,528
synthetic_N1000_m2_hetb,0.75,case_II,781,20,0.3474174026041087,-1218.9,3.0,0.0002037647761358414,0.0005458206471574839,1.957747792187674,983,919,716,818,550
synthetic_N1000_m2_hetb,0.75,case_II,782,200,0.1904783218387498,902.12,14.0,0.004772926126181622,0.0019581017451250453,11.333303494257503,86,77,60,70,45
synthetic_N1000_m2_hetb,0.75,case_II,783,20,0.9595511044269075,0.0,3.0,0.00019467145416761838,0.0005546756479161195,0.12134668671927751,586,920,732,759,969
synthetic_N1000_m2_hetb,0.75,case_II,784,20,0.8036306332035066,22.2,3.0,9.2045600137169e-05,0.0005376676619044548,0.5891081003894802,440,921,956,861,854
synthetic_N1000_m2_hetb,0.75,case_II,785,20,0.4624248054107556,-846.45,3.0,0.00011171825712641768,0.0005250346087532004,1.6127255837677332,951,922,907,942,631
synthetic_N1000_m2_hetb,0.75,case_II,786,200,0.2642765705883787,1310.085,16.0,0.005707870393874171,0.0022357542035397085,11.77157487058594,54,57,49,51,42
synthetic_N1000_m2_hetb,0.75,case_II,787,20,0.9659796005287031,0.0,3.0,0.00016750514167735505,0.000564993619843422,0.10206119841389061,587,923,776,709,979
synthetic_N1000_m2_hetb,0.75,case_II,788,20,0.3968199655598801,-733.65,4.0,0.00042470494681741443,0.0006536662024087096,2.4127201377604797,931,595,459,590,441
synthetic_N1000_m2_hetb,0.75,case_II,789,200,0.21070556446684796,592.11,3.0,6.033694746249594e-05,0.0005129649071497499,2.367883306599456,140,924,992,980,451
synthetic_N1000_m2_hetb,0.75,case_II,790,200,0.4246563813836979,2175.855,28.0,0.01530888591383628,0.003735539715936958,16.10962132125646,28,26,24,26,23
synthetic_N1000_m2_hetb,0.75,case_II,791,20,0.7191217102511182,0.0,3.0,0.00017660514701437635,0.0005495724906738034,0.8426348692466455,588,925,754,794,795
synthetic_N1000_m2_hetb,0.75,case_II,792,20,0.770684798983071,-183.4,3.0,9.014259410343793e-05,0.0005275390838024976,0.6879456030507871,753,926,958,927,822
synthetic_N1000_m2_hetb,0.75,case_II,793,20,0.10898555213649419,-540.75,5.0,0.0007241443862493306,0.0007551474256810408,4.455072239317529,878,412,314,435,171
synthetic_N1000_m2_hetb,0.75,case_II,794,20,0.9459307675537619,0.0,6.0,0.0011662249694496382,0.0009192276072738693,0.3244153946774284,589,319,219,303,921
synthetic_N1000_m2_hetb,0.75,case_II,795,20,0.6745707526164916,456.25,3.0,0.0001419418990741993,0.0005248426326696854,0.9762877421505253,184,927,821,943,773
synthetic_N1000_m2_hetb,0.75,case_II,796,20,0.06249576206556828,398.65,3.0,0.00013685188078096878,0.0005333314044988172,2.812512713803295,209,928,834,893,348
synthetic_N1000_m2_hetb,0.75,case_II,797,20,0.8374364376590171,0.0,4.0,0.0003862950453619502,0.0006929039747343554,0.6502542493639316,590,596,490,475,833
synthetic_N1000_m2_hetb,0.75,case_II,798,20,0.9719037368942256,0.0,4.0,0.0003209488628003385,0.0006708009525384407,0.1123850524230976,591,597,559,538,971
synthetic_N1000_m2_hetb,0.75,case_II,799,200,0.8377476422704673,1897.825,60.0,0.05080006872895531,0.008130261216970249,9.735141463771964,36,3,3,3,61
synthetic_N1000_m2_hetb,0.75,case_II,800,20,0.009784879294458815,-301.25,9.0,0.0014870277169737936,0.001301785808691344,8.91193608634987,804,154,185,152,66
synthetic_N1000_m2_hetb,0.75,case_II,801,20,0.4730889081790549,-242.85,5.0,0.001056700558759277,0.0008126403594053797,2.6345554591047255,781,413,239,359,390
synthetic_N1000_m2_hetb,0.75,case_II,802,20,0.5891737739594198,-158.75,3.0,7.013363191990856e-05,0.0005327922375395549,1.2324786781217405,727,929,982,901,714
synthetic_N1000_m2_hetb,0.75,case_II,803,20,0.8879986937026283,-366.4,5.0,0.0014911458434211232,0.0008431327136171588,0.5600065314868585,832,414,182,332,863
synthetic_N1000_m2_hetb,0.75,case_II,804,20,0.5027604854148191,-641.3,6.0,0.0006270461333224344,0.0009301200239217797,2.9834370875110854,904,320,342,298,312
synthetic_N1000_m2_hetb,0.75,case_II,805,20,0.07732381538240052,295.05,3.0,0.00017325978039958736,0.0005597339745869528,2.7680285538527984,248,930,759,731,356
synthetic_N1000_m2_hetb,0.75,case_II,806,20,0.933525505036036,0.0,3.0,0.00014385716315873392,0.0005226307589382985,0.19942348489189188,592,931,819,953,942
synthetic_N1000_m2_hetb,0.75,case_II,807,20,0.9517357978163641,0.0,3.0,0.00030824191954218275,0.0005473662659407425,0.14479260655090775,593,932,572,805,960
synthetic_N1000_m2_hetb,0.75,case_II,808,20,0.4861622150139764,896.1,4.0,0.00018065674632161688,0.0006847702319761726,2.0553511399440945,87,598,748,499,533
synthetic_N1000_m2_hetb,0.75,case_II,809,20,0.053442736483329756,-593.15,5.0,0.0006520106152574042,0.0008367507756220983,4.7327863175833516,892,415,335,337,160
synthetic_N1000_m2_hetb,0.75,case_II,810,20,0.8388906791646739,0.0,3.0,8.070879531193324e-05,0.000563927162448829,0.4833279625059784,594,933,970,713,885
synthetic_N1000_m2_hetb,0.75,case_II,811,20,0.7416726764410203,-507.1,4.0,0.0004721967455446027,0.0006767055877760551,1.0333092942359188,875,599,422,522,761
synthetic_N1000_m2_hetb,0.75,case_II,812,200,0.9712340798009209,57.465,49.0,0.04311951802380555,0.006482797487882474,1.4095300897548753,396,7,6,7,681
synthetic_N1000_m2_hetb,0.75,case_II,813,20,0.0073136945373993845,-551.2,3.0,9.645543132919796e-05,0.0005524443585049686,2.978058916387802,881,934,942,780,314
synthetic_N1000_m2_hetb,0.75,case_II,814,200,0.43549444952009686,405.425,3.0,0.00010880401549742399,0.000525483364313711,1.6935166514397095,206,935,913,939,612
synthetic_N1000_m2_hetb,0.75,case_II,815,20,0.28380239863237033,842.3,3.0,0.00017335716088403639,0.0005787035086292304,2.148592804102889,97,936,758,669,506
synthetic_N1000_m2_hetb,0.75,case_II,816,20,0.1077050956833312,-431.05,4.0,0.000321557186385614,0.0006490245897332453,3.569179617266675,851,600,558,608,244
synthetic_N1000_m2_hetb,0.75,case_II,817,20,0.7351346026730965,-1340.1,10.0,0.0026166325679331543,0.0014271578899591297,2.648653973269035,991,126,114,124,385
synthetic_N1000_m2_hetb,0.75,case_II,818,20,0.34121491637706414,102.55,4.0,0.0005161566429244657,0.0006638996691406538,2.6351403344917435,354,601,398,555,389
synthetic_N1000_m2_hetb,0.75,case_II,819,200,0.03896913912115796,1542.91,10.0,0.0022797165271929015,0.001448192749331101,9.61030860878842,47,127,124,122,63
synthetic_N1000_m2_hetb,0.75,case_II,820,20,0.13362680572640495,249.45,4.0,0.00031517587600531717,0.0006866743692764061,3.46549277709438,278,602,565,487,258
synthetic_N1000_m2_hetb,0.75,case_II,821,20,0.8060002972277002,-385.9,4.0,0.0007975023230768612,0.000683431840186794,0.7759988110891993,843,603,297,503,804
synthetic_N1000_m2_hetb,0.75,case_II,822,20,0.60587101798938,-208.95,3.0,0.000151354820658758,0.000542578838851522,1.18238694603186,766,937,800,836,724
synthetic_N1000_m2_hetb,0.75,case_II,823,20,0.21505062517361473,-855.6,8.0,0.0010394064268774567,0.0011166083556287648,6.279594998611082,954,197,243,206,106
synthetic_N1000_m2_hetb,0.75,case_II,824,20,0.6960422280017734,-181.0,5.0,0.0007607631030851792,0.0008101455761670691,1.5197888599911331,738,416,308,367,651
synthetic_N1000_m2_hetb,0.75,case_II,825,20,0.13040479371277058,-678.95,3.0,0.0001793352302303518,0.0005478023746342388,2.6087856188616882,916,938,751,802,399
synthetic_N1000_m2_hetb,0.75,case_II,826,20,0.6731877575019788,-118.0,3.0,0.00014119124742232816,0.0005554863603228386,0.9804367274940636,708,939,823,755,772
synthetic_N1000_m2_hetb,0.75,case_II,827,20,0.6550402554226945,290.2,3.0,8.894000495547743e-05,0.0005198371652385689,1.0348792337319166,254,940,959,961,760
synthetic_N1000_m2_hetb,0.75,case_II,828,200,0.0055257315325957235,1878.18,12.0,0.0036250406336276733,0.0017056527403915582,11.933691221608852,37,92,85,90,41
synthetic_N1000_m2_hetb,0.75,case_II,829,20,0.5115154737487803,0.0,4.0,0.00024728216303624144,0.0006434821329466404,1.953938105004879,595,604,639,616,553
synthetic_N1000_m2_hetb,0.75,case_II,830,20,0.7263154319326705,-507.1,8.0,0.001524683526511597,0.0011570050609135214,2.1894765445386364,876,198,178,199,496
synthetic_N1000_m2_hetb,0.75,case_II,831,20,0.7585337396231457,-44.1,11.0,0.002594977046793551,0.0015911459131328512,2.656128864145397,668,111,116,100,382
synthetic_N1000_m2_hetb,0.75,case_II,832,20,0.7057083392270682,0.0,3.0,0.00019564335536085634,0.0005527145210711787,0.8828749823187954,596,941,727,776,785
synthetic_N1000_m2_hetb,0.75,case_II,833,20,0.8850456138709182,0.0,3.0,0.00013279130309469804,0.0005273115101220388,0.34486315838724546,597,942,848,930,914
synthetic_N1000_m2_hetb,0.75,case_II,834,20,0.7562078404723139,-580.05,3.0,9.373509912030637e-05,0.0005105480461376139,0.7313764785830582,885,943,949,984,812
synthetic_N1000_m2_hetb,0.75,case_II,835,20,0.9219899000274794,548.95,7.0,0.00131003115637135,0.0010621425631015613,0.5460706998076443,153,241,202,226,866
synthetic_N1000_m2_hetb,0.75,case_II,836,20,0.414807003582114,-2.95,3.0,6.960417257195428e-05,0.0005463702201584721,1.755578989253658,628,944,985,812,600
synthetic_N1000_m2_hetb,0.75,case_II,837,20,0.03416098666515466,331.8,4.0,0.0005545726393523027,0.0007029279847550257,3.8633560533393814,238,605,375,459,213
synthetic_N1000_m2_hetb,0.75,case_II,838,20,0.1810034150072165,-141.0,3.0,0.00011486247262896286,0.0005462847811985166,2.4569897549783506,719,945,892,814,430
synthetic_N1000_m2_hetb,0.75,case_II,839,200,0.28778228138605877,1106.62,7.0,0.0025786506660440997,0.0010665139151606084,4.985524030297588,64,242,117,223,144
synthetic_N1000_m2_hetb,0.75,case_II,840,20,0.041791613803324745,-229.75,4.0,0.0002789861717498548,0.0006520537983696233,3.832833544786701,777,606,602,598,218
synthetic_N1000_m2_hetb,0.75,case_II,841,20,0.10815954185604848,-43.7,4.0,0.00034483634239506136,0.000673645849640446,3.567361832575806,656,607,527,530,245
synthetic_N1000_m2_hetb,0.75,case_II,842,20,0.5187791211329045,0.0,3.0,0.00010198921009685514,0.0005830716556787649,1.4436626366012866,598,946,927,662,667
synthetic_N1000_m2_hetb,0.75,case_II,843,20,0.25248938313188884,-251.8,4.0,0.0003281333685482291,0.0006806849796387605,2.9900424674724446,784,608,549,512,308
synthetic_N1000_m2_hetb,0.75,case_II,844,20,0.2855351348958012,24.65,3.0,0.00012540960855371167,0.0005411610262612198,2.1433945953125964,438,947,869,846,510
synthetic_N1000_m2_hetb,0.75,case_II,845,20,0.7414695266286413,-369.35,8.0,0.0012316473668974148,0.0012337445620557836,2.0682437869708696,834,199,212,169,530
synthetic_N1000_m2_hetb,0.75,case_II,846,200,0.854679634313597,154.875,12.0,0.0034297033091879032,0.00166161474212099,1.7438443882368366,325,93,90,94,604
synthetic_N1000_m2_hetb,0.75,case_II,847,20,0.8620398082340321,359.5,6.0,0.001166690304632697,0.0009621591444395764,0.8277611505958071,225,321,218,268,797
synthetic_N1000_m2_hetb,0.75,case_II,848,20,0.3706215974025555,895.45,4.0,0.00018953582997857226,0.0006733964033855827,2.517513610389778,88,609,742,532,422
synthetic_N1000_m2_hetb,0.75,case_II,849,20,0.709630073307115,249.0,9.0,0.0024137941417712552,0.0012972573101330321,2.613329340235965,279,155,120,155,397
synthetic_N1000_m2_hetb,0.75,case_II,850,20,0.8523046329128582,-183.4,3.0,0.00017084810081227918,0.0005627645125469555,0.44308610126142545,754,948,765,716,892
synthetic_N1000_m2_hetb,0.75,case_II,851,20,0.1509575400611467,866.15,5.0,0.00025480537825646585,0.0007498477807744957,4.245212299694266,94,417,632,439,181
synthetic_N1000_m2_hetb,0.75,case_II,852,20,0.20055366747212444,-640.4,7.0,0.001271876091224337,0.0010661984434469046,5.596124327695129,898,243,207,224,126
synthetic_N1000_m2_hetb,0.75,case_II,853,20,0.6479602930950665,156.3,3.0,0.0001349754664415837,0.0005259336893464217,1.0561191207148004,324,949,839,936,756
synthetic_N1000_m2_hetb,0.75,case_II,854,20,0.26555035992042053,609.0,9.0,0.0022152480149208345,0.0013287783154039866,6.610046760716215,135,156,127,139,99
synthetic_N1000_m2_hetb,0.75,case_II,855,20,0.1926771538050761,-23.9,3.0,9.891764234574796e-05,0.0005287936551752783,2.4219685385847716,646,950,936,918,438
synthetic_N1000_m2_hetb,0.75,case_II,856,20,0.36752022732257306,-148.0,5.0,0.000814148152588075,0.0007864983181068612,3.1623988633871347,722,418,295,405,285
synthetic_N1000_m2_hetb,0.75,case_II,857,20,0.015983247172232207,31.25,3.0,0.0002287651002029136,0.0005576981399023026,2.9520502584833035,415,951,667,740,316
synthetic_N1000_m2_hetb,0.75,case_II,858,20,0.4383192764607815,500.75,5.0,0.0005479102962702197,0.000783853824033381,2.8084036176960927,169,419,379,410,349
synthetic_N1000_m2_hetb,0.75,case_II,859,20,0.04726994221033787,324.1,3.0,0.00016633480528011345,0.0005315404383027743,2.8581901733689863,240,952,778,904,338
synthetic_N1000_m2_hetb,0.75,case_II,860,20,0.2447102483994975,371.45,3.0,0.00017011940999698668,0.000543765952421744,2.2658692548015074,217,953,767,826,478
synthetic_N1000_m2_hetb,0.75,case_II,861,200,0.21754220086133835,833.91,5.0,0.0006693404279959188,0.0008009034109943388,3.9122889956933085,100,420,329,385,207
synthetic_N1000_m2_hetb,0.75,case_II,862,20,0.32944523387845637,0.0,4.0,0.00026178873736773094,0.0006614239016796437,2.6822190644861745,599,610,620,567,377
synthetic_N1000_m2_hetb,0.75,case_II,863,20,0.12538995648273654,-183.4,3.0,0.00013242745648164823,0.0005557750701552697,2.6238301305517906,755,954,849,754,395
synthetic_N1000_m2_hetb,0.75,case_II,864,20,0.47119641642445664,-240.9,11.0,0.0030311715273065335,0.0015668928533859562,5.816839419330977,780,112,106,107,118
synthetic_N1000_m2_hetb,0.75,case_II,865,20,0.6878566433246712,-13.5,10.0,0.0019388286026953989,0.001424960583317972,3.1214335667532875,633,128,140,125,292
synthetic_N1000_m2_hetb,0.75,case_II,866,200,0.338928923504192,1016.68,4.0,0.0003924950607488046,0.0006544132552830618,2.644284305983232,70,611,482,587,387
synthetic_N1000_m2_hetb,0.75,case_II,867,20,0.9271932187857495,0.0,6.0,0.0010632066759225897,0.0009443444241328592,0.4368406872855033,600,322,238,286,894
synthetic_N1000_m2_hetb,0.75,case_II,868,20,0.8597668788883609,-691.45,4.0,0.0003294036719089843,0.0006468422457546689,0.5609324844465564,925,612,547,610,862
synthetic_N1000_m2_hetb,0.75,case_II,869,20,0.3060151354329368,61.5,7.0,0.0009796184704362837,0.0010444505472500957,4.857894051969442,394,244,256,241,148
synthetic_N1000_m2_hetb,0.75,case_II,870,20,0.03890040352214308,-755.35,8.0,0.0016423444334468433,0.0011814218864426393,7.688796771822855,934,200,159,184,84
synthetic_N1000_m2_hetb,0.75,case_II,871,20,0.7681917007692237,-1013.35,7.0,0.0011855261090377104,0.0010501791137381609,1.622658094615434,972,245,216,234,628
synthetic_N1000_m2_hetb,0.75,case_II,872,20,0.24001231290508984,0.0,3.0,0.0001442048241864819,0.0005588949014074893,2.2799630612847306,601,955,817,735,470
synthetic_N1000_m2_hetb,0.75,case_II,873,20,0.3321610405787516,342.55,3.0,0.00011451286848969748,0.0005244190537741723,2.003516878263745,232,956,894,946,543
synthetic_N1000_m2_hetb,0.75,case_II,874,200,0.5793352263468351,370.32,5.0,0.0003402757922348022,0.0007691391861918554,2.1033238682658246,218,421,532,428,521
synthetic_N1000_m2_hetb,0.75,case_II,875,20,0.998879676887163,0.0,4.0,0.00020516536717914916,0.0006366356243865279,0.004481292451348207,602,613,712,626,996
synthetic_N1000_m2_hetb,0.75,case_II,876,200,0.29967756661199185,1202.535,11.0,0.0023425821712188158,0.0015955371380624622,7.703546767268089,56,113,122,99,83
synthetic_N1000_m2_hetb,0.75,case_II,877,20,0.4685230029239946,723.3,9.0,0.0014966423146565635,0.001321292903406568,4.783292973684048,118,157,181,147,154
synthetic_N1000_m2_hetb,0.75,case_II,878,20,0.6274508828630837,-1072.1,4.0,0.00039106519903719933,0.0006929656106099801,1.4901964685476652,976,614,484,474,658
synthetic_N1000_m2_hetb,0.75,case_II,879,20,0.6833723791568794,29.6,3.0,0.0005701061222454153,0.0005354744263497177,0.9498828625293617,432,957,370,876,776
synthetic_N1000_m2_hetb,0.75,case_II,880,20,0.21216618344980043,-247.5,6.0,0.000512304824744576,0.0009475324152122503,4.727002899301198,782,323,403,280,161
synthetic_N1000_m2_hetb,0.75,case_II,881,20,0.595321747502258,-121.2,6.0,0.0007141812663873786,0.000969773458491413,2.4280695149864524,710,324,321,262,435
synthetic_N1000_m2_hetb,0.75,case_II,882,20,0.5441064429064965,29.6,5.0,0.0005544248902081631,0.0008245750625181436,2.2794677854675176,433,422,376,345,471
synthetic_N1000_m2_hetb,0.75,case_II,883,20,0.6585798628076089,-186.25,9.0,0.0017428097754073285,0.0013250489977667589,3.0727812347315195,758,158,154,145,296
synthetic_N1000_m2_hetb,0.75,case_II,884,200,0.11499697503324902,257.69,4.0,0.0003037804305928468,0.000684332278421119,3.540012099867004,274,615,577,502,252
synthetic_N1000_m2_hetb,0.75,case_II,885,20,0.12629451593687702,934.1,4.0,0.0003733623642463647,0.00068635252141166,3.494821936252492,83,616,501,489,255
synthetic_N1000_m2_hetb,0.75,case_II,886,20,0.9755274904159574,0.0,4.0,0.0003355881854808847,0.0007126865512628439,0.09789003833617027,603,617,538,452,981
synthetic_N1000_m2_hetb,0.75,case_II,887,20,0.8213015645453736,0.0,11.0,0.0019293978821298538,0.0015682469917609665,1.9656827900008902,604,114,142,106,549
synthetic_N1000_m2_hetb,0.75,case_II,888,20,0.8275573150954998,0.0,3.0,0.00019405019124773258,0.0005693150551503276,0.5173280547135006,605,958,734,695,875
synthetic_N1000_m2_hetb,0.75,case_II,889,20,0.9341044081009071,0.0,9.0,0.0016312465093858046,0.0013271767243428058,0.593060327091836,606,159,160,141,850
synthetic_N1000_m2_hetb,0.75,case_II,890,20,0.9606477600179142,118.2,4.0,0.0004641227245892273,0.0006739194113764856,0.15740895992834325,343,618,430,529,955
synthetic_N1000_m2_hetb,0.75,case_II,891,20,0.39348753209993237,0.0,3.0,7.324666718885914e-05,0.0005175367517958279,1.819537403700203,607,959,978,968,587
synthetic_N1000_m2_hetb,0.75,case_II,892,20,0.7540671762368577,88.75,4.0,0.0004752627356521348,0.0006803049531681144,0.9837312950525692,371,619,419,515,769
synthetic_N1000_m2_hetb,0.75,case_II,893,20,0.6416200925555191,-128.65,3.0,0.0005459933327078173,0.0005798557637608853,1.0751397223334427,714,960,383,666,751
synthetic_N1000_m2_hetb,0.75,case_II,894,20,0.5598502694613712,41.15,4.0,0.00040154110799569425,0.0006534391582461217,1.7605989221545153,409,620,472,591,598
synthetic_N1000_m2_hetb,0.75,case_II,895,20,0.6793483833215337,-105.9,9.0,0.002258728037757049,0.001299995550150733,2.885864550106197,704,160,125,154,335
synthetic_N1000_m2_hetb,0.75,case_II,896,20,0.3194334511245228,174.85,3.0,0.00017112125677713687,0.0005204578018108545,2.0416996466264314,312,961,764,960,534
synthetic_N1000_m2_hetb,0.75,case_II,897,20,0.8621787179353753,-22.95,4.0,0.0003766690633126316,0.0006495614390080566,0.551285128258499,645,621,497,605,865
synthetic_N1000_m2_hetb,0.75,case_II,898,200,0.4070223282075782,465.855,5.0,0.0005987124800270186,0.000803571979859157,2.964888358962109,178,423,358,378,315
synthetic_N1000_m2_hetb,0.75,case_II,899,20,0.14817868771045173,-675.8,7.0,0.0008855599328761802,0.0010588985164145682,5.962749186026838,910,246,273,229,114
synthetic_N1000_m2_hetb,0.75,case_II,900,200,0.010980851013860038,1951.59,16.0,0.005118033101243018,0.0022190033366803704,15.82430638377824,33,58,55,54,24
synthetic_N1000_m2_hetb,0.75,case_II,901,20,0.6391893320658769,0.0,4.0,0.0002693729151394211,0.0007503243349741844,1.4432426717364923,608,622,613,438,668
synthetic_N1000_m2_hetb,0.75,case_II,902,200,0.23163168896492548,1357.51,13.0,0.0033408001454294243,0.001741840668534399,9.988788043455969,52,87,93,88,55
synthetic_N1000_m2_hetb,0.75,case_II,903,20,0.9560655599081945,0.0,3.0,0.00010298270014237363,0.0005233108742427885,0.1318033202754164,609,962,926,950,967
synthetic_N1000_m2_hetb,0.75,case_II,904,20,0.19500445741210803,301.45,7.0,0.0015848760023692943,0.0011207539743306662,5.634968798115244,246,247,167,205,124
synthetic_N1000_m2_hetb,0.75,case_II,905,20,0.3161794080516598,88.75,7.0,0.00123006276128316,0.0010796760509538036,4.786744143638382,372,248,213,220,152
synthetic_N1000_m2_hetb,0.75,case_II,906,20,0.9841316837334273,0.0,4.0,6.911900155680511e-05,0.0006066783091018069,0.06347326506629081,610,623,986,639,988
synthetic_N1000_m2_hetb,0.75,case_II,907,20,0.5198546202904285,0.0,3.0,0.0002873172237215293,0.0005491623959326115,1.4404361391287144,611,963,588,796,670
synthetic_N1000_m2_hetb,0.75,case_II,908,20,0.9220245989560005,0.0,3.0,0.00014812636894513434,0.0005753199623722131,0.2339262031319984,612,964,811,675,934
synthetic_N1000_m2_hetb,0.75,case_II,909,20,0.781437673828669,-453.5,3.0,6.971203556227819e-05,0.0005500644821146201,0.6556869785139929,861,965,984,790,832
synthetic_N1000_m2_hetb,0.75,case_II,910,200,0.11896569346946495,3715.28,23.0,0.011709413907305495,0.003109613165458424,20.263789050202305,12,35,32,35,18
synthetic_N1000_m2_hetb,0.75,case_II,911,20,0.2159834369804282,-44.1,5.0,0.00057495410443587,0.0007877055770679959,3.920082815097859,669,424,367,401,205
synthetic_N1000_m2_hetb,0.75,case_II,912,200,0.3871775574072005,1000.34,12.0,0.003921331055915132,0.0017691617241901722,7.353869311113594,73,94,79,87,86
synthetic_N1000_m2_hetb,0.75,case_II,913,20,0.8809562507227594,-495.3,3.0,0.00013514849203276588,0.0005392463048835509,0.3571312478317218,869,966,838,857,910
synthetic_N1000_m2_hetb,0.75,case_II,914,20,0.3339882823452316,-826.15,4.0,0.0001951530813245574,0.0006509046984418709,2.6640468706190736,947,624,729,599,381
synthetic_N1000_m2_hetb,0.75,case_II,915,20,0.46308203855432406,-646.0,4.0,0.0003728387718419852,0.0006578745915373154,2.1476718457827038,908,625,503,578,508
synthetic_N1000_m2_hetb,0.75,case_II,916,20,0.48076548201932423,175.15,3.0,0.0002582363820984218,0.0005648471973391822,1.5577035539420274,311,967,625,710,642
synthetic_N1000_m2_hetb,0.75,case_II,917,20,0.3247552471025198,0.0,4.0,0.00030725217071482253,0.0006805699399566963,2.700979011589921,613,626,573,513,371
synthetic_N1000_m2_hetb,0.75,case_II,918,20,0.7864852844832143,-378.65,5.0,0.000524063140289649,0.0008077863601880773,1.0675735775839286,840,425,394,373,753
synthetic_N1000_m2_hetb,0.75,case_II,919,20,0.05482672756618123,-644.25,3.0,0.00016493824077854809,0.0005908771393871704,2.8355198173014564,907,968,784,647,343
synthetic_N1000_m2_hetb,0.75,case_II,920,20,0.22591016124709584,-277.65,3.0,0.00014005190584525767,0.0005534125800974153,2.3222695162587126,795,969,827,768,460
synthetic_N1000_m2_hetb,0.75,case_II,921,20,0.8250852070925885,-44.1,3.0,0.00010095158023289391,0.0005370220081505958,0.5247443787222346,670,970,929,865,872
synthetic_N1000_m2_hetb,0.75,case_II,922,20,0.6163417034041984,-823.4,4.0,0.00026557956786301946,0.0006736064061658024,1.5346331863832066,945,627,616,531,649
synthetic_N1000_m2_hetb,0.75,case_II,923,20,0.51182482978383,-641.3,5.0,0.0008717705927772282,0.0007977814246890793,2.44087585108085,905,426,277,386,433
synthetic_N1000_m2_hetb,0.75,case_II,924,20,0.36950796376287187,76.75,3.0,0.0002842049635604037,0.0005707027840071298,1.8914761087113843,384,971,593,687,565
synthetic_N1000_m2_hetb,0.75,case_II,925,20,0.13013957679285992,-799.65,3.0,0.00011640165611107583,0.000533048821963162,2.6095812696214202,939,972,890,897,398
synthetic_N1000_m2_hetb,0.75,case_II,926,20,0.45678430920336455,245.95,7.0,0.0007213651220513707,0.0010447499994372755,3.802509835576448,281,249,315,239,221
synthetic_N1000_m2_hetb,0.75,case_II,927,20,0.9870944758123702,0.0,8.0,0.0015931419576554872,0.0011667062959590498,0.10324419350103842,614,201,165,191,977
synthetic_N1000_m2_hetb,0.75,case_II,928,20,0.5950884747622851,-281.25,3.0,0.00039588229563302437,0.0005911738831014608,1.2147345757131447,798,973,476,646,718
synthetic_N1000_m2_hetb,0.75,case_II,929,20,0.5765793507415918,41.15,8.0,0.0013064299776350003,0.0012127860860762477,3.3873651940672653,410,202,203,175,267
synthetic_N1000_m2_hetb,0.75,case_II,930,20,0.9901185849563509,0.0,3.0,0.00011481370858017685,0.0005709708475478577,0.029644245130947433,615,974,893,685,993
synthetic_N1000_m2_hetb,0.75,case_II,931,20,0.8854033802553948,0.0,6.0,0.0007145156301862107,0.0009628218715761639,0.6875797184676313,616,325,320,266,823
synthetic_N1000_m2_hetb,0.75,case_II,932,20,0.9991993182784583,0.0,4.0,0.00042504486840568256,0.0006863523116958441,0.00320272688616674,617,628,457,490,999
synthetic_N1000_m2_hetb,0.75,case_II,933,20,0.9536333395616265,0.0,4.0,0.0003669824432950804,0.0006873954046400942,0.1854666417534938,618,629,507,485,947
synthetic_N1000_m2_hetb,0.75,case_II,934,20,0.6674968517385982,-62.1,5.0,0.00038452360786022494,0.0008016021492962019,1.662515741307009,678,427,492,382,620
synthetic_N1000_m2_hetb,0.75,case_II,935,20,0.30531219366045614,41.15,3.0,0.00015024650738896937,0.0005905417902720029,2.084063419018632,411,975,801,649,527
synthetic_N1000_m2_hetb,0.75,case_II,936,20,0.6281431780271564,199.8,3.0,0.00017010372608991956,0.0005621730835278688,1.1155704659185308,303,976,768,720,740
synthetic_N1000_m2_hetb,0.75,case_II,937,20,0.3482098358137734,-2.95,3.0,7.280211484575739e-05,0.0005343777886261739,1.95537049255868,629,977,979,885,552
synthetic_N1000_m2_hetb,0.75,case_II,938,20,0.810769530791913,-14.5,5.0,0.0003266099354506317,0.0007708017111593822,0.9461523460404347,639,428,550,426,777
synthetic_N1000_m2_hetb,0.75,case_II,939,20,0.13730046107575478,-441.8,6.0,0.0005850416388137053,0.0008974169288357545,5.176197233545471,856,326,363,321,136
synthetic_N1000_m2_hetb,0.75,case_II,940,20,0.46254633347853047,249.9,5.0,0.00036159773128514395,0.0008432082867958707,2.6872683326073474,277,429,512,331,375
synthetic_N1000_m2_hetb,0.75,case_II,941,20,0.8407760221468864,-1262.65,7.0,0.001362793063607867,0.0010414735798915098,1.1145678449717953,985,250,195,243,742
synthetic_N1000_m2_hetb,0.75,case_II,942,20,0.4545120864552048,423.4,3.0,0.00011620900888594177,0.0005284455934670871,1.6364637406343856,199,978,891,922,624
synthetic_N1000_m2_hetb,0.75,case_II,943,20,0.6010178494198809,-44.1,3.0,0.00011692689708928393,0.000529695891753601,1.1969464517403572,671,979,888,912,720
synthetic_N1000_m2_hetb,0.75,case_II,944,20,0.09828293798468302,-256.15,9.0,0.002751062126272603,0.0013359562852425036,8.115453558137853,788,161,111,135,77
synthetic_N1000_m2_hetb,0.75,case_II,945,20,0.28510498345644497,-454.65,3.0,0.00022103928281900386,0.0005296892212978744,2.144685049630665,862,980,678,913,509
synthetic_N1000_m2_hetb,0.75,case_II,946,20,0.954485228687717,0.0,4.0,0.000630778560305481,0.0006800436511131931,0.18205908524913195,619,630,341,516,948
synthetic_N1000_m2_hetb,0.75,case_II,947,20,0.6569395453324917,-277.65,4.0,0.0003773668057730586,0.0006584024493815641,1.3722418186700334,796,631,496,574,686
synthetic_N1000_m2_hetb,0.75,case_II,948,20,0.36493916872495114,-272.9,5.0,0.0004566205737890494,0.000781639158831289,3.1753041563752444,793,430,438,414,282
synthetic_N1000_m2_hetb,0.75,case_II,949,20,0.5168811759658247,170.7,3.0,0.00021133062437439848,0.0005399312827563545,1.4493564721025258,315,981,700,853,664
synthetic_N1000_m2_hetb,0.75,case_II,950,20,0.7748685781334842,213.4,7.0,0.0012357014392838175,0.0011004076792657145,1.5759199530656107,297,251,211,211,638
synthetic_N1000_m2_hetb,0.75,case_II,951,20,0.7874703499468639,206.85,3.0,0.00020067375281977075,0.0005287389022672585,0.6375889501594082,300,982,719,920,840
synthetic_N1000_m2_hetb,0.75,case_II,952,20,0.8279679389790622,-64.1,5.0,0.0005363078888860396,0.000806979287136646,0.8601603051046891,689,431,388,375,793
synthetic_N1000_m2_hetb,0.75,case_II,953,20,0.28964267879754757,-510.05,4.0,0.00033394229794523277,0.0006861451158485835,2.8414292848098097,877,632,541,492,342
synthetic_N1000_m2_hetb,0.75,case_II,954,20,0.2383059387980907,525.85,4.0,0.0002090155201947511,0.0007439739150113956,3.046776244807637,160,633,708,443,297
synthetic_N1000_m2_hetb,0.75,case_II,955,20,0.6385084824992602,-684.7,5.0,0.0007779979679618049,0.0008346019189557452,1.8074575875036991,917,432,304,338,592
synthetic_N1000_m2_hetb,0.75,case_II,956,20,0.5272006473755549,25.05,3.0,0.0002580894242595796,0.0005392114568280673,1.4183980578733353,437,983,626,858,676
synthetic_N1000_m2_hetb,0.75,case_II,957,20,0.5648867514980614,-67.05,3.0,0.00030927246491552733,0.000552859000841837,1.3053397455058158,692,984,570,773,700
synthetic_N1000_m2_hetb,0.75,case_II,958,200,0.21461491820405376,2355.19,22.0,0.010384632140235854,0.002988796584066155,17.278471799510818,26,36,36,36,22
synthetic_N1000_m2_hetb,0.75,case_II,959,20,0.31862412816540064,88.75,4.0,0.0005179175876782646,0.0006938265032918245,2.7255034873383974,373,634,397,470,369
synthetic_N1000_m2_hetb,0.75,case_II,960,20,0.7520531805662839,419.45,6.0,0.00043656477957156644,0.0009627122442523969,1.4876809166022966,200,327,449,267,660
synthetic_N1000_m2_hetb,0.75,case_II,961,20,0.3583232572055379,-367.8,4.0,0.00039303523499622633,0.0006711861739335267,2.5667069711778483,833,635,481,536,409
synthetic_N1000_m2_hetb,0.75,case_II,962,20,0.7574855506164321,63.55,8.0,0.001623556323762194,0.001199567920016765,1.9401155950685434,393,203,161,177,556
synthetic_N1000_m2_hetb,0.75,case_II,963,20,0.046644662826228145,659.05,4.0,0.0004109931660643014,0.000644668425071546,3.8134213486950874,128,636,468,612,219
synthetic_N1000_m2_hetb,0.75,case_II,964,20,0.9508661797045698,0.0,3.0,0.0003355067359003051,0.0005720836595600955,0.1474014608862907,620,985,540,681,959
synthetic_N1000_m2_hetb,0.75,case_II,965,20,0.20807303868888805,-14.5,5.0,0.00039211025846172396,0.0008229448090329523,3.9596348065555595,640,433,483,350,201
synthetic_N1000_m2_hetb,0.75,case_II,966,20,0.4782076330508558,88.75,3.0,0.00019118908361692174,0.0005579331403774571,1.5653771008474326,374,986,740,738,639
synthetic_N1000_m2_hetb,0.75,case_II,967,20,0.9208852532322118,-160.7,8.0,0.0016173850780948416,0.0012033544291144462,0.6329179741423054,729,204,162,176,842
synthetic_N1000_m2_hetb,0.75,case_II,968,20,0.2534796826385556,-298.85,5.0,0.0003389097777886539,0.0007806721012226278,3.732601586807222,803,434,534,415,227
synthetic_N1000_m2_hetb,0.75,case_II,969,200,0.22738427258263005,1946.45,16.0,0.005097398095688655,0.0022068570021276765,12.36185163867792,34,59,56,57,38
synthetic_N1000_m2_hetb,0.75,case_II,970,20,0.9856407059323568,0.0,5.0,0.0003724616027837535,0.0007712004847914295,0.07179647033821623,621,435,504,425,987
synthetic_N1000_m2_hetb,0.75,case_II,971,20,0.9044301672206757,0.0,3.0,0.0001340887916681598,0.0005425312991026353,0.2867094983379729,622,987,845,837,926
synthetic_N1000_m2_hetb,0.75,case_II,972,20,0.5322461972191177,-325.95,4.0,0.000310182754178484,0.0006697952310996075,1.8710152111235292,818,637,569,542,568
synthetic_N1000_m2_hetb,0.75,case_II,973,20,0.06102194505896941,-269.1,7.0,0.0008626880137428905,0.0010803446234522137,6.572846384587214,791,252,282,218,100
synthetic_N1000_m2_hetb,0.75,case_II,974,20,0.6046687082088471,26.55,6.0,0.000984545698475201,0.0009368490866296052,2.3719877507469174,435,328,254,291,449
synthetic_N1000_m2_hetb,0.75,case_II,975,20,0.25157818757670636,-1198.55,3.0,0.00011411162967004472,0.0005121992293397781,2.245265437269881,982,988,895,981,481
synthetic_N1000_m2_hetb,0.75,case_II,976,20,0.21401047590498223,225.0,5.0,0.0004313044242705387,0.0007866546099121212,3.929947620475089,292,436,453,404,204
synthetic_N1000_m2_hetb,0.75,case_II,977,200,0.9321430366726655,207.4,15.0,0.004307304119828601,0.0021606685934502604,1.0178544499100173,299,67,69,58,762
synthetic_N1000_m2_hetb,0.75,case_II,978,20,0.6194232422172982,-183.4,5.0,0.0005863551102046088,0.0008080902190783289,1.9028837889135093,756,437,362,370,560
synthetic_N1000_m2_hetb,0.75,case_II,979,20,0.4440395249769181,-227.5,3.0,0.00017546966666315175,0.000561746513903635,1.6678814250692455,776,989,756,724,618
synthetic_N1000_m2_hetb,0.75,case_II,980,200,0.06265885858566367,1594.09,12.0,0.003296984031065699,0.0016751695987992745,11.248093696972036,44,95,95,93,46
synthetic_N1000_m2_hetb,0.75,case_II,981,200,0.37162139860301047,1171.545,8.0,0.0012771155394091479,0.0011595191892210975,5.027028811175916,58,205,206,196,141
synthetic_N1000_m2_hetb,0.75,case_II,982,20,0.863983149761172,-452.35,9.0,0.0015661192503713167,0.0012856107546059792,1.2241516521494522,859,162,170,160,717
synthetic_N1000_m2_hetb,0.75,case_II,983,20,0.30267628262469704,88.75,3.0,0.00032479129989814744,0.0005713432868110835,2.091971152125909,375,990,552,683,524
synthetic_N1000_m2_hetb,0.75,case_II,984,20,0.3227942730688419,379.3,3.0,0.00016817294876451507,0.0005424376200698349,2.031617180793474,215,991,772,838,538
synthetic_N1000_m2_hetb,0.75,case_II,985,20,0.6068560668114126,0.0,7.0,0.0010429421109811028,0.0010930166769134028,2.752007532320112,623,253,242,215,361
synthetic_N1000_m2_hetb,0.75,case_II,986,20,0.2521406786205266,106.75,3.0,0.00014074161666794688,0.0005512502825533226,2.2435779641384204,350,992,825,785,482
synthetic_N1000_m2_hetb,0.75,case_II,987,200,0.5569347628095851,274.73,3.0,0.00022823671936552758,0.0005663746343836778,1.3291957115712447,263,993,670,704,696
synthetic_N1000_m2_hetb,0.75,case_II,988,20,0.7686825338221793,-183.4,5.0,0.0006814202038785687,0.0007953707034353285,1.1565873308891033,757,438,328,392,729
synthetic_N1000_m2_hetb,0.75,case_II,989,20,0.28667377665442717,9.25,7.0,0.0008579025019662079,0.0010123473317751278,4.99328356341901,448,254,284,251,143
synthetic_N1000_m2_hetb,0.75,case_II,990,20,0.4727508707947953,219.5,5.0,0.0005330292342153179,0.0007739271706067785,2.6362456460260235,294,439,390,423,388
synthetic_N1000_m2_hetb,0.75,case_II,991,20,0.5762673366342947,-320.5,3.0,0.0001342325827914041,0.0005362929840394623,1.2711979900971158,810,994,844,869,704
synthetic_N1000_m2_hetb,0.75,case_II,992,20,0.36333139144527404,8.45,4.0,0.00027963961741694356,0.0006672469924346668,2.546674434218904,449,638,600,546,415
synthetic_N1000_m2_hetb,0.75,case_II,993,20,0.2236183745546042,594.45,3.0,7.079178201914092e-05,0.0004984472398776768,2.3291448763361875,138,995,981,996,458
synthetic_N1000_m2_hetb,0.75,case_II,994,20,0.11440186701749833,520.25,4.0,0.000652713148463994,0.0007180857135144177,3.5423925319300067,163,639,334,448,251
synthetic_N1000_m2_hetb,0.75,case_II,995,20,0.5654837920917276,99.05,9.0,0.001364079127577052,0.0012339611758816773,3.9106458711744514,358,163,194,168,208
synthetic_N1000_m2_hetb,0.75,case_II,996,20,0.937429217870874,0.0,3.0,0.00013941676001534147,0.0005433454052943142,0.1877123463873781,624,996,828,830,944
synthetic_N1000_m2_hetb,0.75,case_II,997,20,0.01876620250744898,88.75,3.0,0.00027507194770339996,0.0005618607824422537,2.943701392477653,376,997,608,723,318
synthetic_N1000_m2_hetb,0.75,case_II,998,20,0.8656634618701456,0.0,3.0,0.00012518427953775853,0.0005279371912176362,0.40300961438956306,625,998,872,924,903
synthetic_N1000_m2_hetb,0.75,case_II,999,20,0.9624731102430444,0.0,3.0,7.328514978395613e-05,0.0005057835451700381,0.11258066927086685,626,999,977,991,970
