tag,C_frac,regime,node,n_clocks,b,dTc,hyperdegree,betweenness,pagerank,degree_x_vuln,rank_dTc,rank_hyperdegree,rank_betweenness,rank_pagerank,rank_degree_x_vuln
house-bills_m2_hetb,1.5,case_I,0,20,0.5118216247002567,2598.1,15.0,0.001031219152684035,0.0010025461308106754,7.32267562949615,221,250,396,290,284
house-bills_m2_hetb,1.5,case_I,1,200,0.9504636963259353,450.58,54.0,0.016747314379096497,0.0034044314930167965,2.6749603983994934,620,5,9,7,664
house-bills_m2_hetb,1.5,case_I,2,20,0.14415961271963373,160.45,2.0,1.3137824558604946e-05,0.00023963665832989236,1.7116807745607325,700,1105,1203,1196,834
house-bills_m2_hetb,1.5,case_I,3,20,0.9486494471372439,0.0,5.0,9.793981848432997e-05,0.000385041267299109,0.2567527643137807,801,790,969,932,1282
house-bills_m2_hetb,1.5,case_I,4,200,0.31183145201048545,3510.365,25.0,0.0041135469621653015,0.001635935845519566,17.204213699737863,144,89,97,96,67
house-bills_m2_hetb,1.5,case_I,5,200,0.42332644897257565,1690.91,24.0,0.003146239209197057,0.0015735281051320795,13.840165224658184,362,99,147,106,107
house-bills_m2_hetb,1.5,case_I,6,20,0.8277025938204418,0.0,13.0,0.0005906040072049066,0.0008692690723147748,2.2398662803342573,802,305,543,366,735
house-bills_m2_hetb,1.5,case_I,7,20,0.4091991363691613,160.25,5.0,9.398532274541292e-05,0.000402559713758166,2.9540043181541935,763,791,975,889,615
house-bills_m2_hetb,1.5,case_I,8,20,0.5495936876730595,-247.4,5.0,3.669604739618156e-05,0.0003832586414689416,2.2520315616347024,1331,792,1114,939,731
house-bills_m2_hetb,1.5,case_I,9,20,0.027559113243068367,3849.1,11.0,0.0004863352869852659,0.0007828136976326804,10.696849754326248,112,395,592,438,164
house-bills_m2_hetb,1.5,case_I,10,20,0.7535131086748066,0.0,1.0,0.0,0.00016441120527563345,0.2464868913251934,803,1248,1248,1363,1288
house-bills_m2_hetb,1.5,case_I,11,200,0.5381433132192782,1999.06,27.0,0.006650383205312805,0.0018406554577982417,12.470130543079488,302,74,46,69,124
house-bills_m2_hetb,1.5,case_I,12,20,0.32973171649909216,556.8,9.0,0.00046853801635338604,0.0006624544344082748,6.032414551508171,592,488,605,539,341
house-bills_m2_hetb,1.5,case_I,13,20,0.7884287034284043,160.45,8.0,0.00035115572338833813,0.0005850397040004232,1.6925703725727654,701,533,666,618,843
house-bills_m2_hetb,1.5,case_I,14,20,0.303194829291645,0.0,1.0,0.0,0.00019660377024531572,0.696805170708355,804,1249,1249,1266,1112
house-bills_m2_hetb,1.5,case_I,15,20,0.4534978894806515,0.0,2.0,2.248287649779821e-05,0.00023962508033492666,1.093004221038697,805,1106,1166,1197,976
house-bills_m2_hetb,1.5,case_I,16,20,0.13404169724716475,4191.45,15.0,0.0018573492276033072,0.0009979157502258832,12.989374541292529,95,251,245,291,116
house-bills_m2_hetb,1.5,case_I,17,20,0.40311298644712923,3558.45,13.0,0.0015705116847095657,0.0009071186574240177,7.75953117618732,140,306,281,341,272
house-bills_m2_hetb,1.5,case_I,18,200,0.20345524067614962,2480.305,21.0,0.0036983833827222965,0.001401744267675393,16.727439945800857,236,130,113,144,72
house-bills_m2_hetb,1.5,case_I,19,20,0.2623133404418495,405.0,8.0,0.00048452070669431743,0.0005756929192379209,5.901493276465204,635,534,594,629,346
house-bills_m2_hetb,1.5,case_I,20,20,0.7503646726300526,-225.15,10.0,0.0001847330622861557,0.0006838720016906482,2.4963532736994742,1329,433,834,508,691
house-bills_m2_hetb,1.5,case_I,21,200,0.2804087579860399,4503.245,21.0,0.001123970029214872,0.001276312740517106,15.111416082293161,82,131,368,174,93
house-bills_m2_hetb,1.5,case_I,22,200,0.48519097443163506,6705.505,37.0,0.006335130891471961,0.002261814656105265,19.047933946029502,30,33,52,44,51
house-bills_m2_hetb,1.5,case_I,23,200,0.9807371998012386,282.57,74.0,0.02583828251344068,0.004566662307175833,1.425447214708341,666,0,0,0,897
house-bills_m2_hetb,1.5,case_I,24,20,0.9616571936637868,0.0,6.0,0.0001493054611392604,0.00046839020922933433,0.23005683801727939,806,685,876,799,1297
house-bills_m2_hetb,1.5,case_I,25,20,0.7247899407735336,1251.9,5.0,0.0003063416831545345,0.0004285279088260676,1.3760502961323318,446,793,707,852,907
house-bills_m2_hetb,1.5,case_I,26,20,0.5412268555474342,1512.85,11.0,0.0010818550100669187,0.0007878276372775628,5.046504588978223,402,396,383,433,417
house-bills_m2_hetb,1.5,case_I,27,20,0.2768912040453708,1519.05,2.0,1.6796196496680228e-05,0.0002327375187679616,1.4462175919092584,397,1107,1188,1217,891
house-bills_m2_hetb,1.5,case_I,28,200,0.16065200877512686,9112.57,36.0,0.007865970639566964,0.0022885082966802193,30.216527684095432,16,38,37,43,17
house-bills_m2_hetb,1.5,case_I,29,20,0.9699254132161326,0.0,12.0,0.0022654329344141935,0.0008906990878636353,0.36089504140640916,807,353,208,352,1241
house-bills_m2_hetb,1.5,case_I,30,20,0.5160685855478787,507.55,5.0,0.0006049234495144636,0.0005085092992895981,2.4196570722606063,601,794,541,745,701
house-bills_m2_hetb,1.5,case_I,31,20,0.11586561247077032,2535.05,9.0,0.0009459525253577502,0.0007822382838599773,7.957209487763067,232,489,418,439,261
house-bills_m2_hetb,1.5,case_I,32,20,0.6234897555375004,904.5,2.0,2.0804128421973962e-05,0.0002224384754187483,0.7530204889249992,507,1108,1175,1245,1091
house-bills_m2_hetb,1.5,case_I,33,200,0.776683114342298,-541.58,21.0,0.001300562670817779,0.0013249172631569156,4.689654598811742,1387,132,327,168,438
house-bills_m2_hetb,1.5,case_I,34,20,0.6130033010530405,1251.9,13.0,0.0007110246379931382,0.000913301165952046,5.030957086310474,447,307,499,334,419
house-bills_m2_hetb,1.5,case_I,35,20,0.9172977047909027,160.45,5.0,6.921000520276648e-05,0.0004149399563940524,0.41351147604548666,702,795,1029,869,1224
house-bills_m2_hetb,1.5,case_I,36,200,0.03959287666420286,7292.025,18.0,0.001966342255748732,0.001159003225618351,17.287328220044348,27,180,234,224,65
house-bills_m2_hetb,1.5,case_I,37,0,0.5285892632600216,0.0,0.0,0.0,0.00010743061772605194,0.0,808,1379,1250,1379,1379
house-bills_m2_hetb,1.5,case_I,38,0,0.4593358828854037,0.0,0.0,0.0,0.00010743061772605194,0.0,809,1380,1251,1380,1380
house-bills_m2_hetb,1.5,case_I,39,200,0.0623495791498756,9065.715,33.0,0.0077206600452784015,0.002154981601386372,30.942463888054107,17,46,39,49,14
house-bills_m2_hetb,1.5,case_I,40,20,0.641328169139375,507.55,7.0,0.00024927419024445405,0.0005144583263827448,2.5107028160243754,602,598,763,732,688
house-bills_m2_hetb,1.5,case_I,41,20,0.8526328384806567,0.0,5.0,8.642154614976896e-05,0.00039361918027313334,0.7368358075967163,810,796,987,904,1101
house-bills_m2_hetb,1.5,case_I,42,20,0.592941018104284,139.25,20.0,0.003841727007123386,0.001398861735552186,8.14117963791432,766,144,110,146,255
house-bills_m2_hetb,1.5,case_I,43,20,0.2600974477372232,1279.75,5.0,0.0005043614117458045,0.0004629902038805441,3.699512761313884,440,797,580,807,538
house-bills_m2_hetb,1.5,case_I,44,20,0.8398815210314088,733.2,1.0,0.0,0.0001879747360522315,0.16011847896859122,550,1250,1252,1279,1329
house-bills_m2_hetb,1.5,case_I,45,200,0.5094958815215094,3394.18,39.0,0.01309773728454715,0.0025397139076872095,19.129660620661134,152,29,14,28,49
house-bills_m2_hetb,1.5,case_I,46,200,0.510888884466533,1767.34,29.0,0.0028634880774420146,0.001773104966215861,14.184222350470542,339,60,166,79,102
house-bills_m2_hetb,1.5,case_I,47,20,0.7530302077021779,1366.65,7.0,0.0010043007345181484,0.0006264801657883508,1.728788546084755,428,599,403,578,829
house-bills_m2_hetb,1.5,case_I,48,0,0.14792203578495655,0.0,0.0,0.0,0.00010743061772605194,0.0,811,1381,1253,1381,1381
house-bills_m2_hetb,1.5,case_I,49,20,0.819626719119277,-709.95,10.0,0.0007300471143802507,0.0007411881193260752,1.8037328088072302,1413,434,489,469,810
house-bills_m2_hetb,1.5,case_I,50,20,0.6832869060032571,1458.9,16.0,0.002708462493436355,0.001165443880207535,5.067409503947886,412,222,171,219,415
house-bills_m2_hetb,1.5,case_I,51,20,0.787096941554801,1551.2,10.0,0.0007232224316965149,0.0007175893384199062,2.1290305844519897,391,435,492,484,754
house-bills_m2_hetb,1.5,case_I,52,200,0.19161625902013524,2920.38,21.0,0.0038076429196126278,0.0013956427179836243,16.97605856057716,193,133,111,147,69
house-bills_m2_hetb,1.5,case_I,53,20,0.80236416113453,160.45,14.0,0.0007085404400311733,0.0009172036872077363,2.7669017441165797,703,274,500,332,645
house-bills_m2_hetb,1.5,case_I,54,20,0.19132392605720028,4712.25,10.0,0.0003182972209189241,0.0006828337634789378,8.086760739427998,64,436,693,511,256
house-bills_m2_hetb,1.5,case_I,55,20,0.08155261736351271,1970.65,5.0,0.0009241213565949034,0.0004731676471623846,4.592236913182436,311,798,428,793,450
house-bills_m2_hetb,1.5,case_I,56,20,0.8552269742870702,396.35,17.0,0.004254426567184123,0.001255647268577347,2.461141437119807,636,200,93,184,695
house-bills_m2_hetb,1.5,case_I,57,20,0.8612834961776684,0.0,2.0,5.391150172055163e-06,0.000227021277968819,0.27743300764466317,812,1109,1236,1229,1271
house-bills_m2_hetb,1.5,case_I,58,20,0.8765370964165805,1387.8,5.0,0.00030447880890426774,0.000432027118226059,0.6173145179170975,424,799,709,845,1147
house-bills_m2_hetb,1.5,case_I,59,20,0.4719097193587902,0.0,1.0,0.0,0.0001974456139416963,0.5280902806412098,813,1251,1254,1263,1177
house-bills_m2_hetb,1.5,case_I,60,20,0.2740483886137183,160.45,6.0,0.0001370515547035092,0.00045227471670512213,4.35570966831769,704,686,901,821,468
house-bills_m2_hetb,1.5,case_I,61,200,0.007091828603166261,17287.05,47.0,0.010930952563064533,0.0028919669820362485,46.66668405565119,2,11,18,13,2
house-bills_m2_hetb,1.5,case_I,62,20,0.6457208955749478,504.65,20.0,0.0013453556105759044,0.0012240026296185785,7.085582088501043,606,145,316,197,294
house-bills_m2_hetb,1.5,case_I,63,20,0.719909383508693,0.0,1.0,0.0,0.00018711304037309434,0.28009061649130695,814,1252,1255,1283,1269
house-bills_m2_hetb,1.5,case_I,64,20,0.8355692165002742,0.0,15.0,0.0014163177024510646,0.0010236772145208925,2.4664617524958876,815,252,304,275,693
house-bills_m2_hetb,1.5,case_I,65,20,0.28187782736454214,3166.1,13.0,0.0016098774924730374,0.0009281109026721114,9.335588244260952,172,308,277,324,217
house-bills_m2_hetb,1.5,case_I,66,20,0.2152181671629736,2120.1,10.0,0.0016697314154351115,0.0007582771813481614,7.8478183283702645,284,437,270,456,266
house-bills_m2_hetb,1.5,case_I,67,200,0.6393313800665879,1872.05,29.0,0.005128462028250886,0.001837831406716915,10.459389978068952,323,61,71,70,172
house-bills_m2_hetb,1.5,case_I,68,20,0.8050548331450097,690.25,19.0,0.00257127581605571,0.0012741980622600292,3.7039581702448157,561,165,182,179,535
house-bills_m2_hetb,1.5,case_I,69,20,0.9636708728449709,0.0,4.0,0.00013894526969977962,0.00035675240261738876,0.14531650862011647,816,887,896,968,1336
house-bills_m2_hetb,1.5,case_I,70,20,0.15052483042117748,1517.75,12.0,0.00046897425546248405,0.0007869389058826648,10.19370203494587,401,354,604,434,182
house-bills_m2_hetb,1.5,case_I,71,20,0.48221238819933654,1140.15,12.0,0.0012116616813507984,0.0008581505361116975,6.2134513416079615,464,355,342,379,333
house-bills_m2_hetb,1.5,case_I,72,200,0.8947158621961735,1006.185,40.0,0.01146603112688002,0.002584793869241378,4.21136551215306,487,26,15,25,478
house-bills_m2_hetb,1.5,case_I,73,200,0.4227169069454373,2827.415,23.0,0.004689878995914454,0.001527034371173876,13.277511140254942,202,109,80,117,114
house-bills_m2_hetb,1.5,case_I,74,20,0.5895020620840481,-217.85,9.0,0.0005309858729395756,0.0006975683419423205,3.694481441243567,1328,490,574,494,539
house-bills_m2_hetb,1.5,case_I,75,200,0.0244906774933632,13944.04,41.0,0.006605484065840194,0.002534206610552487,39.99588222277211,7,22,47,29,4
house-bills_m2_hetb,1.5,case_I,76,200,0.6734598871529389,-206.08,24.0,0.0027587210791474924,0.0014726923064636724,7.836962708329466,1326,100,168,133,267
house-bills_m2_hetb,1.5,case_I,77,20,0.9190886196338225,0.0,6.0,0.00022700267348616112,0.00048817830129235654,0.48546828219706506,817,687,792,773,1197
house-bills_m2_hetb,1.5,case_I,78,20,0.8268253295567211,0.0,2.0,5.754117765929138e-05,0.000253167560739378,0.3463493408865579,818,1110,1054,1156,1248
house-bills_m2_hetb,1.5,case_I,79,200,0.8855202667099468,-359.49,24.0,0.004084708630101435,0.001572253256885379,2.7475135989612776,1353,101,99,108,652
house-bills_m2_hetb,1.5,case_I,80,20,0.6603553805205233,766.1,14.0,0.0008756886460373056,0.0009503953294029597,4.755024672712674,537,275,445,312,435
house-bills_m2_hetb,1.5,case_I,81,20,0.24555226724317758,1125.7,3.0,2.3971706489355517e-05,0.0003081206512948585,2.2633431982704675,469,983,1159,1050,728
house-bills_m2_hetb,1.5,case_I,82,200,0.7685169988962544,1297.045,25.0,0.0050134599370978295,0.0017359511469900663,5.787075027593641,439,90,75,81,358
house-bills_m2_hetb,1.5,case_I,83,20,0.2116747426075105,777.15,10.0,0.0002481382398570371,0.0006917821459691843,7.883252573924895,533,438,765,500,265
house-bills_m2_hetb,1.5,case_I,84,20,0.8312748346644612,396.35,2.0,8.423351647851436e-06,0.00023965416307475943,0.33745033067107766,637,1111,1222,1195,1253
house-bills_m2_hetb,1.5,case_I,85,20,0.06271792257076825,575.15,10.0,0.0005640056620730345,0.0006968807512179295,9.372820774292318,585,439,559,495,214
house-bills_m2_hetb,1.5,case_I,86,20,0.8254878133935558,0.0,3.0,5.6964277151999144e-05,0.000308721453766913,0.5235365598193326,819,984,1055,1048,1180
house-bills_m2_hetb,1.5,case_I,87,20,0.1645072664741013,-379.85,3.0,4.484172767363119e-05,0.0003000039122733113,2.506478200577696,1354,985,1091,1076,689
house-bills_m2_hetb,1.5,case_I,88,20,0.37514699649664185,0.0,5.0,0.00018704169232565987,0.00043455379199783674,3.124265017516791,820,800,830,840,598
house-bills_m2_hetb,1.5,case_I,89,20,0.3167381665569643,666.4,2.0,8.601409775348186e-06,0.00022359444040922824,1.3665236668860714,565,1112,1221,1242,912
house-bills_m2_hetb,1.5,case_I,90,20,0.6913370352777413,0.0,2.0,0.000130595652248225,0.0003042135574670123,0.6173259294445175,821,1113,915,1059,1146
house-bills_m2_hetb,1.5,case_I,91,20,0.17857187817437192,3793.85,13.0,0.00132678132783209,0.000930382260772856,10.678565583733166,119,309,320,322,166
house-bills_m2_hetb,1.5,case_I,92,20,0.39625616221698645,1023.15,8.0,0.000549590236322366,0.0005802265026357804,4.829950702264108,485,535,567,626,429
house-bills_m2_hetb,1.5,case_I,93,20,0.0058245951079809455,3450.85,11.0,0.0010618379631529245,0.0008166763094513787,10.935929453812209,148,397,387,410,160
house-bills_m2_hetb,1.5,case_I,94,20,0.2624947127501015,4966.1,14.0,0.0009841783530888293,0.0009651304897175187,10.32507402149858,53,276,405,306,178
house-bills_m2_hetb,1.5,case_I,95,20,0.42118881422895527,1064.35,3.0,5.598695757411586e-05,0.000307505006515606,1.7364335573131342,478,986,1058,1053,825
house-bills_m2_hetb,1.5,case_I,96,200,0.10592123670732445,7996.355,27.0,0.0019121060156579816,0.0016429049406550859,24.14012660890224,21,75,239,94,27
house-bills_m2_hetb,1.5,case_I,97,20,0.6331599460365578,0.0,2.0,3.0042129745689464e-05,0.00023020454050036248,0.7336801079268844,822,1114,1134,1226,1102
house-bills_m2_hetb,1.5,case_I,98,20,0.38042426988653233,3842.25,15.0,0.0009216330597546816,0.0009627434378782633,9.293635951702015,114,253,429,308,218
house-bills_m2_hetb,1.5,case_I,99,20,0.7252939380762389,-445.0,18.0,0.0018155329752122219,0.0011877167192889929,4.944709114627701,1371,181,251,212,421
house-bills_m2_hetb,1.5,case_I,100,200,0.6538660110683944,1905.955,33.0,0.005824632245944138,0.0020757509260924912,11.422421634742985,321,47,57,52,148
house-bills_m2_hetb,1.5,case_I,101,20,0.4312267487774062,1.8,10.0,0.00034682760765657487,0.0006710363408133705,5.687732512225939,799,440,668,528,368
house-bills_m2_hetb,1.5,case_I,102,200,0.8673205056421992,1182.98,64.0,0.022476332693424122,0.004004470769000461,8.491487638899251,462,1,4,2,246
house-bills_m2_hetb,1.5,case_I,103,200,0.632135117500167,1488.355,29.0,0.0026496753965160103,0.0017649903030491827,10.668081592495156,404,62,175,80,168
house-bills_m2_hetb,1.5,case_I,104,20,0.8102743521062991,106.35,17.0,0.003494239949107472,0.0012740418009169654,3.225336014192916,771,201,125,180,582
house-bills_m2_hetb,1.5,case_I,105,20,0.341794723940113,993.5,12.0,0.0010452021790693488,0.0008379589782933968,7.898463312718643,489,356,393,395,264
house-bills_m2_hetb,1.5,case_I,106,20,0.5436692896684556,1735.55,16.0,0.0010531285621676774,0.0010722007067738223,7.30129136530471,341,223,390,259,288
house-bills_m2_hetb,1.5,case_I,107,20,0.1962968851147534,-379.85,4.0,5.6949814073662735e-05,0.0003456642995984828,3.2148124595409864,1355,888,1056,986,583
house-bills_m2_hetb,1.5,case_I,108,200,0.9961411901186279,276.56,41.0,0.007726145762033427,0.0026052828818167576,0.1582112051362563,668,23,38,24,1332
house-bills_m2_hetb,1.5,case_I,109,200,0.24321546430632712,1393.965,3.0,1.3431843470553902e-05,0.00027319228894116023,2.2703536070810184,423,987,1202,1134,726
house-bills_m2_hetb,1.5,case_I,110,20,0.25686746722710274,160.45,9.0,0.0007431406947169658,0.0006548909861985578,6.688192794956075,705,491,486,549,316
house-bills_m2_hetb,1.5,case_I,111,0,0.07319007239096598,0.0,0.0,0.0,0.00010743061772605194,0.0,823,1382,1256,1382,1382
house-bills_m2_hetb,1.5,case_I,112,200,0.2578031189967366,6959.0,28.0,0.005288756127263498,0.0018193257812026764,20.781512668091377,28,68,67,72,36
house-bills_m2_hetb,1.5,case_I,113,20,0.7631285325440532,333.3,9.0,0.0003193900142928209,0.000671945919135901,2.131843207103521,651,492,692,527,751
house-bills_m2_hetb,1.5,case_I,114,20,0.6978935706830813,4736.0,5.0,0.00017483047840527696,0.0003943546374629795,1.5105321465845933,62,801,844,903,877
house-bills_m2_hetb,1.5,case_I,115,20,0.12867321231716944,0.0,1.0,0.0,0.00019458167262277154,0.8713267876828306,824,1253,1257,1271,1043
house-bills_m2_hetb,1.5,case_I,116,200,0.37623850142809423,6765.865,33.0,0.005978022171323508,0.0021568770490802544,20.58412945287289,29,48,55,48,37
house-bills_m2_hetb,1.5,case_I,117,20,0.4209213946174629,1424.45,15.0,0.002250663657957956,0.0010474119340068819,8.686179080738055,421,254,212,266,237
house-bills_m2_hetb,1.5,case_I,118,200,0.6649842463619607,-117.785,31.0,0.005081703507596927,0.001953987222561002,10.385488362779217,1308,52,72,58,176
house-bills_m2_hetb,1.5,case_I,119,20,0.45592896304374886,333.3,1.0,0.0,0.00016765615796769515,0.5440710369562511,652,1254,1258,1342,1171
house-bills_m2_hetb,1.5,case_I,120,20,0.5865183268255314,289.95,7.0,0.0002837273893987982,0.0005427008105230869,2.89437171222128,664,600,732,678,622
house-bills_m2_hetb,1.5,case_I,121,20,0.8396846036089424,0.0,7.0,0.001137284136689489,0.0005853532782635107,1.1222077747374035,825,601,364,617,966
house-bills_m2_hetb,1.5,case_I,122,200,0.7264736103123705,-769.035,25.0,0.002994477805772972,0.0015746472810211209,6.838159742190738,1427,91,155,105,310
house-bills_m2_hetb,1.5,case_I,123,20,0.36500726350855894,4846.65,10.0,0.00042550307176711524,0.0006684246466047933,6.349927364914411,60,441,626,533,327
house-bills_m2_hetb,1.5,case_I,124,20,0.44839630934448427,2858.45,20.0,0.00396438484371104,0.0013777885582828904,11.032073813110316,200,146,104,154,157
house-bills_m2_hetb,1.5,case_I,125,200,0.3676995696900066,7315.405,44.0,0.004305673246414943,0.002567689322248169,27.82121893363971,26,14,90,26,22
house-bills_m2_hetb,1.5,case_I,126,20,0.10973466400669674,1987.15,9.0,0.0004268307889028152,0.0006682807279387259,8.01238802393973,307,493,624,534,259
house-bills_m2_hetb,1.5,case_I,127,20,0.2032415440873966,-330.75,5.0,0.0003015060696928407,0.0004811052079628568,3.983792279563017,1349,802,710,781,496
house-bills_m2_hetb,1.5,case_I,128,200,0.2838064889441311,6529.76,27.0,0.0044767253496381,0.0017012644675845992,19.337224798508462,31,76,87,85,46
house-bills_m2_hetb,1.5,case_I,129,20,0.3141338956023022,66.15,7.0,0.0003443382756770179,0.0005640391937738852,4.801062730783885,775,602,672,647,433
house-bills_m2_hetb,1.5,case_I,130,200,0.3130478588199377,8345.04,41.0,0.00830775691887918,0.0026220138732712187,28.165037788382556,19,24,31,23,20
house-bills_m2_hetb,1.5,case_I,131,20,0.576699716252952,-1636.45,10.0,0.00038906791516841164,0.0007534399641508158,4.23300283747048,1462,442,644,459,476
house-bills_m2_hetb,1.5,case_I,132,20,0.9716899756197547,0.0,4.0,0.00046903605757728906,0.0004361357663724328,0.1132400975209813,826,889,603,838,1347
house-bills_m2_hetb,1.5,case_I,133,20,0.774664134923732,-892.25,1.0,0.0,0.00016433079077011147,0.22533586507626802,1432,1255,1259,1364,1300
house-bills_m2_hetb,1.5,case_I,134,20,0.7911339481728052,160.45,21.0,0.001208508821597913,0.001271617231826863,4.38618708837109,706,134,344,181,464
house-bills_m2_hetb,1.5,case_I,135,20,0.75926850053958,791.45,9.0,0.000617383011115033,0.000670184538563534,2.1665834951437803,529,494,537,529,743
house-bills_m2_hetb,1.5,case_I,136,20,0.5969877305237564,0.0,9.0,0.0004919568954713768,0.0006465223602293059,3.627110425286192,827,495,586,558,545
house-bills_m2_hetb,1.5,case_I,137,20,0.9176922571709127,0.0,4.0,7.685402478515119e-05,0.0003382841307637993,0.32923097131634904,828,890,1016,1003,1258
house-bills_m2_hetb,1.5,case_I,138,20,0.689630155447081,-507.75,13.0,0.0017729130593194969,0.0009738838661798633,4.034807979187947,1381,310,256,301,490
house-bills_m2_hetb,1.5,case_I,139,20,0.500356430736871,216.5,2.0,2.812182020133088e-06,0.00022434473767164257,0.9992871385262581,675,1115,1244,1239,999
house-bills_m2_hetb,1.5,case_I,140,200,0.07708380850053875,5663.955,22.0,0.0016966702751440407,0.0013727819648715154,20.304156212988147,38,119,267,155,38
house-bills_m2_hetb,1.5,case_I,141,20,0.48844922708552385,160.45,1.0,0.0,0.00016442394373876842,0.5115507729144761,707,1256,1260,1362,1184
house-bills_m2_hetb,1.5,case_I,142,20,0.21283099534033434,1304.2,14.0,0.0012858708485187463,0.0010182680020140833,11.020366065235319,438,277,331,280,158
house-bills_m2_hetb,1.5,case_I,143,20,0.13269629754678725,2189.3,8.0,0.0006855415981801534,0.0006188798364501443,6.938429619625702,275,536,512,586,304
house-bills_m2_hetb,1.5,case_I,144,20,0.506064922529373,2889.6,14.0,0.0024324469409165864,0.0010183447757429922,6.915091084588779,195,278,192,279,306
house-bills_m2_hetb,1.5,case_I,145,200,0.785085292596959,322.955,36.0,0.006349339140366942,0.002218862086882988,7.7369294665094746,655,39,51,45,273
house-bills_m2_hetb,1.5,case_I,146,20,0.29500644280551946,1202.9,5.0,0.00012493289773883657,0.00039190210515634876,3.524967785972403,460,803,927,908,556
house-bills_m2_hetb,1.5,case_I,147,20,0.7687717599091665,621.05,14.0,0.0009181795905302354,0.0009754902565664764,3.2371953612716693,571,279,431,299,581
house-bills_m2_hetb,1.5,case_I,148,20,0.5256295231622541,910.95,6.0,8.212630880635448e-05,0.00044604665579818796,2.8462228610264755,505,688,998,823,630
house-bills_m2_hetb,1.5,case_I,149,20,0.14904802337071255,-1240.1,8.0,0.0007712427782207137,0.0006245579944329826,6.8076158130343,1451,537,477,581,312
house-bills_m2_hetb,1.5,case_I,150,20,0.9649677439797357,0.0,7.0,0.00023935683540436515,0.0005210989049786209,0.24522579214184992,829,603,777,716,1289
house-bills_m2_hetb,1.5,case_I,151,20,0.4016362238885175,-4430.3,9.0,0.0010797826670197515,0.0006395384588637647,5.385273985003343,1493,496,384,565,393
house-bills_m2_hetb,1.5,case_I,152,200,0.2952342556626958,5255.12,27.0,0.004117164784167231,0.001660148034641335,19.028675097107214,45,77,95,91,52
house-bills_m2_hetb,1.5,case_I,153,20,0.8469983706337296,0.0,13.0,0.001027844154524959,0.0008818958441006799,1.9890211817615149,830,311,398,359,772
house-bills_m2_hetb,1.5,case_I,154,200,0.12446033251547983,3537.25,19.0,0.0038461449504422953,0.0012796348197026386,16.63525368220588,143,166,109,173,74
house-bills_m2_hetb,1.5,case_I,155,20,0.7335904610737034,0.0,8.0,0.00016680746259384918,0.0005721350516100761,2.1312763114103728,831,538,857,636,752
house-bills_m2_hetb,1.5,case_I,156,200,0.18782474256546833,17796.52,61.0,0.023099442578883276,0.003881149933095361,49.54269070350643,1,3,3,4,1
house-bills_m2_hetb,1.5,case_I,157,200,0.39249177601258245,3334.09,21.0,0.00320634724177497,0.001393330067231882,12.757672703735768,159,135,141,148,119
house-bills_m2_hetb,1.5,case_I,158,20,0.23189987846213844,2641.25,15.0,0.0012186331924828298,0.000996889731358794,11.521501823067924,218,255,340,293,145
house-bills_m2_hetb,1.5,case_I,159,20,0.8412279926923869,0.0,17.0,0.0008918937168148049,0.0010772608414678358,2.6991241242294226,832,202,437,257,659
house-bills_m2_hetb,1.5,case_I,160,200,0.39007455193986174,3742.61,53.0,0.0190666789924266,0.003483676349199656,32.32604874718733,125,6,6,6,12
house-bills_m2_hetb,1.5,case_I,161,200,0.9746928128822893,259.625,40.0,0.005603178171037773,0.0024810419141898924,1.0122874847084296,671,27,62,32,996
house-bills_m2_hetb,1.5,case_I,162,20,0.6252614844151068,-267.15,4.0,8.090166403451896e-05,0.0003789712335565753,1.498954062339573,1333,891,1000,944,879
house-bills_m2_hetb,1.5,case_I,163,20,0.6936228347029152,171.15,18.0,0.0019140268439429434,0.0011729340986867483,5.5147889753475265,695,182,237,216,384
house-bills_m2_hetb,1.5,case_I,164,20,0.5215251221324175,0.0,4.0,0.00018638355792884444,0.00043179435375774716,1.9138995114703299,833,892,832,846,790
house-bills_m2_hetb,1.5,case_I,165,200,0.30896819907559114,1673.24,22.0,0.0034040373022343967,0.0014971841878821173,15.202699620336995,364,120,133,121,91
house-bills_m2_hetb,1.5,case_I,166,20,0.3955564210524287,-1104.1,5.0,0.0006728866553233138,0.0005278819168540232,3.0222178947378566,1443,804,518,700,608
house-bills_m2_hetb,1.5,case_I,167,20,0.9409341876619017,0.0,7.0,0.0006963946678521099,0.0005836567695028209,0.41346068636668787,834,604,507,619,1225
house-bills_m2_hetb,1.5,case_I,168,20,0.20120320072466447,0.0,4.0,0.00012183940207520364,0.0003774122370387101,3.195187197101342,835,893,935,946,589
house-bills_m2_hetb,1.5,case_I,169,20,0.9882189012202123,0.0,20.0,0.002138349823316375,0.001282869482221237,0.23562197559575448,836,147,216,172,1294
house-bills_m2_hetb,1.5,case_I,170,200,0.7583058620038184,1466.35,24.0,0.004293326281439742,0.0016474615964890322,5.800659311908357,409,102,91,93,356
house-bills_m2_hetb,1.5,case_I,171,20,0.35978692649261024,3786.1,10.0,0.0006586051812234598,0.0007071621264961027,6.402130735073897,120,443,521,489,325
house-bills_m2_hetb,1.5,case_I,172,200,0.6415135895056033,119.25,23.0,0.0015740016770754907,0.001409972517777987,8.245187441371124,770,110,279,142,252
house-bills_m2_hetb,1.5,case_I,173,20,0.38098153929308753,0.0,1.0,0.0,0.00016474756174896915,0.6190184607069125,837,1257,1261,1360,1145
house-bills_m2_hetb,1.5,case_I,174,20,0.38149293263992,0.0,2.0,2.9266902267973165e-05,0.00027657879174892123,1.23701413472016,838,1116,1137,1125,943
house-bills_m2_hetb,1.5,case_I,175,20,0.5038029501945296,20.8,17.0,0.002389940127321495,0.0011765441074595105,8.435349846692997,795,203,197,214,247
house-bills_m2_hetb,1.5,case_I,176,200,0.016722821635377083,3209.07,17.0,0.001572856023161918,0.0011583310000507893,16.71571203219859,168,204,280,225,73
house-bills_m2_hetb,1.5,case_I,177,20,0.4935715599433962,458.55,5.0,0.001182890840171703,0.0005732064872506219,2.532142200283019,618,805,348,633,681
house-bills_m2_hetb,1.5,case_I,178,20,0.971598413446888,0.0,16.0,0.0033011502206050686,0.0011332196947518183,0.45442538484979167,839,224,135,236,1210
house-bills_m2_hetb,1.5,case_I,179,20,0.28546522878557845,-552.9,13.0,0.0009600863612536641,0.0008645983830512411,9.28895202578748,1393,312,416,371,219
house-bills_m2_hetb,1.5,case_I,180,20,0.7482179590766121,0.0,5.0,0.0005875136581448001,0.00044331748558995175,1.2589102046169391,840,806,546,827,934
house-bills_m2_hetb,1.5,case_I,181,20,0.44278889007049504,-1075.85,9.0,0.0008564800570691553,0.0006752641633169952,5.014899989365545,1441,497,451,525,420
house-bills_m2_hetb,1.5,case_I,182,20,0.20928104261778546,-1636.45,3.0,2.6957439210221452e-05,0.0002819801078476444,2.3721568721466437,1463,988,1147,1116,713
house-bills_m2_hetb,1.5,case_I,183,20,0.9050025708181295,1915.4,3.0,0.00029114465382695207,0.0003448266782594897,0.28499228754561146,318,989,723,991,1265
house-bills_m2_hetb,1.5,case_I,184,20,0.016827284680212995,2467.7,2.0,1.4109924715726556e-05,0.00022219114168257133,1.966345430639574,238,1117,1199,1246,778
house-bills_m2_hetb,1.5,case_I,185,20,0.3035089265995107,-596.35,1.0,0.0,0.0001864588482461569,0.6964910734004893,1397,1258,1262,1284,1113
house-bills_m2_hetb,1.5,case_I,186,20,0.9990258823239375,0.0,10.0,0.0017375354432509526,0.0007800018927525198,0.009741176760624803,841,444,262,440,1374
house-bills_m2_hetb,1.5,case_I,187,20,0.2621467961899895,2133.3,4.0,9.676368006658358e-05,0.0003684709482844091,2.951412815240042,279,894,972,956,616
house-bills_m2_hetb,1.5,case_I,188,20,0.849044521859272,0.0,7.0,0.00023320324571417172,0.0005418681602657151,1.0566883469850956,842,605,788,679,986
house-bills_m2_hetb,1.5,case_I,189,20,0.6056831486557043,-1349.8,7.0,0.0012052718766871588,0.0006674898076478691,2.76021795941007,1456,606,345,536,647
house-bills_m2_hetb,1.5,case_I,190,20,0.8060357075271236,-274.7,10.0,0.0005898673119405869,0.0006961247660057001,1.9396429247287639,1340,445,544,496,786
house-bills_m2_hetb,1.5,case_I,191,200,0.6303177554434782,2663.13,44.0,0.013433532825892013,0.0028409309652726897,16.266018760486958,216,15,12,14,77
house-bills_m2_hetb,1.5,case_I,192,20,0.3626968570578484,0.0,4.0,3.4038013118778973e-05,0.0003335694315564626,2.5492125717686065,843,895,1120,1013,677
house-bills_m2_hetb,1.5,case_I,193,20,0.7607887845834825,396.35,16.0,0.0013299268008816797,0.0010566778553602364,3.8273794466642794,638,225,319,264,520
house-bills_m2_hetb,1.5,case_I,194,200,0.026484548903972338,3336.555,13.0,0.00046183271514668446,0.0008374302870533661,12.65570086424836,158,313,607,396,122
house-bills_m2_hetb,1.5,case_I,195,20,0.4468129517344519,-84.9,10.0,0.0002318009171291124,0.0006833567279205122,5.531870482655481,1305,446,790,510,382
house-bills_m2_hetb,1.5,case_I,196,20,0.371854569870106,0.0,1.0,0.0,0.0001723612027107052,0.628145430129894,844,1259,1263,1322,1141
house-bills_m2_hetb,1.5,case_I,197,20,0.4770740056373495,0.0,8.0,0.0004791458403109404,0.0006648231039610174,4.183407954901204,845,539,597,537,481
house-bills_m2_hetb,1.5,case_I,198,20,0.1276206864960696,342.55,4.0,0.00012005918652657793,0.00039092422090303,3.4895172540157215,650,896,938,910,560
house-bills_m2_hetb,1.5,case_I,199,20,0.22250686594627245,733.2,3.0,6.272227102635094e-05,0.00035871745730036494,2.3324794021611828,551,990,1047,967,721
house-bills_m2_hetb,1.5,case_I,200,20,0.5620515900997094,3357.3,6.0,0.0004884926540620417,0.000535312367273486,2.6276904594017436,154,689,589,689,668
house-bills_m2_hetb,1.5,case_I,201,200,0.38776911565595396,6069.105,36.0,0.010054525934144227,0.0024182380810129716,22.04031183638566,35,40,22,36,32
house-bills_m2_hetb,1.5,case_I,202,20,0.7916562055903406,0.0,1.0,0.0,0.00018864568614970247,0.20834379440965944,846,1260,1264,1278,1305
house-bills_m2_hetb,1.5,case_I,203,20,0.6051365892775145,-596.35,1.0,0.0,0.00016825202003396708,0.39486341072248554,1398,1261,1265,1338,1231
house-bills_m2_hetb,1.5,case_I,204,20,0.8612666847869941,-267.15,7.0,0.00010992468529611319,0.0005149124991219865,0.9711332064910414,1334,607,947,731,1011
house-bills_m2_hetb,1.5,case_I,205,20,0.7323608373256045,206.6,2.0,2.0923053166515975e-05,0.00022688233954556918,0.5352783253487909,690,1118,1174,1230,1175
house-bills_m2_hetb,1.5,case_I,206,20,0.601823447758565,468.6,6.0,0.00010827920654929179,0.00048799484563094575,2.38905931344861,615,690,951,774,709
house-bills_m2_hetb,1.5,case_I,207,20,0.2876156021959957,946.5,9.0,0.00028260809726515177,0.0006142701574726694,6.411459580236039,499,498,733,591,323
house-bills_m2_hetb,1.5,case_I,208,20,0.7827604679261685,0.0,6.0,0.000139645848531493,0.00047607315720106177,1.303437192442989,847,691,895,786,926
house-bills_m2_hetb,1.5,case_I,209,20,0.2512675781710818,4687.55,18.0,0.002749361862478657,0.0011882916188650403,13.477183592920527,68,183,169,210,111
house-bills_m2_hetb,1.5,case_I,210,20,0.07521111181440443,703.0,5.0,0.00012278543202149525,0.0004276456868521119,4.6239444409279775,560,807,932,853,445
house-bills_m2_hetb,1.5,case_I,211,20,0.9628645784432278,0.0,9.0,0.0006950495888183029,0.0006701566107440585,0.33421879401094967,848,499,508,530,1255
house-bills_m2_hetb,1.5,case_I,212,200,0.5400112050964692,1574.84,18.0,0.0018144237934873309,0.0012010526042718719,8.279798308263555,386,184,252,206,251
house-bills_m2_hetb,1.5,case_I,213,20,0.7738942975498113,735.6,17.0,0.0023745724456830804,0.0011732284105778665,3.8437969416532076,543,205,198,215,519
house-bills_m2_hetb,1.5,case_I,214,20,0.5292228076303601,37.5,8.0,0.0008547694419710236,0.0006826807365235461,3.766217538957119,790,540,453,512,522
house-bills_m2_hetb,1.5,case_I,215,20,0.6115797303718215,0.0,2.0,1.618112050518558e-05,0.00023224375783214128,0.7768405392563571,849,1119,1191,1220,1079
house-bills_m2_hetb,1.5,case_I,216,200,0.03389225051650624,24805.335,62.0,0.024345813490689438,0.00407987486864083,59.89868046797661,0,2,1,1,0
house-bills_m2_hetb,1.5,case_I,217,20,0.18679367935380853,2467.3,12.0,0.0012092342773261436,0.0008597626251699065,9.758475847754298,239,357,343,377,197
house-bills_m2_hetb,1.5,case_I,218,200,0.6746893954347775,1059.81,24.0,0.0022756254576111624,0.0014868609848340284,7.807454509565341,481,103,207,125,269
house-bills_m2_hetb,1.5,case_I,219,20,0.5705645979524983,1612.35,13.0,0.003148583680271803,0.0011071094459982082,5.582660226617523,377,314,146,243,376
house-bills_m2_hetb,1.5,case_I,220,200,0.15855503398671267,2413.01,12.0,0.0006404149835062409,0.0008154434469004425,10.097339592159448,247,358,527,413,187
house-bills_m2_hetb,1.5,case_I,221,20,0.9520292687261848,0.0,3.0,4.12914416360656e-05,0.0003526087460660708,0.1439121938214457,850,991,1099,974,1337
house-bills_m2_hetb,1.5,case_I,222,20,0.1543536325474043,438.5,3.0,0.0003837589596920055,0.00034283666934769317,2.536939102357787,626,992,646,996,680
house-bills_m2_hetb,1.5,case_I,223,20,0.5103032497386853,-129.05,8.0,0.0006487966399090186,0.0006524650129512096,3.917574002090517,1309,541,524,552,510
house-bills_m2_hetb,1.5,case_I,224,0,0.14400287501925768,0.0,0.0,0.0,0.00010743061772605194,0.0,851,1383,1266,1383,1383
house-bills_m2_hetb,1.5,case_I,225,20,0.7173717261062347,-129.05,3.0,7.754069510119975e-05,0.0003105642720066864,0.847884821681296,1310,993,1013,1045,1054
house-bills_m2_hetb,1.5,case_I,226,20,0.27631301409515274,32.3,16.0,0.002902406509377887,0.0011210468879804352,11.578991774477556,793,226,164,238,143
house-bills_m2_hetb,1.5,case_I,227,20,0.13413397512178327,-1038.15,8.0,0.00026228626437330507,0.0005679261792667881,6.926928199025734,1438,542,751,641,305
house-bills_m2_hetb,1.5,case_I,228,0,0.04598718067051566,0.0,0.0,0.0,0.00010743061772605194,0.0,852,1384,1267,1384,1384
house-bills_m2_hetb,1.5,case_I,229,200,0.17483553789762363,14476.69,42.0,0.008426539909543224,0.0026226910097535997,34.65690740829981,5,20,29,22,9
house-bills_m2_hetb,1.5,case_I,230,200,0.1917987167235664,4668.84,24.0,0.004549950943126606,0.0015622057936239256,19.396830798634404,70,104,83,110,45
house-bills_m2_hetb,1.5,case_I,231,20,0.5369720795717926,0.0,3.0,1.709296076389594e-05,0.00028534245676906794,1.3890837612846223,853,994,1187,1108,905
house-bills_m2_hetb,1.5,case_I,232,20,0.4510388861713912,2298.45,10.0,0.0023528320072371675,0.0008653627602851495,5.489611138286088,266,447,201,369,385
house-bills_m2_hetb,1.5,case_I,233,20,0.9572943672535373,0.0,4.0,0.00016631603622405323,0.00039072977293940164,0.17082253098585065,854,897,858,911,1324
house-bills_m2_hetb,1.5,case_I,234,200,0.9541513368666424,5.39,28.0,0.0023353862097428846,0.0016684894006519172,1.2837625677340117,798,69,203,90,931
house-bills_m2_hetb,1.5,case_I,235,20,0.7965461104684304,507.55,1.0,0.0,0.00020674813567062413,0.20345388953156962,603,1262,1268,1258,1307
house-bills_m2_hetb,1.5,case_I,236,20,0.6715876339807033,0.0,1.0,0.0,0.00020938750796104351,0.3284123660192967,855,1263,1269,1256,1259
house-bills_m2_hetb,1.5,case_I,237,20,0.8450230915683464,0.0,8.0,0.00036807244973389487,0.0006329564399615068,1.2398152674532286,856,543,653,574,942
house-bills_m2_hetb,1.5,case_I,238,20,0.9387518284798846,0.0,18.0,0.002469949666166201,0.001226193445363919,1.1024670873620774,857,185,190,195,971
house-bills_m2_hetb,1.5,case_I,239,20,0.022617728887002753,1789.15,1.0,0.0,0.00016408451351079248,0.9773822711129972,336,1264,1270,1367,1008
house-bills_m2_hetb,1.5,case_I,240,200,0.1181052271508587,7982.4,28.0,0.005338734730180053,0.0018180964723381898,24.693053639775957,22,70,64,73,25
house-bills_m2_hetb,1.5,case_I,241,0,0.3602638846836431,0.0,0.0,0.0,0.00010743061772605194,0.0,858,1385,1271,1385,1385
house-bills_m2_hetb,1.5,case_I,242,20,0.09358685304259973,0.0,1.0,0.0,0.00024978187891436227,0.9064131469574003,859,1265,1272,1162,1033
house-bills_m2_hetb,1.5,case_I,243,20,0.5995244730532772,-1732.35,18.0,0.001995750357799453,0.0011661468543621137,7.208559485041011,1464,186,230,217,292
house-bills_m2_hetb,1.5,case_I,244,20,0.26036422234810863,4506.95,13.0,0.0007064512588746339,0.0008500541791694651,9.615265109474588,81,315,502,388,201
house-bills_m2_hetb,1.5,case_I,245,200,0.2643397291323255,-402.725,18.0,0.0036834839616514776,0.0012493698751785338,13.24188487561814,1360,187,114,186,115
house-bills_m2_hetb,1.5,case_I,246,20,0.2883279886478656,3403.65,5.0,0.00016227481076177096,0.00045376159583104456,3.558360056760672,150,808,865,820,553
house-bills_m2_hetb,1.5,case_I,247,20,0.09771565758439005,-1190.95,6.0,0.00014790798198773016,0.0004576463098795228,5.41370605449366,1450,692,879,813,391
house-bills_m2_hetb,1.5,case_I,248,200,0.7409444532381589,-95.975,46.0,0.01090651123399043,0.0029172796497924725,11.916555151044689,1307,12,19,11,137
house-bills_m2_hetb,1.5,case_I,249,20,0.6506724295996501,0.0,4.0,0.00034653797844535616,0.0003935205895347349,1.3973102816013996,860,898,669,905,903
house-bills_m2_hetb,1.5,case_I,250,20,0.6065080906412624,-67.1,7.0,0.0008321644605243427,0.0005675741701236179,2.754443365511163,1302,608,459,642,649
house-bills_m2_hetb,1.5,case_I,251,20,0.03404558227777543,-539.05,4.0,0.00022370839026338902,0.0003544564064482025,3.8638176708888983,1386,899,796,972,514
house-bills_m2_hetb,1.5,case_I,252,20,0.4294641446388775,1412.35,3.0,8.870304622552388e-05,0.0003016560319095289,1.7116075660833676,422,995,984,1072,835
house-bills_m2_hetb,1.5,case_I,253,20,0.6852035898998426,-45.35,13.0,0.000839946424904764,0.0008948967339313224,4.0923533313020455,1288,316,455,349,486
house-bills_m2_hetb,1.5,case_I,254,20,0.15634664990358638,0.0,1.0,0.0,0.0001651455445244172,0.8436533500964136,861,1266,1273,1356,1056
house-bills_m2_hetb,1.5,case_I,255,20,0.3856578446575508,0.0,2.0,3.731346865139023e-05,0.00028558366247745745,1.2286843106848984,862,1120,1110,1107,946
house-bills_m2_hetb,1.5,case_I,256,20,0.019834145469936892,-347.3,6.0,0.00017096600880455557,0.0004747543830826271,5.880995127180379,1350,693,852,789,349
house-bills_m2_hetb,1.5,case_I,257,0,0.08185799707724206,0.0,0.0,0.0,0.00010743061772605194,0.0,863,1386,1274,1386,1386
house-bills_m2_hetb,1.5,case_I,258,20,0.2164535799990539,1844.5,6.0,0.0007151436708318876,0.0005571271432003497,4.701278520005676,330,694,496,658,437
house-bills_m2_hetb,1.5,case_I,259,20,0.41465016114124864,-347.3,9.0,0.00047232592134685455,0.0006913745999675773,5.268148549728762,1351,500,600,501,403
house-bills_m2_hetb,1.5,case_I,260,20,0.46324003628737986,774.7,7.0,0.0012579317936991883,0.000677060232555805,3.757319745988341,534,609,334,518,525
house-bills_m2_hetb,1.5,case_I,261,20,0.884521531618113,-347.3,13.0,0.0011072169437469387,0.0009101462990030794,1.5012200889645313,1352,317,374,337,878
house-bills_m2_hetb,1.5,case_I,262,20,0.3166584421740133,484.75,2.0,0.00014804525194880687,0.0002808570545607226,1.3666831156519734,611,1121,877,1117,911
house-bills_m2_hetb,1.5,case_I,263,200,0.021463876277191374,2723.5,7.0,0.00020925355257684229,0.000505900617488568,6.84975286605966,210,610,807,750,308
house-bills_m2_hetb,1.5,case_I,264,200,0.8262233467711652,910.77,33.0,0.004501731287951814,0.002089474205349165,5.73462955655155,506,49,86,51,362
house-bills_m2_hetb,1.5,case_I,265,0,0.061846935373572776,0.0,0.0,0.0,0.00010743061772605194,0.0,864,1387,1275,1387,1387
house-bills_m2_hetb,1.5,case_I,266,20,0.09299199266222835,0.0,5.0,0.00014468609872242237,0.0004241082372871927,4.535040036688859,865,809,885,857,453
house-bills_m2_hetb,1.5,case_I,267,20,0.963181716739735,-2415.9,13.0,0.0008724861844048239,0.0008534993212022779,0.4786376823834455,1476,318,446,385,1199
house-bills_m2_hetb,1.5,case_I,268,20,0.7533654181283584,0.0,5.0,0.00019874933204492196,0.0004039978416728549,1.2331729093582078,866,810,818,886,945
house-bills_m2_hetb,1.5,case_I,269,200,0.33785420277925504,3703.515,29.0,0.0036248326770732453,0.001815248698969554,19.202228119401603,127,63,117,74,48
house-bills_m2_hetb,1.5,case_I,270,20,0.13217884161919569,1645.5,8.0,0.0009056243840945476,0.0006551768176719833,6.9425692670464345,369,544,433,548,301
house-bills_m2_hetb,1.5,case_I,271,20,0.38673057317186155,0.0,1.0,0.0,0.00020004288286485262,0.6132694268281385,867,1267,1276,1261,1148
house-bills_m2_hetb,1.5,case_I,272,20,0.33919489278017356,160.45,2.0,2.435754658845622e-05,0.00023484022523737782,1.3216102144396529,708,1122,1155,1211,922
house-bills_m2_hetb,1.5,case_I,273,20,0.8744412014424732,0.0,6.0,0.00013622538716209068,0.0005005980355273543,0.753352791345161,868,695,904,754,1090
house-bills_m2_hetb,1.5,case_I,274,20,0.41875301731404,4447.3,20.0,0.0034227508033007454,0.0013659425707521155,11.6249396537192,88,148,131,157,141
house-bills_m2_hetb,1.5,case_I,275,20,0.08204500601562204,4538.3,21.0,0.002427659575039972,0.0014228107477892169,19.277054873671936,80,136,194,139,47
house-bills_m2_hetb,1.5,case_I,276,20,0.9268052023585862,-267.15,8.0,0.00037907747657644933,0.0005971471357927589,0.5855583811313103,1335,545,649,604,1156
house-bills_m2_hetb,1.5,case_I,277,20,0.6223133637152601,-45.35,6.0,0.0003045232064855419,0.0005024519174624788,2.2661198177084394,1289,696,708,751,727
house-bills_m2_hetb,1.5,case_I,278,20,0.11670985678100221,0.0,7.0,0.00029058234285311293,0.0005548935561921623,6.183031002532984,869,611,725,661,334
house-bills_m2_hetb,1.5,case_I,279,20,0.11317416004642233,-596.35,2.0,1.1051398140293339e-05,0.0002325045541386195,1.7736516799071553,1399,1123,1208,1218,817
house-bills_m2_hetb,1.5,case_I,280,20,0.46593324116426427,160.45,3.0,7.74252283317752e-05,0.000302853069838656,1.6022002765072072,709,996,1014,1065,857
house-bills_m2_hetb,1.5,case_I,281,20,0.09208896568911618,0.0,1.0,0.0,0.00016895063967633562,0.9079110343108838,870,1268,1277,1336,1032
house-bills_m2_hetb,1.5,case_I,282,0,0.6317521922027585,0.0,0.0,0.0,0.00010743061772605194,0.0,871,1388,1278,1388,1388
house-bills_m2_hetb,1.5,case_I,283,20,0.6163837910949103,0.0,5.0,0.00018756378070077878,0.0004320329434602889,1.9180810445254486,872,811,829,844,789
house-bills_m2_hetb,1.5,case_I,284,200,0.032081348618153704,10753.91,30.0,0.0025155305990951222,0.0018211865150043847,29.037559541455387,12,56,185,71,18
house-bills_m2_hetb,1.5,case_I,285,20,0.8074227810412945,121.65,13.0,0.00031459330615927865,0.0008572349183287048,2.5035038464631714,768,319,696,382,690
house-bills_m2_hetb,1.5,case_I,286,20,0.7867947609394985,1832.15,20.0,0.004369428119872737,0.00135141274818861,4.26410478121003,332,149,88,160,474
house-bills_m2_hetb,1.5,case_I,287,20,0.9153082686153085,0.0,2.0,6.957656894634773e-05,0.00029993536611125886,0.1693834627693831,873,1124,1028,1077,1325
house-bills_m2_hetb,1.5,case_I,288,20,0.6703066467384771,1794.35,11.0,0.0026482934775448777,0.0008837790911812746,3.6266268858767523,335,398,176,358,546
house-bills_m2_hetb,1.5,case_I,289,20,0.6928622323352233,-1146.1,4.0,0.00026496115858549535,0.000498871007655905,1.228551070659107,1447,900,748,756,947
house-bills_m2_hetb,1.5,case_I,290,0,0.1637416544531679,0.0,0.0,0.0,0.00010743061772605194,0.0,874,1389,1279,1389,1389
house-bills_m2_hetb,1.5,case_I,291,20,0.023888813978811707,1308.9,1.0,0.0,0.00018147437975629498,0.9761111860211883,437,1269,1280,1289,1009
house-bills_m2_hetb,1.5,case_I,292,200,0.06556315241841992,5224.425,23.0,0.005688773460064034,0.0015468359536446145,21.49204749437634,46,111,60,112,33
house-bills_m2_hetb,1.5,case_I,293,20,0.9644613401603573,160.45,6.0,0.000280242566176295,0.0005205698759407115,0.21323195903785597,710,697,736,718,1303
house-bills_m2_hetb,1.5,case_I,294,20,0.6457213655596336,2128.45,16.0,0.0015000487018014164,0.001069159532897489,5.668458151045863,283,227,290,261,372
house-bills_m2_hetb,1.5,case_I,295,20,0.9469066664934074,0.0,14.0,0.0011063832835594676,0.0009399909338441313,0.7433066690922967,875,280,375,316,1097
house-bills_m2_hetb,1.5,case_I,296,20,0.3493843588720956,4643.85,14.0,0.0025923422786823724,0.0010246049461169868,9.10861897579066,72,281,179,274,226
house-bills_m2_hetb,1.5,case_I,297,20,0.755221576661414,0.0,10.0,0.00045008774390930536,0.0007178467511024891,2.4477842333858604,876,448,614,482,697
house-bills_m2_hetb,1.5,case_I,298,20,0.06539896536166678,612.85,4.0,0.00036352132292856427,0.0003692260737452425,3.738404138553333,575,901,657,953,527
house-bills_m2_hetb,1.5,case_I,299,200,0.16620516559297116,7859.435,28.0,0.004524656094022563,0.0017328253092226886,23.346255363396807,24,71,84,83,28
house-bills_m2_hetb,1.5,case_I,300,0,0.27713333487199,0.0,0.0,0.0,0.00010743061772605194,0.0,877,1390,1281,1390,1390
house-bills_m2_hetb,1.5,case_I,301,20,0.5503182517007417,-435.9,13.0,0.0008179596234099678,0.0009361044813180107,5.845862727890358,1364,320,465,318,353
house-bills_m2_hetb,1.5,case_I,302,20,0.55740888009091,589.75,10.0,0.0003082307949744376,0.0006978021690641818,4.4259111990908995,584,449,702,493,462
house-bills_m2_hetb,1.5,case_I,303,20,0.4989864523070149,0.0,1.0,0.0,0.00016306106742166695,0.5010135476929851,878,1270,1282,1370,1189
house-bills_m2_hetb,1.5,case_I,304,20,0.42446358463207756,0.0,2.0,3.1021984863701693e-05,0.00030409297459148217,1.1510728307358449,879,1125,1130,1061,961
house-bills_m2_hetb,1.5,case_I,305,20,0.5757051603390986,216.5,4.0,6.630505641355606e-05,0.0003456489385973541,1.6971793586436057,676,902,1038,987,841
house-bills_m2_hetb,1.5,case_I,306,20,0.9666623953878383,0.0,10.0,0.0004848395638083353,0.0007244011553099603,0.3333760461216173,880,450,593,477,1257
house-bills_m2_hetb,1.5,case_I,307,200,0.4580795604861192,5287.17,35.0,0.006059291964140986,0.0021690438764151426,18.967215382985827,44,43,54,46,53
house-bills_m2_hetb,1.5,case_I,308,20,0.8374714217984048,445.4,3.0,2.2411293197730413e-05,0.0002759906375066505,0.4875857346047855,622,997,1167,1130,1196
house-bills_m2_hetb,1.5,case_I,309,200,0.055871965031871196,3889.045,21.0,0.0029751670575245007,0.0013365955013077116,19.826688734330705,109,137,158,164,42
house-bills_m2_hetb,1.5,case_I,310,20,0.3855872572300576,2351.05,11.0,0.0010826526115864318,0.0008223853565944086,6.758540170469367,261,399,382,404,314
house-bills_m2_hetb,1.5,case_I,311,0,0.5604964436423991,0.0,0.0,0.0,0.00010743061772605194,0.0,881,1391,1283,1391,1391
house-bills_m2_hetb,1.5,case_I,312,20,0.6203205556549372,162.25,7.0,0.0005189408879856658,0.0005547290218509809,2.65775611041544,698,612,578,662,665
house-bills_m2_hetb,1.5,case_I,313,20,0.2500183399320113,3565.35,15.0,0.0018481219562736838,0.0010411274690699276,11.249724901019832,139,256,247,270,153
house-bills_m2_hetb,1.5,case_I,314,20,0.39929101348659524,160.45,3.0,0.00010948103427674693,0.0003223374696026712,1.8021269595402143,711,998,949,1026,811
house-bills_m2_hetb,1.5,case_I,315,20,0.9470061687356901,0.0,2.0,2.7439760370304734e-05,0.0002623831762467976,0.1059876625286198,882,1126,1143,1148,1350
house-bills_m2_hetb,1.5,case_I,316,200,0.648850754011949,5587.38,41.0,0.0032547743303868717,0.0024311625926461814,14.39711908551009,39,25,138,34,99
house-bills_m2_hetb,1.5,case_I,317,20,0.5849662484122946,-596.35,5.0,0.0005750550872763339,0.00043011914945575297,2.0751687579385267,1400,812,552,849,761
house-bills_m2_hetb,1.5,case_I,318,20,0.06529871051984093,444.15,3.0,0.00014055309148742345,0.0003203802852542493,2.8041038684404773,624,999,892,1030,638
house-bills_m2_hetb,1.5,case_I,319,20,0.052176257643147705,373.95,1.0,0.0,0.0001661577246054097,0.9478237423568523,647,1271,1284,1351,1021
house-bills_m2_hetb,1.5,case_I,320,20,0.21139844783206463,507.55,3.0,3.160433710720599e-05,0.00029621195698778963,2.3658046565038062,604,1000,1127,1086,716
house-bills_m2_hetb,1.5,case_I,321,20,0.137822775848633,0.0,1.0,0.0,0.00016580826394775908,0.862177224151367,883,1272,1285,1352,1047
house-bills_m2_hetb,1.5,case_I,322,20,0.9837499292732876,0.0,8.0,0.000584975249198971,0.0006255277024057072,0.1300005658136989,884,546,547,579,1342
house-bills_m2_hetb,1.5,case_I,323,200,0.002747147602664146,869.745,10.0,0.0004300764814786774,0.0007271734431076405,9.97252852397336,514,451,623,474,194
house-bills_m2_hetb,1.5,case_I,324,20,0.3658435291805171,2300.2,18.0,0.0011320615095214228,0.0011533650010674607,11.414816474750692,265,188,365,227,149
house-bills_m2_hetb,1.5,case_I,325,20,0.05842244962380161,160.45,7.0,0.00010348913534760564,0.0005238019978893125,6.591042852633389,712,613,959,708,318
house-bills_m2_hetb,1.5,case_I,326,20,0.6400105583176766,0.0,7.0,0.00032303470637257137,0.0005251878313644895,2.519926091776264,885,614,688,704,685
house-bills_m2_hetb,1.5,case_I,327,20,0.046533202074859115,1133.85,11.0,0.0014056602223440832,0.0008295417966309645,10.48813477717655,466,400,305,398,171
house-bills_m2_hetb,1.5,case_I,328,20,0.0684096355417223,1977.1,6.0,0.00024317469472494158,0.00046593124888376315,5.589542186749666,310,698,770,805,374
house-bills_m2_hetb,1.5,case_I,329,20,0.07994250560811889,3836.8,12.0,0.0009793000299583652,0.0008765549324887903,11.040689932702573,116,359,409,363,156
house-bills_m2_hetb,1.5,case_I,330,20,0.2717851313028795,2199.15,13.0,0.0010121288594558172,0.000896129672738863,9.466793293062567,274,321,400,347,210
house-bills_m2_hetb,1.5,case_I,331,20,0.5763580679966506,-596.35,8.0,0.0007708428949111696,0.0006468103037175104,3.3891354560267954,1401,547,478,556,568
house-bills_m2_hetb,1.5,case_I,332,20,0.8054486176308537,0.0,10.0,0.0007206444800498255,0.0006955963349794295,1.9455138236914626,886,452,493,497,783
house-bills_m2_hetb,1.5,case_I,333,200,0.2671915845012608,3504.115,22.0,0.002977238897631788,0.00140523605417145,16.121785140972264,145,121,157,143,79
house-bills_m2_hetb,1.5,case_I,334,20,0.2831710565694664,-267.15,2.0,2.402553638062906e-05,0.00023740135775988298,1.4336578868610672,1336,1127,1158,1206,895
house-bills_m2_hetb,1.5,case_I,335,20,0.824482143951937,0.0,2.0,2.2160302375769657e-05,0.0002848793752792148,0.35103571209612605,887,1128,1169,1110,1246
house-bills_m2_hetb,1.5,case_I,336,20,0.7459483801763226,1729.4,12.0,0.0007069581940485977,0.0007984293155259983,3.048619437884129,343,360,501,426,604
house-bills_m2_hetb,1.5,case_I,337,20,0.12681474835733464,0.0,2.0,1.628941147340439e-05,0.00024295320182902852,1.7463705032853307,888,1129,1190,1186,823
house-bills_m2_hetb,1.5,case_I,338,20,0.8063489347063569,-1796.9,5.0,0.00011381492188857331,0.0003899614949142347,0.9682553264682153,1467,813,944,913,1013
house-bills_m2_hetb,1.5,case_I,339,20,0.8312511086352812,-3283.45,7.0,0.0001659491828342784,0.0005126391816484507,1.1812422395530318,1488,615,859,735,954
house-bills_m2_hetb,1.5,case_I,340,200,0.17782578356710588,3848.515,20.0,0.0025325609611209837,0.0013492182070036932,16.44348432865788,113,150,184,161,76
house-bills_m2_hetb,1.5,case_I,341,20,0.6269479985725536,-3386.45,10.0,0.0007184554911017974,0.0007236923122288547,3.7305200142744646,1490,453,494,478,530
house-bills_m2_hetb,1.5,case_I,342,20,0.19674362182123795,1519.05,4.0,8.462208214327474e-05,0.0003694650909824552,3.213025512715048,398,903,991,952,584
house-bills_m2_hetb,1.5,case_I,343,200,0.24349271202808254,3805.435,18.0,0.002415259829655039,0.0012253327427017807,13.617131183494514,118,189,195,196,110
house-bills_m2_hetb,1.5,case_I,344,20,0.494005755328642,-947.9,7.0,0.0002716650562805801,0.0005170063469870664,3.541959712699506,1435,616,743,727,554
house-bills_m2_hetb,1.5,case_I,345,200,0.5222200279508085,1063.49,32.0,0.0047702544504482,0.0019986015358711092,15.28895910557413,479,51,77,56,87
house-bills_m2_hetb,1.5,case_I,346,20,0.4790335153981873,216.5,11.0,0.0005521151206478093,0.000741720370028144,5.73063133061994,677,401,564,467,363
house-bills_m2_hetb,1.5,case_I,347,0,0.5411410533042087,0.0,0.0,0.0,0.00010743061772605194,0.0,889,1392,1286,1392,1392
house-bills_m2_hetb,1.5,case_I,348,0,0.21316467642545245,0.0,0.0,0.0,0.00010743061772605194,0.0,890,1393,1287,1393,1393
house-bills_m2_hetb,1.5,case_I,349,20,0.7785803681279121,0.0,8.0,0.00036059872871985226,0.0005864829558057993,1.7713570549767033,891,548,659,616,819
house-bills_m2_hetb,1.5,case_I,350,20,0.2778484120286083,4376.8,16.0,0.0034123319609259814,0.0012306541858728,11.554425407542267,91,228,132,194,144
house-bills_m2_hetb,1.5,case_I,351,20,0.9126832897191103,0.0,9.0,0.00037038752776898207,0.0006836334512164259,0.7858503925280075,892,501,652,509,1072
house-bills_m2_hetb,1.5,case_I,352,0,0.5151553035895896,0.0,0.0,0.0,0.00010743061772605194,0.0,893,1394,1288,1394,1394
house-bills_m2_hetb,1.5,case_I,353,0,0.3036840529445848,0.0,0.0,0.0,0.00010743061772605194,0.0,894,1395,1289,1395,1395
house-bills_m2_hetb,1.5,case_I,354,200,0.17438390250830016,7526.355,31.0,0.00393945924920139,0.001918767067282842,25.594099022242695,25,53,105,60,23
house-bills_m2_hetb,1.5,case_I,355,20,0.48520396241603025,904.5,2.0,0.00029585923512768256,0.00032006304950588885,1.0295920751679395,508,1130,717,1031,993
house-bills_m2_hetb,1.5,case_I,356,20,0.3762973001513523,0.0,2.0,7.865936056366917e-05,0.00027998344029187645,1.2474053996972954,895,1131,1011,1118,939
house-bills_m2_hetb,1.5,case_I,357,20,0.6230937907219327,774.7,6.0,0.00024800823405463285,0.0005008021543941862,2.2614372556684037,535,699,766,753,729
house-bills_m2_hetb,1.5,case_I,358,20,0.49845958262294987,298.1,8.0,0.00031460336965645404,0.0006357735349171033,4.012323339016401,659,549,695,570,494
house-bills_m2_hetb,1.5,case_I,359,20,0.03695969800069676,2691.75,9.0,0.0007930709683192181,0.0006636850616714608,8.66736271799373,212,502,471,538,238
house-bills_m2_hetb,1.5,case_I,360,20,0.8330947688085336,0.0,2.0,7.354593561743902e-05,0.0002676323218553219,0.33381046238293277,896,1132,1022,1143,1256
house-bills_m2_hetb,1.5,case_I,361,20,0.051673939119395995,3862.45,2.0,4.8751908282443473e-05,0.0002442911177354738,1.896652121761208,110,1133,1079,1183,793
house-bills_m2_hetb,1.5,case_I,362,20,0.8275951638592104,1218.6,6.0,0.00016903916224147864,0.00048394918909196736,1.0344290168447376,454,700,855,777,991
house-bills_m2_hetb,1.5,case_I,363,20,0.8127496434167762,375.15,20.0,0.001232832315031997,0.0012880651818361773,3.745007131664475,646,151,337,171,526
house-bills_m2_hetb,1.5,case_I,364,20,0.9239831252875618,0.0,1.0,0.0,0.00022416656715139083,0.07601687471243823,897,1273,1290,1240,1358
house-bills_m2_hetb,1.5,case_I,365,20,0.6644010411515328,0.0,7.0,0.0006210898428572685,0.0005383545256470806,2.3491927119392706,898,617,536,683,720
house-bills_m2_hetb,1.5,case_I,366,20,0.16062363410535052,2413.0,1.0,0.0,0.00017936512167623326,0.8393763658946495,248,1274,1291,1296,1059
house-bills_m2_hetb,1.5,case_I,367,20,0.44192941145403775,2912.7,8.0,0.0002862340924754714,0.0005907715362773823,4.464564708367698,194,550,728,610,460
house-bills_m2_hetb,1.5,case_I,368,20,0.43943266017047056,0.0,5.0,0.00014032821848823245,0.0005085376750161458,2.8028366991476474,899,814,893,744,640
house-bills_m2_hetb,1.5,case_I,369,20,0.6323329864819148,1569.5,7.0,0.000321071271191148,0.0005161422403293102,2.573669094626596,387,618,691,728,675
house-bills_m2_hetb,1.5,case_I,370,0,0.3811375324040436,0.0,0.0,0.0,0.00010743061772605194,0.0,900,1396,1292,1396,1396
house-bills_m2_hetb,1.5,case_I,371,20,0.6756780879691183,-312.5,6.0,0.00020768848385402294,0.00048430994983688724,1.94593147218529,1344,701,808,776,782
house-bills_m2_hetb,1.5,case_I,372,20,0.2039073800978377,1519.05,3.0,2.952312666053622e-05,0.0003049806836434508,2.388277859706487,399,1001,1136,1057,710
house-bills_m2_hetb,1.5,case_I,373,20,0.3533507781465587,-596.35,3.0,0.0001936874036770955,0.00041272520138763613,1.9399476655603238,1402,1002,823,870,785
house-bills_m2_hetb,1.5,case_I,374,200,0.5433134112873544,4076.7,30.0,0.0070591557299025725,0.0019152953271246783,13.700597661379367,99,57,42,61,109
house-bills_m2_hetb,1.5,case_I,375,200,0.427651051214449,3111.57,27.0,0.002445427812976866,0.0016962955654570258,15.453421617209877,177,78,191,86,85
house-bills_m2_hetb,1.5,case_I,376,0,0.12252565076900024,0.0,0.0,0.0,0.00010743061772605194,0.0,901,1397,1293,1397,1397
house-bills_m2_hetb,1.5,case_I,377,20,0.9658281207625043,0.0,14.0,0.0008774121033508213,0.0010073931028193666,0.4784063093249391,902,282,442,286,1200
house-bills_m2_hetb,1.5,case_I,378,20,0.6912954021364714,0.0,4.0,4.458066368922636e-05,0.00034202127250353837,1.2348183914541142,903,904,1093,1000,944
house-bills_m2_hetb,1.5,case_I,379,20,0.8330350777910258,-507.75,12.0,0.0008813379641422768,0.0008626297122302358,2.0035790665076902,1382,361,441,373,770
house-bills_m2_hetb,1.5,case_I,380,20,0.3574607462891465,938.95,7.0,0.00017687577136176738,0.0005118019211193052,4.497774775975975,502,619,842,738,458
house-bills_m2_hetb,1.5,case_I,381,0,0.9448959101690874,0.0,0.0,0.0,0.00010743061772605194,0.0,904,1398,1294,1398,1398
house-bills_m2_hetb,1.5,case_I,382,20,0.8124471005528425,0.0,2.0,1.723236001600581e-05,0.0002608924417092349,0.37510579889431495,905,1134,1186,1149,1237
house-bills_m2_hetb,1.5,case_I,383,0,0.9795062455878859,0.0,0.0,0.0,0.00010743061772605194,0.0,906,1399,1295,1399,1399
house-bills_m2_hetb,1.5,case_I,384,20,0.19739425238980546,1251.9,5.0,4.8749438704161876e-05,0.00038259523775339803,4.013028738050973,448,815,1080,940,493
house-bills_m2_hetb,1.5,case_I,385,20,0.4771694766007426,2502.8,14.0,0.0011118591446134744,0.0009451089874900275,7.319627327589604,234,283,372,314,285
house-bills_m2_hetb,1.5,case_I,386,200,0.3858489940723694,6396.215,36.0,0.005411591564499455,0.002165563093061632,22.1094362133947,33,41,63,47,31
house-bills_m2_hetb,1.5,case_I,387,20,0.613894995603037,0.0,1.0,0.0,0.00019487727129952414,0.38610500439696305,907,1275,1296,1270,1233
house-bills_m2_hetb,1.5,case_I,388,20,0.25021973366796013,0.0,1.0,0.0,0.00024978187891436227,0.7497802663320399,908,1276,1297,1163,1094
house-bills_m2_hetb,1.5,case_I,389,20,0.10047228975068634,1945.9,4.0,8.743857382690393e-05,0.00036046057468263715,3.5981108409972546,312,905,985,966,548
house-bills_m2_hetb,1.5,case_I,390,20,0.4766165868289146,-45.35,5.0,0.0001443659265012076,0.00047034991024210153,2.616917065855427,1290,816,888,796,670
house-bills_m2_hetb,1.5,case_I,391,20,0.6394719365196334,0.0,1.0,0.0,0.00016429722579705574,0.3605280634803666,909,1277,1298,1365,1242
house-bills_m2_hetb,1.5,case_I,392,20,0.3840154184913098,1787.3,4.0,4.8943443754299943e-05,0.00036680182306683673,2.4639383260347607,337,906,1077,959,694
house-bills_m2_hetb,1.5,case_I,393,200,0.9874393427162872,58.725,26.0,0.0019272391666802907,0.001603655202748721,0.32657708937653296,777,82,235,102,1260
house-bills_m2_hetb,1.5,case_I,394,20,0.40598877214889817,160.45,2.0,0.0001144216842543114,0.000295814202466015,1.1880224557022037,713,1135,943,1087,951
house-bills_m2_hetb,1.5,case_I,395,20,0.29981554243781305,-608.95,6.0,0.00041290539167182147,0.0005436328749243984,4.201106745373122,1408,702,634,675,479
house-bills_m2_hetb,1.5,case_I,396,20,0.8138978250995115,0.0,1.0,0.0,0.00017960569783918054,0.18610217490048853,910,1278,1299,1292,1316
house-bills_m2_hetb,1.5,case_I,397,200,0.46668980303279606,-2504.13,7.0,0.0001345789987958481,0.000507571352327465,3.7331713787704275,1477,620,907,747,528
house-bills_m2_hetb,1.5,case_I,398,20,0.27321678269920713,-596.35,2.0,5.255568469532128e-06,0.0002291481705183668,1.4535664346015857,1403,1136,1238,1227,887
house-bills_m2_hetb,1.5,case_I,399,200,0.28649102447160646,8885.5,43.0,0.007970032190722964,0.002804566761514614,30.680885947720924,18,18,35,16,16
house-bills_m2_hetb,1.5,case_I,400,20,0.9471557892442384,0.0,3.0,0.00011599618187167273,0.0003457996815862201,0.15853263226728487,911,1003,942,985,1331
house-bills_m2_hetb,1.5,case_I,401,20,0.961736748159922,0.0,6.0,0.0004399152948826756,0.0005230556470618994,0.2295795110404677,912,703,618,711,1299
house-bills_m2_hetb,1.5,case_I,402,20,0.6462368962429871,396.35,6.0,0.00013229502314432263,0.0004829697738817048,2.1225786225420773,639,704,913,778,755
house-bills_m2_hetb,1.5,case_I,403,200,0.2787679766747637,3776.69,23.0,0.0029129387252090533,0.0014738367682866872,16.588336536480433,121,112,162,132,75
house-bills_m2_hetb,1.5,case_I,404,20,0.7113690437189849,0.0,3.0,6.0866588371664774e-05,0.0003035038969237693,0.8658928688430453,913,1004,1051,1063,1045
house-bills_m2_hetb,1.5,case_I,405,20,0.2167694819361088,0.0,1.0,0.0,0.0001634026647140199,0.7832305180638912,914,1279,1300,1369,1076
house-bills_m2_hetb,1.5,case_I,406,20,0.3220846874139359,-532.45,6.0,0.0005776109674785697,0.0004912017660044811,4.067491875516384,1385,705,550,765,487
house-bills_m2_hetb,1.5,case_I,407,20,0.5417363597027655,0.0,3.0,0.00013431372329688872,0.0003783985444819189,1.3747909208917037,915,1005,908,945,908
house-bills_m2_hetb,1.5,case_I,408,0,0.40114416116454565,0.0,0.0,0.0,0.00010743061772605194,0.0,916,1400,1301,1400,1400
house-bills_m2_hetb,1.5,case_I,409,20,0.35102386263458685,2033.75,8.0,0.0003408894096994358,0.0005753854887149193,5.191809098923305,295,551,674,631,406
house-bills_m2_hetb,1.5,case_I,410,20,0.9741344294864881,1215.0,7.0,0.00029285796553454104,0.0005298367784942039,0.18105899359458333,457,621,720,698,1317
house-bills_m2_hetb,1.5,case_I,411,20,0.17020617447974906,0.0,1.0,0.0,0.00017422599947606302,0.8297938255202509,917,1280,1302,1314,1062
house-bills_m2_hetb,1.5,case_I,412,200,0.6137785589494178,-589.99,26.0,0.003142550900971708,0.0016373945447087385,10.041757467315136,1396,83,148,95,189
house-bills_m2_hetb,1.5,case_I,413,0,0.03854138948384955,0.0,0.0,0.0,0.00010743061772605194,0.0,918,1401,1303,1401,1401
house-bills_m2_hetb,1.5,case_I,414,20,0.09171473713390443,4619.7,3.0,0.0001475246136729768,0.00031060563767608125,2.724855788598287,73,1006,883,1044,656
house-bills_m2_hetb,1.5,case_I,415,20,0.20999600501172455,0.0,2.0,2.5031302303168146e-05,0.0002630743512838279,1.580007989976551,919,1137,1152,1147,866
house-bills_m2_hetb,1.5,case_I,416,20,0.9916861960144647,0.0,2.0,2.0660664645593142e-05,0.00033207392249581563,0.016627607971070546,920,1138,1177,1014,1371
house-bills_m2_hetb,1.5,case_I,417,20,0.7264246392278,0.0,1.0,0.0,0.00016192078898291703,0.2735753607722,921,1281,1304,1376,1273
house-bills_m2_hetb,1.5,case_I,418,20,0.8680380956291989,0.0,2.0,0.00045322105128052504,0.0002883822219912854,0.26392380874160226,922,1139,613,1101,1277
house-bills_m2_hetb,1.5,case_I,419,20,0.049483784636716543,1216.8,5.0,6.704179934583282e-05,0.00041894008045895875,4.752581076816417,455,817,1033,865,436
house-bills_m2_hetb,1.5,case_I,420,20,0.6814384526526729,0.0,2.0,1.3646354675509439e-05,0.00022283276689947539,0.6371230946946542,923,1140,1201,1244,1134
house-bills_m2_hetb,1.5,case_I,421,20,0.4399364794360058,0.0,1.0,0.0,0.00017539443055496695,0.5600635205639942,924,1282,1305,1306,1167
house-bills_m2_hetb,1.5,case_I,422,20,0.41641994855534936,0.0,1.0,0.0,0.00017394386655641912,0.5835800514446506,925,1283,1306,1318,1157
house-bills_m2_hetb,1.5,case_I,423,20,0.7082547942479717,542.25,4.0,4.096939561306709e-05,0.00034554831492863666,1.1669808230081133,596,907,1101,988,957
house-bills_m2_hetb,1.5,case_I,424,20,0.30831895053558056,-247.4,3.0,4.15931197404966e-05,0.0003078314731167616,2.0750431483932585,1332,1007,1097,1052,762
house-bills_m2_hetb,1.5,case_I,425,0,0.5134678232710247,0.0,0.0,0.0,0.00010743061772605194,0.0,926,1402,1307,1402,1402
house-bills_m2_hetb,1.5,case_I,426,20,0.2607247218237164,216.5,4.0,0.00013340453892087594,0.0003677601033437066,2.9571011127051343,678,908,911,958,614
house-bills_m2_hetb,1.5,case_I,427,20,0.39140407059240856,328.6,4.0,0.00028078323080837897,0.0003837559224091512,2.4343837176303658,654,909,735,937,699
house-bills_m2_hetb,1.5,case_I,428,0,0.5333261752047522,0.0,0.0,0.0,0.00010743061772605194,0.0,927,1403,1308,1403,1403
house-bills_m2_hetb,1.5,case_I,429,0,0.15788100282626316,0.0,0.0,0.0,0.00010743061772605194,0.0,928,1404,1309,1404,1404
house-bills_m2_hetb,1.5,case_I,430,20,0.27618712190520356,396.35,6.0,0.0009179512024780255,0.0004954362031513677,4.342877268568778,640,706,432,762,469
house-bills_m2_hetb,1.5,case_I,431,20,0.4204059052215403,0.0,2.0,7.6100211943345005e-06,0.00022086981508434505,1.1591881895569194,929,1141,1223,1249,958
house-bills_m2_hetb,1.5,case_I,432,200,0.4727479785281554,1194.635,37.0,0.007979100264503701,0.0022965459683108357,19.50832479445825,461,34,34,42,44
house-bills_m2_hetb,1.5,case_I,433,200,0.8000039680110183,1131.905,23.0,0.0035250333808385867,0.0014614941240943993,4.59990873574658,467,113,122,135,447
house-bills_m2_hetb,1.5,case_I,434,20,0.6429501138675994,160.45,11.0,0.0015841538148959632,0.0008617040185635316,3.927548747456407,714,402,278,375,508
house-bills_m2_hetb,1.5,case_I,435,20,0.5624900665221173,199.05,8.0,0.0002672722920260985,0.0005623802300120033,3.5000794678230616,694,552,746,650,559
house-bills_m2_hetb,1.5,case_I,436,20,0.8698673937003966,0.0,8.0,0.0003851503925658697,0.0005695817735594419,1.0410608503968275,930,553,645,638,989
house-bills_m2_hetb,1.5,case_I,437,20,0.19734886477676372,3486.2,9.0,0.0005341483247365375,0.0006338802531019063,7.223860217009126,147,503,571,572,291
house-bills_m2_hetb,1.5,case_I,438,0,0.10408303517803497,0.0,0.0,0.0,0.00010743061772605194,0.0,931,1405,1310,1405,1405
house-bills_m2_hetb,1.5,case_I,439,0,0.39372521336773547,0.0,0.0,0.0,0.00010743061772605194,0.0,932,1406,1311,1406,1406
house-bills_m2_hetb,1.5,case_I,440,20,0.1371899555572782,2608.0,7.0,0.00023896578953081619,0.0005493065754396603,6.039670311099052,220,622,778,669,340
house-bills_m2_hetb,1.5,case_I,441,200,0.5559810381008665,2147.945,25.0,0.003280850026074664,0.0015753970372590221,11.100474047478336,278,92,137,104,155
house-bills_m2_hetb,1.5,case_I,442,20,0.5736433320658848,-267.65,13.0,0.0014640799174096123,0.00089464316057786,5.542636683143497,1339,322,297,350,381
house-bills_m2_hetb,1.5,case_I,443,200,0.13159354974969018,11874.66,42.0,0.013306952049941796,0.002771707716823165,36.473070910513016,10,21,13,17,7
house-bills_m2_hetb,1.5,case_I,444,20,0.7160539946963933,-1140.5,14.0,0.0017671101873839733,0.0009695547408376242,3.9752440742504938,1445,284,257,303,500
house-bills_m2_hetb,1.5,case_I,445,200,0.5565394834256112,2075.77,44.0,0.013550011332327565,0.002826130084729795,19.512262729273107,286,16,11,15,43
house-bills_m2_hetb,1.5,case_I,446,200,0.4231819942696411,1860.715,16.0,0.0024828177416489315,0.0010709000317832191,9.229088091685743,324,229,188,260,221
house-bills_m2_hetb,1.5,case_I,447,20,0.9174817732993081,0.0,9.0,0.0002957611409151312,0.0006269202941863166,0.7426640403062268,933,504,718,577,1099
house-bills_m2_hetb,1.5,case_I,448,20,0.8559122943833432,0.0,3.0,3.560684106568354e-05,0.00031040018761853676,0.43226311684997054,934,1008,1116,1046,1219
house-bills_m2_hetb,1.5,case_I,449,20,0.22096916376486697,1309.15,13.0,0.0006396493238238839,0.000847012458342799,10.127400871056729,436,323,529,391,184
house-bills_m2_hetb,1.5,case_I,450,20,0.166583176525819,4080.45,12.0,0.00024746185033647244,0.0007686927461245329,10.001001881690172,98,362,767,451,190
house-bills_m2_hetb,1.5,case_I,451,20,0.9155364039147175,0.0,7.0,0.0002431746727782761,0.0005294758065653463,0.5912451725969777,935,623,771,699,1154
house-bills_m2_hetb,1.5,case_I,452,200,0.1572518885137706,4945.155,20.0,0.00205832391175181,0.001274826856887973,16.85496222972459,55,152,225,176,70
house-bills_m2_hetb,1.5,case_I,453,20,0.7572063264186215,-2595.35,19.0,0.0017361399857965237,0.0012141582772875125,4.613079798046192,1479,167,263,201,446
house-bills_m2_hetb,1.5,case_I,454,20,0.31251701581211366,774.7,4.0,3.9000324686285785e-05,0.00033447966000673204,2.7499319367515453,536,910,1105,1011,650
house-bills_m2_hetb,1.5,case_I,455,200,0.3611853466325139,888.88,13.0,0.0005003833363325823,0.0008405832277122187,8.304590493777319,513,324,584,394,249
house-bills_m2_hetb,1.5,case_I,456,20,0.5537246459677773,0.0,7.0,0.00013758362436758553,0.0005066613095718861,3.1239274782255593,936,624,900,748,599
house-bills_m2_hetb,1.5,case_I,457,20,0.9259641674233373,0.0,16.0,0.001144192773969299,0.0010053427400167955,1.184573321226603,937,230,360,289,952
house-bills_m2_hetb,1.5,case_I,458,200,0.00205684306461984,13531.105,31.0,0.004281535093693633,0.0018946889400521978,30.936237864996784,8,54,92,63,15
house-bills_m2_hetb,1.5,case_I,459,200,0.1622873344023199,10303.37,29.0,0.0031022183026951414,0.0017963261738729202,24.29366730233272,13,64,149,76,26
house-bills_m2_hetb,1.5,case_I,460,200,0.7202117786599489,207.19,25.0,0.002581553320267712,0.0015506913179481872,6.9947055335012776,689,93,181,111,298
house-bills_m2_hetb,1.5,case_I,461,20,0.3944665294244958,2583.3,19.0,0.0008767695417361771,0.0011613331985394174,11.50513594093458,225,168,444,221,146
house-bills_m2_hetb,1.5,case_I,462,20,0.2878104198967977,0.0,2.0,4.569062826424091e-06,0.00022071238462916096,1.4243791602064046,938,1142,1240,1251,898
house-bills_m2_hetb,1.5,case_I,463,20,0.9628956581275414,0.0,4.0,8.395835575687293e-05,0.00036080089667832424,0.14841736748983436,939,911,994,964,1335
house-bills_m2_hetb,1.5,case_I,464,20,0.26402842332427967,2679.25,12.0,0.000895441877573677,0.0008173477351118499,8.831658920108644,213,363,436,409,234
house-bills_m2_hetb,1.5,case_I,465,20,0.7141669578683888,3571.15,20.0,0.001991328123146928,0.0012755162620892908,5.7166608426322245,138,153,231,175,365
house-bills_m2_hetb,1.5,case_I,466,20,0.964225669092555,0.0,11.0,0.0009300821708481562,0.0007912042494305677,0.3935176399818947,940,403,425,431,1232
house-bills_m2_hetb,1.5,case_I,467,200,0.7627660562464376,-27.435,40.0,0.006987270568374819,0.00245214777915854,9.489357750142497,1285,28,43,33,208
house-bills_m2_hetb,1.5,case_I,468,200,0.7094140359205118,-462.28,22.0,0.002306241180072622,0.0013920556824588816,6.392891209748741,1379,122,205,150,326
house-bills_m2_hetb,1.5,case_I,469,20,0.7232067127676901,0.0,10.0,0.0005687410764137072,0.0006847947311623623,2.767932872323099,941,454,556,507,644
house-bills_m2_hetb,1.5,case_I,470,20,0.8052261068309458,1376.05,16.0,0.0013846013451853346,0.0010164629410341327,3.116382290704868,426,231,309,282,600
house-bills_m2_hetb,1.5,case_I,471,200,0.27121364891992294,9606.37,52.0,0.017196577265426817,0.0033377506471124626,37.896890256164006,14,7,7,8,5
house-bills_m2_hetb,1.5,case_I,472,20,0.6266867251784247,2474.7,10.0,0.0008305260402802103,0.0007013994784146434,3.733132748215753,237,455,462,492,529
house-bills_m2_hetb,1.5,case_I,473,20,0.802885894043567,0.0,10.0,0.0003736091300177825,0.0006883292847830539,1.9711410595643297,942,456,651,504,776
house-bills_m2_hetb,1.5,case_I,474,200,0.8882296412968325,1628.915,37.0,0.008311596363340997,0.0023409118639888416,4.135503272017199,375,35,30,39,483
house-bills_m2_hetb,1.5,case_I,475,20,0.9058341532080582,1273.2,9.0,0.00048344807248709834,0.0006492931326953572,0.8474926211274766,442,505,595,555,1055
house-bills_m2_hetb,1.5,case_I,476,200,0.903896393587496,203.645,25.0,0.004098969356289336,0.0016073454180497448,2.402590160312601,691,94,98,101,705
house-bills_m2_hetb,1.5,case_I,477,20,0.09763379946487272,2873.2,5.0,9.996286124837369e-05,0.00039840873657018717,4.5118310026756365,198,818,966,896,455
house-bills_m2_hetb,1.5,case_I,478,20,0.3764060873778814,4979.65,16.0,0.0010575019070867234,0.0010299990976439474,9.977502601953898,52,232,389,273,192
house-bills_m2_hetb,1.5,case_I,479,200,0.45639208349041915,3354.055,28.0,0.0033142790480127342,0.001735009858204349,15.221021662268264,155,72,134,82,90
house-bills_m2_hetb,1.5,case_I,480,20,0.8916854039669163,-435.9,5.0,8.079215100856613e-05,0.00038498892798203936,0.5415729801654184,1365,819,1001,933,1174
house-bills_m2_hetb,1.5,case_I,481,200,0.4192536193798634,4088.765,48.0,0.009822564593523595,0.0029077741090176184,27.875826269766556,97,10,23,12,21
house-bills_m2_hetb,1.5,case_I,482,20,0.2649121033591305,1067.7,19.0,0.0019001016852744992,0.001241073979050183,13.96667003617652,475,169,240,189,105
house-bills_m2_hetb,1.5,case_I,483,200,0.019858773159258325,3701.31,11.0,0.0003891118260953438,0.0007177088532672804,10.781553495248158,128,404,643,483,163
house-bills_m2_hetb,1.5,case_I,484,20,0.28875427776216545,-2576.25,15.0,0.0009624238521849823,0.0009626970497227214,10.668685833567519,1478,257,414,309,167
house-bills_m2_hetb,1.5,case_I,485,20,0.7807241847334279,-507.75,6.0,0.00014942379952238518,0.0004784561371509228,1.3156548915994328,1383,707,875,784,924
house-bills_m2_hetb,1.5,case_I,486,20,0.020170938059851595,4995.4,18.0,0.0011407368858857797,0.001160740985359976,17.63692311492267,51,190,362,222,61
house-bills_m2_hetb,1.5,case_I,487,200,0.16499392794848766,4147.995,25.0,0.005178850916561755,0.0016839463998786321,20.87515180128781,96,95,69,87,34
house-bills_m2_hetb,1.5,case_I,488,20,0.3109684208465644,160.45,4.0,7.84638951933489e-05,0.0003467690170191844,2.7561263166137424,715,912,1012,979,648
house-bills_m2_hetb,1.5,case_I,489,200,0.5320110718845206,1310.825,22.0,0.0022976867716587527,0.0014129173694438753,10.295756418540547,435,123,206,141,180
house-bills_m2_hetb,1.5,case_I,490,20,0.3630433181948137,0.0,1.0,0.0,0.00016948737870943736,0.6369566818051863,943,1284,1312,1332,1135
house-bills_m2_hetb,1.5,case_I,491,20,0.8826396945897659,0.0,5.0,9.871222994241152e-05,0.0004061387484293824,0.5868015270511706,944,820,968,880,1155
house-bills_m2_hetb,1.5,case_I,492,20,0.20747762885186438,2418.55,5.0,7.692409824378923e-05,0.00039524679280764216,3.962611855740678,244,821,1015,902,502
house-bills_m2_hetb,1.5,case_I,493,200,0.5616344004190236,1934.635,19.0,0.001636844559720221,0.0011880623775472187,8.328946392038553,316,170,274,211,248
house-bills_m2_hetb,1.5,case_I,494,20,0.7778175051376995,556.8,11.0,0.0009771963949868033,0.000774494998531763,2.444007443485305,593,405,410,445,698
house-bills_m2_hetb,1.5,case_I,495,20,0.9296082290939864,0.0,5.0,7.950196852497057e-05,0.0004178168153887937,0.3519588545300678,945,822,1006,867,1245
house-bills_m2_hetb,1.5,case_I,496,20,0.8734802733413756,558.6,16.0,0.002083814537305991,0.0010821915725822526,2.024315626537991,590,233,223,254,765
house-bills_m2_hetb,1.5,case_I,497,200,0.13552100374068055,1530.055,12.0,0.00037777429769603546,0.0007976713241106682,10.373747955111833,395,364,650,427,177
house-bills_m2_hetb,1.5,case_I,498,20,0.7918000796455894,216.5,6.0,6.391131491262609e-05,0.00043448966715484085,1.2491995221264636,679,708,1043,841,938
house-bills_m2_hetb,1.5,case_I,499,20,0.6753462694980112,1234.4,11.0,0.0007951799252171035,0.0007547671499977349,3.5711910355218763,452,406,469,458,552
house-bills_m2_hetb,1.5,case_I,500,20,0.4216035573870036,1045.35,5.0,0.0003073309579624988,0.00043476231420189193,2.891982213064982,482,823,703,839,623
house-bills_m2_hetb,1.5,case_I,501,200,0.02556709896246312,2805.065,10.0,0.0005605494476366408,0.0006769806391739732,9.744329010375369,205,457,560,519,198
house-bills_m2_hetb,1.5,case_I,502,200,0.16798147095798632,11764.515,43.0,0.009139666106381098,0.002638031800031925,35.77679674880659,11,19,25,20,8
house-bills_m2_hetb,1.5,case_I,503,20,0.7494608262320578,0.0,2.0,1.5826331632162816e-05,0.00024248399674468003,0.5010783475358844,946,1143,1193,1189,1188
house-bills_m2_hetb,1.5,case_I,504,20,0.08400476777677468,2594.7,3.0,6.172915052445343e-05,0.00029121230379723764,2.747985696669676,223,1009,1050,1098,651
house-bills_m2_hetb,1.5,case_I,505,200,0.3126499249880641,3347.055,23.0,0.0012932954451495265,0.001390860774388821,15.809051725274525,156,114,329,151,80
house-bills_m2_hetb,1.5,case_I,506,20,0.25521243827660445,2425.45,16.0,0.0013084281275797538,0.0010798393818637149,11.916600987574329,242,234,325,256,136
house-bills_m2_hetb,1.5,case_I,507,20,0.7461008968986407,0.0,2.0,1.1589136718669387e-05,0.00023381841267276684,0.5077982062027186,947,1144,1207,1213,1185
house-bills_m2_hetb,1.5,case_I,508,20,0.3590598291763175,3117.6,15.0,0.0011405564398803683,0.0010141919050580658,9.614102562355237,176,258,363,283,203
house-bills_m2_hetb,1.5,case_I,509,20,0.08718824098875189,1638.75,8.0,0.00030960675214891545,0.0005870140338448369,7.302494072089985,373,554,701,615,287
house-bills_m2_hetb,1.5,case_I,510,20,0.3704421018161166,989.75,12.0,0.0006859077841739517,0.0007698456532056903,7.554694778206601,490,365,511,449,276
house-bills_m2_hetb,1.5,case_I,511,20,0.3268298767186818,590.15,5.0,0.00021303528131426302,0.00042611561608222486,3.365850616406591,582,824,804,855,571
house-bills_m2_hetb,1.5,case_I,512,20,0.7170213673193974,0.0,3.0,6.975271007580828e-05,0.000282307334631809,0.8489358980418079,948,1010,1027,1114,1052
house-bills_m2_hetb,1.5,case_I,513,20,0.32012222019868797,1248.15,11.0,0.0015282157019827203,0.0008774956859730832,7.478655577814433,449,407,284,362,280
house-bills_m2_hetb,1.5,case_I,514,200,0.6936156490920399,465.455,29.0,0.005149999378904641,0.0018457606640422286,8.885146176330844,616,65,70,67,228
house-bills_m2_hetb,1.5,case_I,515,20,0.538594453433759,785.35,16.0,0.001507608698085805,0.0010466716324570254,7.382488745059856,531,235,288,267,281
house-bills_m2_hetb,1.5,case_I,516,20,0.8877328287244716,160.45,12.0,0.0007252772120226843,0.0008161260873540747,1.3472060553063412,716,366,491,411,917
house-bills_m2_hetb,1.5,case_I,517,20,0.7333651729435877,-213.35,15.0,0.0008250278656451541,0.00095388070644204,3.999522405846184,1327,259,463,311,495
house-bills_m2_hetb,1.5,case_I,518,20,0.4079187425363865,3206.45,15.0,0.0017871675772156862,0.0010360988095549082,8.881218861954203,169,260,254,271,229
house-bills_m2_hetb,1.5,case_I,519,200,0.4849095181984443,3025.74,30.0,0.0046037733253727845,0.0018958405069139656,15.45271445404667,184,58,81,62,86
house-bills_m2_hetb,1.5,case_I,520,20,0.4713857598653367,-1761.3,13.0,0.000625019922142213,0.0008544742907525689,6.8719851217506225,1465,325,535,383,307
house-bills_m2_hetb,1.5,case_I,521,20,0.871702397518525,0.0,7.0,0.0001677073793075354,0.000496295422384274,0.8980832173703253,949,625,856,761,1035
house-bills_m2_hetb,1.5,case_I,522,20,0.1380361717125459,1433.65,5.0,7.528927506797528e-05,0.0003977207126527314,4.309819141437271,418,825,1018,899,470
house-bills_m2_hetb,1.5,case_I,523,20,0.4242300124285143,0.0,2.0,2.8761985259516497e-06,0.00023928288315125303,1.1515399751429714,950,1145,1243,1201,960
house-bills_m2_hetb,1.5,case_I,524,20,0.5349120574812903,2418.45,1.0,0.0,0.00016506769955898753,0.46508794251870966,245,1285,1313,1357,1205
house-bills_m2_hetb,1.5,case_I,525,20,0.43622283223869607,-863.5,5.0,0.00029648558930019196,0.000440324267832414,2.8188858388065197,1430,826,716,831,632
house-bills_m2_hetb,1.5,case_I,526,20,0.5980284679987804,0.0,12.0,0.0005705231155412262,0.000820066206984233,4.823658384014635,951,367,555,405,432
house-bills_m2_hetb,1.5,case_I,527,20,0.49884309541984917,-435.9,7.0,0.00018248318139449648,0.0005253619887257545,3.508098332061056,1366,626,836,703,558
house-bills_m2_hetb,1.5,case_I,528,20,0.4136957426619674,3230.45,13.0,0.00143004339037178,0.0008950110168351442,7.621955345394424,167,326,303,348,275
house-bills_m2_hetb,1.5,case_I,529,20,0.6868129726159958,1064.95,5.0,0.00013005345915121315,0.0003986838180169681,1.5659351369200207,476,827,917,895,869
house-bills_m2_hetb,1.5,case_I,530,20,0.329322465708467,2288.0,14.0,0.0010366990275539345,0.0009341110592312665,9.389485480081461,267,285,395,320,213
house-bills_m2_hetb,1.5,case_I,531,20,0.6069010136690235,-435.9,8.0,0.0002119686141496065,0.0005652536100836931,3.144791890647812,1367,555,805,646,594
house-bills_m2_hetb,1.5,case_I,532,20,0.7285583473338744,0.0,10.0,0.0008891882717743214,0.0007413173028491385,2.7144165266612563,952,458,440,468,657
house-bills_m2_hetb,1.5,case_I,533,20,0.13064663579388291,735.6,8.0,0.00041129117570963655,0.000643712763761435,6.954826913648937,544,556,635,561,300
house-bills_m2_hetb,1.5,case_I,534,20,0.326452101504932,567.5,13.0,0.0010927168680322336,0.0009272749325952605,8.756122680435885,588,327,381,327,236
house-bills_m2_hetb,1.5,case_I,535,20,0.9447045555986052,0.0,5.0,4.087174448239336e-05,0.00038707011701979445,0.2764772220069739,953,828,1103,926,1272
house-bills_m2_hetb,1.5,case_I,536,20,0.9660212875626245,0.0,2.0,6.0582307115634505e-06,0.00022216840359148805,0.06795742487475098,954,1146,1231,1248,1361
house-bills_m2_hetb,1.5,case_I,537,20,0.9923887631356604,0.0,2.0,5.964146555059598e-06,0.00022078952977158174,0.015222473728679242,955,1147,1233,1250,1373
house-bills_m2_hetb,1.5,case_I,538,200,0.042525833888270914,4716.255,15.0,0.000981799761408967,0.0009475998462945929,14.362112491675937,63,261,406,313,100
house-bills_m2_hetb,1.5,case_I,539,200,0.8265087689118491,1448.36,49.0,0.024047799890192748,0.00354938598844887,8.501070323319395,414,8,2,5,245
house-bills_m2_hetb,1.5,case_I,540,20,0.9352758069942098,0.0,5.0,0.00012498594147893727,0.0004107102996668109,0.3236209650289512,956,829,926,873,1261
house-bills_m2_hetb,1.5,case_I,541,0,0.9019444400552439,0.0,0.0,0.0,0.00010743061772605194,0.0,957,1407,1314,1407,1407
house-bills_m2_hetb,1.5,case_I,542,20,0.7149413034806142,726.65,17.0,0.002263371850663417,0.0011413539296347148,4.845997840829558,554,206,210,231,428
house-bills_m2_hetb,1.5,case_I,543,20,0.6756193428878896,655.65,15.0,0.0006689888240324659,0.0009301515131325477,4.865709856681656,567,262,519,323,427
house-bills_m2_hetb,1.5,case_I,544,20,0.7196066164883864,1559.65,10.0,0.00027702842583238895,0.0006767068668457343,2.803933835116136,389,459,737,521,639
house-bills_m2_hetb,1.5,case_I,545,20,0.5748858181470116,-72.9,18.0,0.002107879929876651,0.0011947536075334227,7.652055273353792,1303,191,221,207,274
house-bills_m2_hetb,1.5,case_I,546,200,0.7884200798433164,-557.5,24.0,0.00357611392490519,0.0015957737518273066,5.077918083760406,1394,105,120,103,413
house-bills_m2_hetb,1.5,case_I,547,200,0.5019296038006482,1856.265,26.0,0.002611606480317189,0.0015732037626417501,12.949830301183146,328,84,177,107,117
house-bills_m2_hetb,1.5,case_I,548,20,0.22593749989122835,735.6,7.0,0.00023845780042490276,0.0005247993061447583,5.418437500761401,545,627,780,706,390
house-bills_m2_hetb,1.5,case_I,549,200,0.09434902497816688,6518.06,19.0,0.001735897489016262,0.0012144920252865734,17.20736852541483,32,171,264,200,66
house-bills_m2_hetb,1.5,case_I,550,20,0.9082557233023724,0.0,12.0,0.0013175806445027164,0.0008366905644961752,1.1009313203715316,958,368,323,397,973
house-bills_m2_hetb,1.5,case_I,551,20,0.7548789814030864,0.0,1.0,0.0,0.00016707895742016824,0.2451210185969136,959,1286,1315,1347,1290
house-bills_m2_hetb,1.5,case_I,552,20,0.17724193576034308,505.95,1.0,0.0,0.0001682448089503884,0.8227580642396569,605,1287,1316,1339,1063
house-bills_m2_hetb,1.5,case_I,553,20,0.8224582773234224,1.8,9.0,0.0006256500351366329,0.0006511942919870633,1.5978755040891988,800,506,534,554,858
house-bills_m2_hetb,1.5,case_I,554,0,0.30034675292417745,0.0,0.0,0.0,0.00010743061772605194,0.0,960,1408,1317,1408,1408
house-bills_m2_hetb,1.5,case_I,555,20,0.6356549721085979,904.5,10.0,0.0011077604936367933,0.0007220345240439038,3.6434502789140213,509,460,373,479,544
house-bills_m2_hetb,1.5,case_I,556,20,0.35615285774869865,-291.25,7.0,0.00020597345315785117,0.0005314291645257456,4.506929995759109,1342,628,810,696,456
house-bills_m2_hetb,1.5,case_I,557,20,0.21416308633064296,1350.4,17.0,0.0016962030081487472,0.0010883332851170616,13.35922753237907,431,207,268,252,113
house-bills_m2_hetb,1.5,case_I,558,20,0.17560876378281154,2082.7,18.0,0.0029029562381738456,0.0012488936522725867,14.839042251909392,285,192,163,187,98
house-bills_m2_hetb,1.5,case_I,559,0,0.07095031074440761,0.0,0.0,0.0,0.00010743061772605194,0.0,961,1409,1318,1409,1409
house-bills_m2_hetb,1.5,case_I,560,200,0.07443855639465857,16880.1,45.0,0.015489131896502598,0.002959982615296094,41.650264962240364,3,13,10,10,3
house-bills_m2_hetb,1.5,case_I,561,20,0.06909021073258215,396.35,2.0,2.698631842465942e-05,0.00024195511976651671,1.8618195785348357,641,1148,1146,1191,801
house-bills_m2_hetb,1.5,case_I,562,20,0.08991876663737164,2467.0,8.0,8.444404824036275e-05,0.0005346163332408739,7.280649866901027,240,557,993,691,289
house-bills_m2_hetb,1.5,case_I,563,20,0.8340292890000545,0.0,5.0,0.00025926055107296567,0.00040939008417033567,0.8298535549997277,962,830,754,876,1061
house-bills_m2_hetb,1.5,case_I,564,200,0.5178083255163458,1431.215,13.0,0.0014556315931687693,0.0008992433580219538,6.268491768287505,419,328,301,345,330
house-bills_m2_hetb,1.5,case_I,565,20,0.12858401479946935,1702.0,6.0,0.0002863048327105195,0.0004626181938016279,5.228495911203184,361,709,727,808,405
house-bills_m2_hetb,1.5,case_I,566,200,0.5249946488828098,33.5,22.0,0.0018481109511643845,0.001362655500590712,10.450117724578185,791,124,248,158,173
house-bills_m2_hetb,1.5,case_I,567,20,0.5426298015540887,-4230.3,3.0,6.487259654968725e-05,0.00029545343443486633,1.372110595337734,1492,1011,1041,1088,909
house-bills_m2_hetb,1.5,case_I,568,20,0.4965920349441739,819.0,4.0,4.876975731325042e-05,0.00033092165835848223,2.0136318602233043,527,913,1078,1016,769
house-bills_m2_hetb,1.5,case_I,569,200,0.20648636461693026,2739.175,16.0,0.0008374842577913384,0.0010091080927923622,12.696218166129116,209,236,456,285,121
house-bills_m2_hetb,1.5,case_I,570,20,0.43439788722453043,70.05,6.0,0.00012464347211947843,0.00046738746312565663,3.3936126766528174,774,710,928,802,567
house-bills_m2_hetb,1.5,case_I,571,20,0.8708564535693805,-2.9,20.0,0.0032362542329722587,0.0013345256012090526,2.5828709286123908,1279,154,140,166,673
house-bills_m2_hetb,1.5,case_I,572,20,0.3837354777850742,2375.4,16.0,0.001641355769753668,0.0010806829475438907,9.860232355438812,258,237,273,255,196
house-bills_m2_hetb,1.5,case_I,573,200,0.5039852429121634,2063.655,30.0,0.007895725300171177,0.0020327625976834236,14.880442712635098,290,59,36,54,97
house-bills_m2_hetb,1.5,case_I,574,20,0.9302423990750158,333.3,7.0,0.00026365814144738056,0.0005348746213118729,0.48830320647488923,653,629,750,690,1195
house-bills_m2_hetb,1.5,case_I,575,20,0.23280139794441634,-1518.5,12.0,0.0007116773326795915,0.0008067556932289238,9.206383224667004,1460,369,498,421,224
house-bills_m2_hetb,1.5,case_I,576,20,0.7255076868062386,1662.85,7.0,0.0005660190079859369,0.0005501175720728107,1.92144619235633,365,630,558,667,788
house-bills_m2_hetb,1.5,case_I,577,200,0.4838413345039069,5152.07,39.0,0.008430091218617427,0.002513434771036886,20.130187954347633,47,30,28,30,39
house-bills_m2_hetb,1.5,case_I,578,20,0.7873679132996416,0.0,16.0,0.00475976018701312,0.0012748021285917714,3.402113387205734,963,238,78,177,565
house-bills_m2_hetb,1.5,case_I,579,20,0.3596735148257848,-725.7,19.0,0.002314463699409203,0.0012538197160508785,12.16620321831009,1422,172,204,185,129
house-bills_m2_hetb,1.5,case_I,580,20,0.5423586148739377,4688.3,11.0,0.0005721509336372188,0.0007518893819863349,5.034055236386686,67,408,553,460,418
house-bills_m2_hetb,1.5,case_I,581,20,0.36828594365148837,2483.05,8.0,0.00034205861283658384,0.0005881472040142515,5.053712450788093,235,558,673,613,416
house-bills_m2_hetb,1.5,case_I,582,20,0.8661492404529617,0.0,2.0,2.4428458708253443e-05,0.0002335796174625703,0.2677015190940766,964,1149,1154,1214,1276
house-bills_m2_hetb,1.5,case_I,583,20,0.9148178896585872,160.45,8.0,0.00048255600005540016,0.0005815216233109742,0.6814568827313021,717,559,596,624,1120
house-bills_m2_hetb,1.5,case_I,584,200,0.6318212838540919,-915.815,24.0,0.0058050733982489685,0.001671996215305469,8.836289187501794,1433,106,58,89,233
house-bills_m2_hetb,1.5,case_I,585,20,0.9810202364628207,0.0,13.0,0.0012680463025630188,0.0008857942166659256,0.2467369259833314,965,329,332,357,1287
house-bills_m2_hetb,1.5,case_I,586,20,0.7320556819078485,0.0,8.0,0.0003308121654406643,0.000575556072399991,2.1435545447372117,966,560,680,630,749
house-bills_m2_hetb,1.5,case_I,587,20,0.8304239319682308,289.95,2.0,4.747851889884281e-05,0.00023221573936902293,0.33915213606353833,665,1150,1084,1221,1252
house-bills_m2_hetb,1.5,case_I,588,20,0.8947206498619251,902.3,14.0,0.0012321386813761723,0.000912689467044467,1.4739109019330483,511,286,338,336,883
house-bills_m2_hetb,1.5,case_I,589,20,0.27190576176612025,0.0,3.0,3.252352706670198e-05,0.00027642585953102677,2.1842827147016393,967,1012,1124,1128,740
house-bills_m2_hetb,1.5,case_I,590,20,0.986677930317109,0.0,3.0,1.4646912637889606e-05,0.00027789961442601567,0.039966209048672874,968,1013,1198,1123,1366
house-bills_m2_hetb,1.5,case_I,591,200,0.39041402334281483,3034.11,23.0,0.003973140433465902,0.0015335461545764927,14.02047746311526,182,115,103,114,103
house-bills_m2_hetb,1.5,case_I,592,20,0.49721254381585167,-435.9,11.0,0.000926769145845618,0.0008011773570015976,5.530662018025632,1368,409,427,425,383
house-bills_m2_hetb,1.5,case_I,593,20,0.18032373166299687,-3556.7,7.0,0.00032254630718850987,0.0005591270912419212,5.7377338783590215,1491,631,689,654,361
house-bills_m2_hetb,1.5,case_I,594,20,0.8214787850033072,0.0,5.0,0.00017722247007429098,0.00042548742846941685,0.8926060749834641,969,831,840,856,1038
house-bills_m2_hetb,1.5,case_I,595,20,0.3368976266911904,-306.4,4.0,9.067671564531295e-05,0.00035373631562584285,2.6524094932352384,1343,914,981,973,667
house-bills_m2_hetb,1.5,case_I,596,20,0.6893444454848344,396.35,2.0,2.6159349556181474e-05,0.00024675326533140263,0.6213111090303312,642,1151,1150,1176,1144
house-bills_m2_hetb,1.5,case_I,597,20,0.21835559486831246,4001.55,8.0,0.00026115996484824444,0.0005598975074102071,6.2531552410535,102,561,753,653,332
house-bills_m2_hetb,1.5,case_I,598,20,0.35136306055512956,-321.2,12.0,0.0017539237614005638,0.0008578711387246449,7.783643273338445,1347,370,260,380,271
house-bills_m2_hetb,1.5,case_I,599,20,0.38424448628290675,648.85,8.0,0.00036214069290811917,0.000582290324752586,4.926044109736746,568,562,658,622,422
house-bills_m2_hetb,1.5,case_I,600,20,0.23662399393571287,3328.9,20.0,0.00240859376657017,0.001335613156111316,15.267520121285742,160,155,196,165,89
house-bills_m2_hetb,1.5,case_I,601,20,0.035063442069188544,1033.1,5.0,0.00012260429835204728,0.0003888441396638232,4.824682789654057,483,832,934,917,431
house-bills_m2_hetb,1.5,case_I,602,20,0.7702089160972269,0.0,3.0,7.133205991678998e-06,0.0002798504426331917,0.6893732517083194,970,1014,1227,1119,1116
house-bills_m2_hetb,1.5,case_I,603,20,0.9503546630566793,0.0,2.0,3.697047556614819e-05,0.0002312147968731639,0.09929067388664148,971,1152,1113,1223,1352
house-bills_m2_hetb,1.5,case_I,604,200,0.22624785755627508,6165.93,37.0,0.008964165629949809,0.0024202010290771403,28.62882927041782,34,36,26,35,19
house-bills_m2_hetb,1.5,case_I,605,20,0.16265136497070776,4422.3,9.0,0.0005780808996011448,0.0006764313323339726,7.53613771526363,90,507,549,523,278
house-bills_m2_hetb,1.5,case_I,606,20,0.34760417535557775,2859.2,9.0,0.0008913215529530136,0.0007444924229715688,5.8715624217998,199,508,438,464,350
house-bills_m2_hetb,1.5,case_I,607,20,0.0827660016297126,4546.7,12.0,0.0006778531858037208,0.0008048685009471764,11.00680798044345,79,371,515,423,159
house-bills_m2_hetb,1.5,case_I,608,20,0.6497328757632396,0.0,2.0,9.697372691017129e-06,0.00022561873128265232,0.7005342484735209,972,1153,1214,1235,1110
house-bills_m2_hetb,1.5,case_I,609,20,0.36855251919960996,735.85,16.0,0.0012989593385147476,0.0010951460859873502,10.10315969280624,542,239,328,247,186
house-bills_m2_hetb,1.5,case_I,610,20,0.5624785542668137,1064.9,9.0,0.0005499882166069205,0.0006467747948968164,3.9376930115986766,477,509,566,557,505
house-bills_m2_hetb,1.5,case_I,611,20,0.9058499863649655,1216.8,7.0,0.0002387647492098574,0.0005245167410918483,0.6590500954452415,456,632,779,707,1128
house-bills_m2_hetb,1.5,case_I,612,20,0.8615793288939493,51.55,9.0,0.0005334635003705564,0.0006372970805737253,1.2457860399544565,778,510,572,569,941
house-bills_m2_hetb,1.5,case_I,613,0,0.9216768590469784,0.0,0.0,0.0,0.00010743061772605194,0.0,973,1410,1319,1410,1410
house-bills_m2_hetb,1.5,case_I,614,20,0.9350577167713908,0.0,1.0,0.0,0.0001617598807590857,0.06494228322860918,974,1288,1320,1377,1362
house-bills_m2_hetb,1.5,case_I,615,20,0.5898193600864983,0.0,7.0,0.0001439656717106889,0.0005064850494158324,2.871264479394512,975,633,889,749,625
house-bills_m2_hetb,1.5,case_I,616,0,0.5023002858629506,0.0,0.0,0.0,0.00010743061772605194,0.0,976,1411,1321,1411,1411
house-bills_m2_hetb,1.5,case_I,617,20,0.03761516563706968,4460.3,10.0,0.0004305117957551316,0.0006781969320559612,9.623848343629303,84,461,621,517,200
house-bills_m2_hetb,1.5,case_I,618,20,0.10244131138007828,216.5,7.0,0.0003988940197643078,0.0005478123878947995,6.282910820339452,680,634,639,671,329
house-bills_m2_hetb,1.5,case_I,619,20,0.5239233948745965,1326.15,3.0,9.115903166284559e-05,0.0002954304411587663,1.4282298153762105,434,1015,979,1089,896
house-bills_m2_hetb,1.5,case_I,620,20,0.8560083046111611,590.15,12.0,0.0007176714424956483,0.0008093367997076874,1.7279003446660672,583,372,495,417,830
house-bills_m2_hetb,1.5,case_I,621,20,0.4326345607117319,160.45,3.0,3.301645810247686e-05,0.00030278722010063477,1.7020963178648043,718,1016,1122,1066,839
house-bills_m2_hetb,1.5,case_I,622,200,0.0037293622863878717,8139.08,19.0,0.0014746344101457744,0.0012395499257242132,18.92914211655863,20,173,295,190,54
house-bills_m2_hetb,1.5,case_I,623,20,0.2123031061951699,4239.35,4.0,5.497006945376037e-05,0.000342424013093678,3.1507875752193204,94,915,1060,998,592
house-bills_m2_hetb,1.5,case_I,624,20,0.7599704182197689,-267.15,6.0,9.307308686742935e-05,0.00044310479394837833,1.440177490681387,1337,711,976,828,893
house-bills_m2_hetb,1.5,case_I,625,20,0.15841798852977795,4069.95,14.0,0.0011525319789271083,0.0009078206619460229,11.782148160583109,100,287,359,339,138
house-bills_m2_hetb,1.5,case_I,626,20,0.1995763351554023,3101.35,13.0,0.001360841424826721,0.0009253102650132011,10.40550764297977,179,330,312,328,175
house-bills_m2_hetb,1.5,case_I,627,20,0.28553606420344835,2397.6,4.0,0.00021789634171442992,0.00039619506807605327,2.8578557431862066,255,916,800,901,627
house-bills_m2_hetb,1.5,case_I,628,20,0.6092833765614685,-1901.3,11.0,0.0005415526700726182,0.0007349756924267715,4.297882857823847,1471,410,570,470,472
house-bills_m2_hetb,1.5,case_I,629,20,0.8364055547707432,-725.25,16.0,0.0010096303620741147,0.0010412006057841886,2.617511123668109,1421,240,402,269,669
house-bills_m2_hetb,1.5,case_I,630,200,0.2188948374279186,12656.645,44.0,0.008819393553077448,0.0027342338057756883,34.36862715317158,9,17,27,18,11
house-bills_m2_hetb,1.5,case_I,631,20,0.5994678737814576,348.95,6.0,0.00019852395314984013,0.00045457208258555025,2.4031927573112544,649,712,819,819,704
house-bills_m2_hetb,1.5,case_I,632,20,0.5299406131466844,-202.9,8.0,0.0003064882506778931,0.0005660938204441686,3.760475094826525,1322,563,705,645,524
house-bills_m2_hetb,1.5,case_I,633,20,0.4448642064761482,396.35,3.0,2.870044020256314e-05,0.00027487027918129275,1.6654073805715552,643,1017,1139,1131,849
house-bills_m2_hetb,1.5,case_I,634,20,0.5804205236557797,2258.7,5.0,2.8719216377349212e-05,0.00038588063789811444,2.0978973817211015,271,833,1138,929,758
house-bills_m2_hetb,1.5,case_I,635,20,0.8141185235724825,0.0,4.0,3.0014396207566966e-05,0.00033127866844789324,0.74352590571007,977,917,1135,1015,1096
house-bills_m2_hetb,1.5,case_I,636,20,0.2174880566784605,0.0,1.0,0.0,0.00016903775123386133,0.7825119433215395,978,1289,1322,1335,1077
house-bills_m2_hetb,1.5,case_I,637,200,0.49723415087942624,1023.045,17.0,0.001389294086897746,0.0011161433421246123,8.547019435049753,486,208,308,240,242
house-bills_m2_hetb,1.5,case_I,638,20,0.09792056114612835,5033.1,12.0,0.0008162352344894568,0.0008096499787705933,10.82495326624646,49,373,466,416,162
house-bills_m2_hetb,1.5,case_I,639,20,0.5132375550687044,2679.1,11.0,0.0006552484679806555,0.00074437077576545,5.354386894244252,214,411,523,465,394
house-bills_m2_hetb,1.5,case_I,640,20,0.7910078573202679,-493.45,5.0,0.00011967706735217265,0.00038904506848379543,1.0449607133986605,1380,834,939,916,988
house-bills_m2_hetb,1.5,case_I,641,20,0.9985588906517041,0.0,15.0,0.0016732522153099273,0.0010097254213563948,0.02161664022443832,979,263,269,284,1369
house-bills_m2_hetb,1.5,case_I,642,0,0.4756930540857839,0.0,0.0,0.0,0.00010743061772605194,0.0,980,1412,1323,1412,1412
house-bills_m2_hetb,1.5,case_I,643,20,0.29660340069975666,2255.0,5.0,4.5072512547746776e-05,0.0003989375782958172,3.5169829965012167,272,835,1090,893,557
house-bills_m2_hetb,1.5,case_I,644,20,0.5795035819171939,556.8,4.0,0.0002533828643583506,0.0004057328066353799,1.6819856723312245,594,918,757,883,845
house-bills_m2_hetb,1.5,case_I,645,20,0.37175205481064844,216.5,3.0,0.00010544546999600628,0.0003026041966409859,1.8847438355680546,681,1018,955,1067,797
house-bills_m2_hetb,1.5,case_I,646,0,0.11700238911955996,0.0,0.0,0.0,0.00010743061772605194,0.0,981,1413,1324,1413,1413
house-bills_m2_hetb,1.5,case_I,647,20,0.5244985720304953,0.0,6.0,0.00046992085314965956,0.0005191285386246873,2.853008567817028,982,713,602,720,629
house-bills_m2_hetb,1.5,case_I,648,20,0.7991356910058783,1651.9,14.0,0.0037818014293232887,0.0010907419449975476,2.8121003259177035,367,288,112,249,634
house-bills_m2_hetb,1.5,case_I,649,20,0.8911272873731255,0.0,5.0,0.00018944277074631473,0.0004188319777698187,0.5443635631343724,983,836,828,866,1170
house-bills_m2_hetb,1.5,case_I,650,20,0.9781111877004136,0.0,6.0,0.0001952898424136519,0.00046832203892132956,0.13133287379751835,984,714,822,800,1341
house-bills_m2_hetb,1.5,case_I,651,20,0.367724622858563,1436.4,16.0,0.0021173398790143814,0.0010892750692781403,10.116406034262992,417,241,218,251,185
house-bills_m2_hetb,1.5,case_I,652,200,0.2516651775815243,3774.75,21.0,0.004060864729381975,0.0014844445522966031,15.71503127078799,122,138,101,126,81
house-bills_m2_hetb,1.5,case_I,653,0,0.11082077354630926,0.0,0.0,0.0,0.00010743061772605194,0.0,985,1414,1325,1414,1414
house-bills_m2_hetb,1.5,case_I,654,200,0.43623191729940924,827.59,17.0,0.002558725532725604,0.0011193387892621742,9.584057405910043,523,209,183,239,204
house-bills_m2_hetb,1.5,case_I,655,20,0.8070271602470545,0.0,5.0,0.00010477595111073962,0.00038355428884463076,0.9648641987647277,986,837,957,938,1015
house-bills_m2_hetb,1.5,case_I,656,20,0.23464478762451768,-619.95,12.0,0.0009273664579397505,0.0008294109911636486,9.184262548505789,1410,374,426,399,225
house-bills_m2_hetb,1.5,case_I,657,0,0.8495664980662655,0.0,0.0,0.0,0.00010743061772605194,0.0,987,1415,1326,1415,1415
house-bills_m2_hetb,1.5,case_I,658,20,0.7117370178186778,781.05,17.0,0.0014885140957537804,0.0011337739186219593,4.900470697082477,532,210,291,235,426
house-bills_m2_hetb,1.5,case_I,659,20,0.2009428205260435,951.9,3.0,3.211076097722961e-05,0.00027959920321339734,2.3971715384218695,497,1019,1126,1120,706
house-bills_m2_hetb,1.5,case_I,660,0,0.6317515391392956,0.0,0.0,0.0,0.00010743061772605194,0.0,988,1416,1327,1416,1416
house-bills_m2_hetb,1.5,case_I,661,20,0.8196921827935082,-943.65,12.0,0.0009744485076312906,0.0008275721964899366,2.1636938064779017,1434,375,412,400,745
house-bills_m2_hetb,1.5,case_I,662,200,0.9328703661209736,971.08,49.0,0.017172086246355776,0.003303371971456891,3.289352060072292,494,9,8,9,576
house-bills_m2_hetb,1.5,case_I,663,20,0.1622147636965876,3381.75,9.0,0.0010289765403525592,0.000676751238076586,7.540067126730712,153,511,397,520,277
house-bills_m2_hetb,1.5,case_I,664,200,0.8220151936558258,-390.885,39.0,0.010265170387562564,0.0025068944838673155,6.941407447422796,1359,31,20,31,303
house-bills_m2_hetb,1.5,case_I,665,20,0.775849087831725,0.0,1.0,0.0,0.0001743645645200476,0.22415091216827498,989,1290,1328,1313,1301
house-bills_m2_hetb,1.5,case_I,666,200,0.24372164064158708,5551.345,33.0,0.010185296866419993,0.002302380765257338,24.957185858827625,41,50,21,41,24
house-bills_m2_hetb,1.5,case_I,667,20,0.29458141066814314,1238.85,15.0,0.0009752715874508765,0.0009684896347458977,10.581278839977854,451,264,411,305,169
house-bills_m2_hetb,1.5,case_I,668,20,0.9570840322522522,0.0,7.0,0.00021574497266023396,0.0005172378166275825,0.30041177423423426,990,635,801,724,1264
house-bills_m2_hetb,1.5,case_I,669,20,0.3620160579603561,-455.9,14.0,0.0017266369711157353,0.000983657510476777,8.931775188555015,1372,289,266,296,227
house-bills_m2_hetb,1.5,case_I,670,200,0.28897610525044326,3169.31,20.0,0.0034766970911879135,0.00139921634235973,14.220477894991134,171,156,128,145,101
house-bills_m2_hetb,1.5,case_I,671,20,0.7200111192047169,1729.4,9.0,0.00035624152482286803,0.0006186748101461697,2.5198999271575477,344,512,663,587,686
house-bills_m2_hetb,1.5,case_I,672,20,0.13290601045995287,3274.7,14.0,0.0007870274983423148,0.000972883978609055,12.13931585356066,162,290,473,302,130
house-bills_m2_hetb,1.5,case_I,673,20,0.4831693166218948,2326.6,3.0,5.238176609598306e-05,0.0002861170983616499,1.5504920501343156,263,1020,1065,1106,871
house-bills_m2_hetb,1.5,case_I,674,20,0.3581331262376146,1599.7,1.0,0.0,0.00016748061109455535,0.6418668737623854,380,1291,1329,1345,1133
house-bills_m2_hetb,1.5,case_I,675,20,0.5439863429623552,-379.85,19.0,0.003613239803228569,0.0014740145431243559,8.664259483715252,1356,174,118,131,239
house-bills_m2_hetb,1.5,case_I,676,20,0.6032501438505057,0.0,2.0,2.4710853788331005e-05,0.00022351693971030918,0.7934997122989886,991,1154,1153,1243,1069
house-bills_m2_hetb,1.5,case_I,677,20,0.6401074539004775,0.0,3.0,2.4177714378199796e-05,0.0002840470872620985,1.0796776382985676,992,1021,1156,1111,980
house-bills_m2_hetb,1.5,case_I,678,0,0.4323990581888032,0.0,0.0,0.0,0.00010743061772605194,0.0,993,1417,1330,1417,1417
house-bills_m2_hetb,1.5,case_I,679,20,0.8869324087540136,312.1,14.0,0.001625747340607587,0.0009740542244969716,1.58294627744381,658,291,275,300,865
house-bills_m2_hetb,1.5,case_I,680,20,0.8356760923639591,0.0,3.0,3.088448651623406e-05,0.0002740581495372591,0.49297172290812263,994,1022,1132,1132,1192
house-bills_m2_hetb,1.5,case_I,681,20,0.9333577853920362,0.0,6.0,0.00014465379984910366,0.0005216972934159608,0.39985328764778294,995,715,886,713,1229
house-bills_m2_hetb,1.5,case_I,682,0,0.4459056416232484,0.0,0.0,0.0,0.00010743061772605194,0.0,996,1418,1331,1418,1418
house-bills_m2_hetb,1.5,case_I,683,200,0.7300859144743024,1704.305,26.0,0.005928211156820428,0.0018540135386142507,7.017766223668138,360,85,56,65,297
house-bills_m2_hetb,1.5,case_I,684,20,0.43069578678627296,561.85,3.0,4.0896920347786794e-05,0.00028903118027189824,1.7079126396411812,589,1023,1102,1100,837
house-bills_m2_hetb,1.5,case_I,685,20,0.27878275453064916,2033.65,11.0,0.0008318475142436601,0.0007841898212894653,7.933389700162859,296,412,461,435,262
house-bills_m2_hetb,1.5,case_I,686,20,0.6518864471172541,-1769.05,13.0,0.0017548769499421183,0.0009279055693618586,4.525476187475697,1466,331,259,325,454
house-bills_m2_hetb,1.5,case_I,687,20,0.9459871575106307,720.0,16.0,0.003858472343014253,0.001218031381873493,0.8642054798299093,556,242,108,199,1046
house-bills_m2_hetb,1.5,case_I,688,20,0.8043078809051966,0.0,5.0,0.00019668703130424505,0.00040587593437684,0.9784605954740172,997,838,821,882,1007
house-bills_m2_hetb,1.5,case_I,689,20,0.28520177437201744,298.1,5.0,0.0001652627114105983,0.0004109338174667199,3.573991128139913,660,839,860,872,550
house-bills_m2_hetb,1.5,case_I,690,20,0.22810575636153718,396.35,1.0,0.0,0.0001788140080149197,0.7718942436384628,644,1292,1332,1298,1081
house-bills_m2_hetb,1.5,case_I,691,20,0.771645461188267,0.0,2.0,2.3676519092804563e-05,0.00024203562174222347,0.4567090776234659,998,1155,1161,1190,1207
house-bills_m2_hetb,1.5,case_I,692,0,0.70512847943679,0.0,0.0,0.0,0.00010743061772605194,0.0,999,1419,1333,1419,1419
house-bills_m2_hetb,1.5,case_I,693,0,0.8636017462548002,0.0,0.0,0.0,0.00010743061772605194,0.0,1000,1420,1334,1420,1420
house-bills_m2_hetb,1.5,case_I,694,200,0.14636161095889433,-878.84,15.0,0.001556815822445939,0.0010225835504156114,12.804575835616586,1431,265,282,276,118
house-bills_m2_hetb,1.5,case_I,695,0,0.8616792361529133,0.0,0.0,0.0,0.00010743061772605194,0.0,1001,1421,1335,1421,1421
house-bills_m2_hetb,1.5,case_I,696,20,0.4326254526587491,160.45,1.0,0.0,0.00016219630028844388,0.5673745473412509,719,1293,1336,1372,1161
house-bills_m2_hetb,1.5,case_I,697,20,0.2733454783925543,0.0,3.0,0.00012735751061889909,0.0003147546225053545,2.179963564822337,1002,1024,921,1038,742
house-bills_m2_hetb,1.5,case_I,698,20,0.34324466249262875,0.0,2.0,3.0453368278618496e-05,0.0002464906460041377,1.3135106750147425,1003,1156,1133,1177,925
house-bills_m2_hetb,1.5,case_I,699,200,0.993503904012744,0.0,23.0,0.0023694337693324404,0.0015064981907810732,0.1494102077068875,1004,116,199,119,1334
house-bills_m2_hetb,1.5,case_I,700,20,0.9560321250196621,0.0,10.0,0.00039954393170133867,0.0006690066842971063,0.4396787498033794,1005,462,638,531,1214
house-bills_m2_hetb,1.5,case_I,701,20,0.08374603548012094,0.0,1.0,0.0,0.00019834477386227988,0.9162539645198791,1006,1294,1337,1262,1029
house-bills_m2_hetb,1.5,case_I,702,0,0.3151884677170894,0.0,0.0,0.0,0.00010743061772605194,0.0,1007,1422,1338,1422,1422
house-bills_m2_hetb,1.5,case_I,703,20,0.7195790246564682,735.6,2.0,3.4331244888023685e-05,0.00024144665736086494,0.5608419506870637,546,1157,1118,1193,1166
house-bills_m2_hetb,1.5,case_I,704,20,0.035325131608288984,-2020.7,4.0,0.00010185021495437926,0.00035158939418398626,3.858699473566844,1473,919,963,975,515
house-bills_m2_hetb,1.5,case_I,705,20,0.035923654437162944,3601.3,6.0,0.00017247168628115427,0.00045215094920242956,5.784458073377023,134,716,849,822,359
house-bills_m2_hetb,1.5,case_I,706,200,0.04489029342183237,3600.42,16.0,0.0020467164841902704,0.001136162065207559,15.281755305250682,135,243,226,234,88
house-bills_m2_hetb,1.5,case_I,707,20,0.8684448332578513,-204.0,13.0,0.0009049810832960026,0.000880314779156499,1.7102171676479334,1325,332,434,360,836
house-bills_m2_hetb,1.5,case_I,708,200,0.333732439660985,3757.005,26.0,0.004113558105122261,0.0016797428473175207,17.32295656881439,124,86,96,88,64
house-bills_m2_hetb,1.5,case_I,709,200,0.31873983277151186,1751.855,12.0,0.0015033709336551493,0.0008920510992172624,8.175122006741859,340,376,289,351,254
house-bills_m2_hetb,1.5,case_I,710,0,0.7933438210501507,0.0,0.0,0.0,0.00010743061772605194,0.0,1008,1423,1339,1423,1423
house-bills_m2_hetb,1.5,case_I,711,0,0.3185662914766022,0.0,0.0,0.0,0.00010743061772605194,0.0,1009,1424,1340,1424,1424
house-bills_m2_hetb,1.5,case_I,712,20,0.7384308555952237,1729.4,3.0,4.131272396728543e-05,0.0002780701047753908,0.7847074332143289,345,1025,1098,1122,1074
house-bills_m2_hetb,1.5,case_I,713,200,0.3693407284032201,897.08,9.0,0.0002749856766424458,0.0006405715160453568,5.67593344437102,512,513,740,563,370
house-bills_m2_hetb,1.5,case_I,714,0,0.29751931337916526,0.0,0.0,0.0,0.00010743061772605194,0.0,1010,1425,1341,1425,1425
house-bills_m2_hetb,1.5,case_I,715,200,0.3872265142953374,1158.58,13.0,0.0007499441221522965,0.0009027564183945922,7.966055314160614,463,333,483,343,260
house-bills_m2_hetb,1.5,case_I,716,20,0.16803724260680775,787.1,7.0,0.00021443795352620325,0.0005122619127054455,5.8237393017523456,530,636,802,736,355
house-bills_m2_hetb,1.5,case_I,717,20,0.07501114630738015,-2406.85,4.0,0.00012295691424659674,0.0003363748617720412,3.6999554147704794,1475,920,930,1007,537
house-bills_m2_hetb,1.5,case_I,718,20,0.8712014465037485,281.35,6.0,0.00020395203069024277,0.0004700660614296334,0.7727913209775088,667,717,814,797,1080
house-bills_m2_hetb,1.5,case_I,719,20,0.8683831797645515,-596.35,14.0,0.0011121870208153457,0.0009630956136072142,1.8426354832962792,1404,292,371,307,804
house-bills_m2_hetb,1.5,case_I,720,20,0.46082134286350085,1120.2,12.0,0.00117923735964413,0.0008444869362600777,6.47014388563799,470,377,349,393,322
house-bills_m2_hetb,1.5,case_I,721,200,0.6883762257244914,1239.505,14.0,0.0020980670440401933,0.0010169766076830362,4.36273283985712,450,293,222,281,467
house-bills_m2_hetb,1.5,case_I,722,20,0.862649616262373,2532.7,20.0,0.003913158833301143,0.0015307801622072078,2.7470076747525396,233,157,106,115,653
house-bills_m2_hetb,1.5,case_I,723,20,0.39072337589762884,1131.8,6.0,0.000138292103921469,0.00046148428888081246,3.655659744614227,468,718,897,811,543
house-bills_m2_hetb,1.5,case_I,724,20,0.7118103284257594,0.0,2.0,1.6408817557729865e-05,0.0002474261691285179,0.5763793431484812,1011,1158,1189,1173,1159
house-bills_m2_hetb,1.5,case_I,725,20,0.7547914201079906,957.65,12.0,0.0009860760506839375,0.0008233635794137368,2.9425029587041127,496,378,404,403,618
house-bills_m2_hetb,1.5,case_I,726,20,0.0780746100305868,1913.75,2.0,2.80314910377555e-06,0.00024395146376225658,1.8438507799388264,319,1159,1245,1184,803
house-bills_m2_hetb,1.5,case_I,727,20,0.1381620728272963,1733.45,6.0,0.00036419254764872904,0.0005160189440341659,5.171027563036223,342,719,655,729,409
house-bills_m2_hetb,1.5,case_I,728,20,0.7503299824856386,0.0,9.0,0.00048767980168464036,0.0007026826173938316,2.2470301576292524,1012,514,591,490,732
house-bills_m2_hetb,1.5,case_I,729,200,0.7056489373809989,713.705,24.0,0.005031917776092405,0.001622326887032645,7.064425502856027,557,107,74,98,295
house-bills_m2_hetb,1.5,case_I,730,20,0.18526748198019183,1478.1,7.0,0.00024107702073594586,0.0005095366526670806,5.703127626138658,408,637,774,741,366
house-bills_m2_hetb,1.5,case_I,731,20,0.8267319229556759,-313.6,13.0,0.001048954219185036,0.0008992174208442929,2.2524850015762135,1345,334,391,346,730
house-bills_m2_hetb,1.5,case_I,732,0,0.8009011709823957,0.0,0.0,0.0,0.00010743061772605194,0.0,1013,1426,1342,1426,1426
house-bills_m2_hetb,1.5,case_I,733,20,0.332743528625158,-596.35,1.0,0.0,0.0001691278156472259,0.667256471374842,1405,1295,1343,1334,1126
house-bills_m2_hetb,1.5,case_I,734,20,0.3402819990903042,0.0,2.0,8.73928480263857e-06,0.00022489995989182299,1.3194360018193916,1014,1160,1218,1237,923
house-bills_m2_hetb,1.5,case_I,735,20,0.11057199333425483,616.6,1.0,0.0,0.00016196662336432342,0.8894280066657452,572,1296,1344,1375,1039
house-bills_m2_hetb,1.5,case_I,736,20,0.4454831559739022,0.0,1.0,0.0,0.00017235106018955847,0.5545168440260978,1015,1297,1345,1323,1168
house-bills_m2_hetb,1.5,case_I,737,200,0.10976126007862752,5508.73,20.0,0.00531818787336159,0.001482416440254866,17.80477479842745,42,158,66,127,59
house-bills_m2_hetb,1.5,case_I,738,20,0.5434071419217806,0.0,1.0,0.0,0.0001922935336957089,0.45659285807821937,1016,1298,1346,1273,1208
house-bills_m2_hetb,1.5,case_I,739,20,0.6245833168710772,-1289.35,3.0,3.2220706453523386e-05,0.0002794214151091458,1.1262500493867686,1455,1026,1125,1121,965
house-bills_m2_hetb,1.5,case_I,740,20,0.5819411427086918,-1272.7,11.0,0.0008560601387041368,0.0007838585470418648,4.59864743020439,1453,413,452,436,448
house-bills_m2_hetb,1.5,case_I,741,200,0.07164854385164288,5571.445,19.0,0.006066402351832276,0.0016161103484546332,17.638677666818786,40,175,53,99,60
house-bills_m2_hetb,1.5,case_I,742,20,0.6216704469983908,-21.2,13.0,0.0007794055729296067,0.0009328319525960105,4.91828418902092,1282,335,475,321,424
house-bills_m2_hetb,1.5,case_I,743,200,0.7522149311552978,43.79,22.0,0.003018225575763471,0.0014574649290980302,5.451271514583448,780,125,153,137,388
house-bills_m2_hetb,1.5,case_I,744,20,0.1418532078034277,0.0,4.0,8.364082446025272e-05,0.0003444022774548578,3.4325871687862892,1017,921,995,992,564
house-bills_m2_hetb,1.5,case_I,745,20,0.5950767958664359,160.45,8.0,0.00029729845737960987,0.0005949221910973775,3.2393856330685127,720,564,715,606,580
house-bills_m2_hetb,1.5,case_I,746,20,0.8190554752387017,160.45,8.0,0.00017356537247938662,0.0005803573358201133,1.4475561980903864,721,565,847,625,890
house-bills_m2_hetb,1.5,case_I,747,20,0.1936194413797031,1942.8,17.0,0.0017548906821924749,0.0011466332932611155,13.708469496545048,315,211,258,230,108
house-bills_m2_hetb,1.5,case_I,748,20,0.9134149207965668,0.0,5.0,0.00010113990835359542,0.0004032660457154464,0.43292539601716584,1018,840,965,887,1218
house-bills_m2_hetb,1.5,case_I,749,20,0.9719140814140141,396.35,20.0,0.0018488193363631008,0.0013370713468026105,0.5617183717197172,645,159,246,163,1165
house-bills_m2_hetb,1.5,case_I,750,20,0.7116445561732289,1481.95,18.0,0.003644365500704622,0.0014959764083541727,5.19039798888188,407,193,115,122,407
house-bills_m2_hetb,1.5,case_I,751,20,0.8720357680246629,0.0,6.0,0.000171704876721026,0.0004813564066317535,0.7677853918520228,1019,720,850,780,1082
house-bills_m2_hetb,1.5,case_I,752,20,0.2717827135360652,-731.8,2.0,9.646449105768441e-05,0.0002704608078626471,1.4564345729278696,1425,1161,973,1139,886
house-bills_m2_hetb,1.5,case_I,753,20,0.6649683870363727,556.8,8.0,0.000566793852688848,0.0006063169725863217,2.680252903709018,595,566,557,594,663
house-bills_m2_hetb,1.5,case_I,754,0,0.9261442544579103,0.0,0.0,0.0,0.00010743061772605194,0.0,1020,1427,1347,1427,1427
house-bills_m2_hetb,1.5,case_I,755,20,0.044729020745856274,2064.35,13.0,0.000588271925857942,0.0008693153162468773,12.418522730303868,289,336,545,365,126
house-bills_m2_hetb,1.5,case_I,756,20,0.8208245363224256,0.0,1.0,0.0,0.00016426244305712707,0.17917546367757442,1021,1299,1348,1366,1318
house-bills_m2_hetb,1.5,case_I,757,20,0.2369231670586005,3671.1,14.0,0.0028896139950575148,0.0010880702620071627,10.683075661179593,131,294,165,253,165
house-bills_m2_hetb,1.5,case_I,758,20,0.8011131119296838,2013.75,5.0,7.50527032013325e-05,0.000387147360660647,0.9944344403515809,301,841,1019,925,1001
house-bills_m2_hetb,1.5,case_I,759,20,0.6424195402459892,1370.1,6.0,0.00019242692317655047,0.0004731470832697518,2.1454827585240643,427,721,827,794,748
house-bills_m2_hetb,1.5,case_I,760,200,0.8015446039715485,140.42,22.0,0.004597061670761095,0.001648255869675243,4.366018712625934,765,126,82,92,466
house-bills_m2_hetb,1.5,case_I,761,20,0.4009949802868912,-1104.1,6.0,0.00022689033900824342,0.00046372256639493927,3.5940301182786527,1444,722,793,806,549
house-bills_m2_hetb,1.5,case_I,762,20,0.4502160475125643,0.0,2.0,1.2518345089234238e-05,0.0002474846166767052,1.0995679049748714,1022,1162,1206,1172,974
house-bills_m2_hetb,1.5,case_I,763,20,0.9242973251731486,0.0,12.0,0.0011747555001028517,0.0008659295580952277,0.9084320979222174,1023,379,352,367,1031
house-bills_m2_hetb,1.5,case_I,764,20,0.07123370061253664,-167.7,3.0,5.302626519839557e-05,0.0002881023875637534,2.78629889816239,1319,1027,1063,1103,643
house-bills_m2_hetb,1.5,case_I,765,20,0.15620072680258767,-458.0,2.0,3.6984098635795126e-05,0.00022625488213544632,1.6875985463948247,1375,1163,1112,1233,844
house-bills_m2_hetb,1.5,case_I,766,20,0.9728324105112391,0.0,18.0,0.002496947101419698,0.0012112449437522233,0.48901661079769543,1024,194,186,202,1194
house-bills_m2_hetb,1.5,case_I,767,200,0.9132513066775165,-611.355,61.0,0.020873576505286474,0.003983552038495105,5.291670292671492,1409,4,5,3,401
house-bills_m2_hetb,1.5,case_I,768,20,0.14686805427228156,40.0,3.0,4.62307779973998e-05,0.00028501891873993824,2.559395837183155,789,1028,1086,1109,676
house-bills_m2_hetb,1.5,case_I,769,20,0.9734592170118911,0.0,18.0,0.0020736376564376904,0.0012063717974095424,0.47773409378596043,1025,195,224,203,1201
house-bills_m2_hetb,1.5,case_I,770,200,0.2654554315187777,3571.865,26.0,0.006515550688423007,0.0018448768821876813,19.09815878051178,137,87,48,68,50
house-bills_m2_hetb,1.5,case_I,771,20,0.892106866269302,0.0,1.0,0.0,0.00017228087012501438,0.10789313373069798,1026,1300,1349,1325,1349
house-bills_m2_hetb,1.5,case_I,772,20,0.9047752275802584,160.45,17.0,0.0036281075854980816,0.0012216173522922528,1.6188211311356069,722,212,116,198,853
house-bills_m2_hetb,1.5,case_I,773,20,0.02374579364467,0.0,2.0,1.819810644387055e-05,0.00023585174731408917,1.95250841271066,1027,1164,1180,1210,780
house-bills_m2_hetb,1.5,case_I,774,20,0.009711634968144423,2184.4,3.0,9.068154612603016e-05,0.00028789737031365947,2.970865095095567,276,1029,980,1104,612
house-bills_m2_hetb,1.5,case_I,775,200,0.32699486130282873,1642.575,23.0,0.002953371585212058,0.0014994481310011305,15.479118190034939,370,117,160,120,84
house-bills_m2_hetb,1.5,case_I,776,20,0.9311784773555225,0.0,16.0,0.0019121635827848886,0.001103702985629666,1.10114436231164,1028,244,238,245,972
house-bills_m2_hetb,1.5,case_I,777,20,0.7913436883497563,0.0,8.0,0.0005750966704955476,0.000616260329340335,1.6692504932019494,1029,567,551,589,848
house-bills_m2_hetb,1.5,case_I,778,20,0.38685097846012906,2550.25,6.0,0.0003586130022004019,0.0005001840519652998,3.6788941292392257,231,723,661,755,541
house-bills_m2_hetb,1.5,case_I,779,20,0.8580108138212066,160.45,5.0,0.0001849948298823782,0.00043908514522359983,0.7099459308939671,723,842,833,834,1106
house-bills_m2_hetb,1.5,case_I,780,200,0.30756183029200757,1568.345,20.0,0.0031841037041671367,0.0013290631037952967,13.84876339415985,388,160,143,167,106
house-bills_m2_hetb,1.5,case_I,781,200,0.3474174026041087,416.94,12.0,0.0007001561391921246,0.0008174617661640962,7.830991168750696,630,380,505,408,268
house-bills_m2_hetb,1.5,case_I,782,200,0.1904783218387498,3232.305,13.0,0.0008694091133711858,0.0008859255985565839,10.523781816096253,166,337,447,356,170
house-bills_m2_hetb,1.5,case_I,783,20,0.9595511044269075,0.0,7.0,0.00013379922243867456,0.0005079445395582142,0.2831422690116475,1030,638,909,746,1267
house-bills_m2_hetb,1.5,case_I,784,20,0.8036306332035066,0.0,4.0,0.000501136365739822,0.0004155258720496619,0.7854774671859737,1031,922,582,868,1073
house-bills_m2_hetb,1.5,case_I,785,0,0.4624248054107556,0.0,0.0,0.0,0.00010743061772605194,0.0,1032,1428,1350,1428,1428
house-bills_m2_hetb,1.5,case_I,786,20,0.2642765705883787,2181.6,14.0,0.0013969216454119298,0.001021414527451741,10.300128011762698,277,295,306,278,179
house-bills_m2_hetb,1.5,case_I,787,20,0.9659796005287031,1099.05,18.0,0.0034639464030399593,0.0012681233201949937,0.6123671904833436,471,196,129,182,1150
house-bills_m2_hetb,1.5,case_I,788,20,0.3968199655598801,534.4,7.0,0.0002909071739269133,0.0005401785175398178,4.222260241080839,597,639,724,680,477
house-bills_m2_hetb,1.5,case_I,789,20,0.21070556446684796,2131.9,8.0,0.0002044335351201514,0.0005617128950223776,6.314355484265216,281,568,813,651,328
house-bills_m2_hetb,1.5,case_I,790,20,0.4246563813836979,2378.0,10.0,0.00034772948375497804,0.0007171061332106753,5.753436186163022,257,463,667,485,360
house-bills_m2_hetb,1.5,case_I,791,20,0.7191217102511182,0.0,2.0,1.3080327831245767e-05,0.00022218430546339015,0.5617565794977637,1033,1165,1204,1247,1164
house-bills_m2_hetb,1.5,case_I,792,200,0.770684798983071,482.875,34.0,0.007391408789953879,0.0023430120188120645,7.796716834575587,612,44,40,38,270
house-bills_m2_hetb,1.5,case_I,793,200,0.10898555213649419,3666.23,17.0,0.0013508592014610616,0.001103610543127989,15.1472456136796,132,213,314,246,92
house-bills_m2_hetb,1.5,case_I,794,200,0.9459307675537619,-203.14,25.0,0.004519191835034107,0.001778166582813535,1.3517308111559516,1323,96,85,78,915
house-bills_m2_hetb,1.5,case_I,795,20,0.6745707526164916,-267.15,8.0,0.00022563292403281562,0.0005759172555247186,2.6034339790680674,1338,569,794,628,672
house-bills_m2_hetb,1.5,case_I,796,20,0.06249576206556828,3759.6,5.0,0.0001228457393989277,0.00040466894748628925,4.687521189672158,123,843,931,884,439
house-bills_m2_hetb,1.5,case_I,797,20,0.8374364376590171,-1607.7,8.0,0.00027596979198518624,0.0005722571871450163,1.3005084987278632,1461,570,738,635,928
house-bills_m2_hetb,1.5,case_I,798,20,0.9719037368942256,0.0,7.0,0.0004250016285619308,0.0005172531982764921,0.1966738417404208,1034,640,627,723,1310
house-bills_m2_hetb,1.5,case_I,799,20,0.8377476422704673,0.0,6.0,0.0003380513669444118,0.0004889969232903091,0.9735141463771964,1035,724,675,769,1010
house-bills_m2_hetb,1.5,case_I,800,200,0.009784879294458815,7921.265,21.0,0.0031585241232116312,0.0013857310290451234,20.794517534816364,23,139,145,152,35
house-bills_m2_hetb,1.5,case_I,801,20,0.4730889081790549,0.0,1.0,0.0,0.00018962366891814224,0.5269110918209451,1036,1301,1351,1276,1178
house-bills_m2_hetb,1.5,case_I,802,20,0.5891737739594198,160.45,8.0,0.00033071048611865814,0.0005972310338957975,3.2866098083246413,724,571,681,603,577
house-bills_m2_hetb,1.5,case_I,803,20,0.8879986937026283,668.0,7.0,0.00032228605755507884,0.000518919009878699,0.7840091440816019,562,641,690,721,1075
house-bills_m2_hetb,1.5,case_I,804,20,0.5027604854148191,-1050.45,11.0,0.0008772769491030982,0.000759385301212115,5.46963466043699,1440,414,443,455,387
house-bills_m2_hetb,1.5,case_I,805,20,0.07732381538240052,-413.0,10.0,0.0009805588763397931,0.0007699947666890626,9.226761846175995,1363,464,407,448,222
house-bills_m2_hetb,1.5,case_I,806,20,0.933525505036036,0.0,3.0,0.00017479899363133776,0.0003282340624164747,0.19942348489189188,1037,1030,845,1019,1308
house-bills_m2_hetb,1.5,case_I,807,20,0.9517357978163641,0.0,17.0,0.002986029945348819,0.0011936430177225009,0.8204914371218106,1038,214,156,209,1064
house-bills_m2_hetb,1.5,case_I,808,20,0.4861622150139764,0.0,2.0,1.0228228268574826e-05,0.0002509358339348065,1.0276755699720472,1039,1166,1211,1160,994
house-bills_m2_hetb,1.5,case_I,809,20,0.053442736483329756,2371.55,12.0,0.0005568685106890608,0.0008154818169516534,11.358687162200043,259,381,561,412,151
house-bills_m2_hetb,1.5,case_I,810,20,0.8388906791646739,298.1,11.0,0.0004257909554399969,0.000768000635694741,1.7722025291885877,661,415,625,452,818
house-bills_m2_hetb,1.5,case_I,811,20,0.7416726764410203,0.0,7.0,0.0002456232572814555,0.0005094599218831971,1.808291264912858,1040,642,768,742,809
house-bills_m2_hetb,1.5,case_I,812,20,0.9712340798009209,1279.75,20.0,0.0029630347569665153,0.0013707693355708298,0.5753184039815817,441,161,159,156,1160
house-bills_m2_hetb,1.5,case_I,813,200,0.0073136945373993845,6059.61,18.0,0.0014782638980158623,0.0011468309522537554,17.86835349832681,36,197,294,229,58
house-bills_m2_hetb,1.5,case_I,814,20,0.43549444952009686,1349.55,7.0,0.0002509227777191685,0.0005089211018109438,3.951538853359322,432,643,761,743,504
house-bills_m2_hetb,1.5,case_I,815,200,0.28380239863237033,2416.645,25.0,0.005776566337781536,0.0018008304439567618,17.90494003419074,246,97,59,75,57
house-bills_m2_hetb,1.5,case_I,816,200,0.1077050956833312,32.42,6.0,0.00017767455560150822,0.00046720476609811825,5.353769425900013,792,725,839,803,396
house-bills_m2_hetb,1.5,case_I,817,20,0.7351346026730965,0.0,6.0,0.001062106527567518,0.0005370836792974644,1.589192383961421,1041,726,386,687,863
house-bills_m2_hetb,1.5,case_I,818,20,0.34121491637706414,1599.7,3.0,2.4150754614777377e-05,0.000283980782806905,1.9763552508688076,381,1031,1157,1112,774
house-bills_m2_hetb,1.5,case_I,819,200,0.03896913912115796,14001.2,36.0,0.011066997338159924,0.0025639544110363337,34.59711099163832,6,42,17,27,10
house-bills_m2_hetb,1.5,case_I,820,200,0.13362680572640495,9406.485,37.0,0.008124670490375838,0.0023967326109420794,32.05580818812302,15,37,32,37,13
house-bills_m2_hetb,1.5,case_I,821,20,0.8060002972277002,-709.95,13.0,0.0013506484364897472,0.0009170889411608102,2.5219961360398977,1414,338,315,333,683
house-bills_m2_hetb,1.5,case_I,822,20,0.60587101798938,1350.7,5.0,0.0001833948121174675,0.0004025734213650489,1.9706449100530998,430,844,835,888,777
house-bills_m2_hetb,1.5,case_I,823,20,0.21505062517361473,163.55,5.0,8.948099357102875e-05,0.0003882308020898066,3.9247468741319262,697,845,982,923,509
house-bills_m2_hetb,1.5,case_I,824,20,0.6960422280017734,16.5,5.0,0.00010531895383798404,0.0003979327051701233,1.5197888599911331,796,846,956,898,875
house-bills_m2_hetb,1.5,case_I,825,200,0.13040479371277058,4854.005,23.0,0.0040698603604999274,0.001568896622297771,20.000689744606277,59,118,100,109,40
house-bills_m2_hetb,1.5,case_I,826,0,0.6731877575019788,0.0,0.0,0.0,0.00010743061772605194,0.0,1042,1429,1352,1429,1429
house-bills_m2_hetb,1.5,case_I,827,20,0.6550402554226945,722.45,5.0,3.266564505924914e-05,0.00039880278931544967,1.7247987228865274,555,847,1123,894,832
house-bills_m2_hetb,1.5,case_I,828,200,0.0055257315325957235,3493.085,15.0,0.0017467501416100306,0.0010741750938150249,14.917114027011063,146,266,261,258,96
house-bills_m2_hetb,1.5,case_I,829,20,0.5115154737487803,-2030.2,15.0,0.0021137853812970534,0.0011406600820305778,7.327267893768296,1474,267,219,232,283
house-bills_m2_hetb,1.5,case_I,830,20,0.7263154319326705,160.45,6.0,0.0001308382540079214,0.0004550531577714852,1.6421074084039773,725,727,914,817,850
house-bills_m2_hetb,1.5,case_I,831,20,0.7585337396231457,850.1,14.0,0.0022646287039179646,0.001058485357602265,3.3805276452759596,517,296,209,263,570
house-bills_m2_hetb,1.5,case_I,832,20,0.7057083392270682,-1796.9,7.0,0.0001929574758249025,0.0005299118016663895,2.0600416254105225,1468,644,826,697,764
house-bills_m2_hetb,1.5,case_I,833,20,0.8850456138709182,160.45,2.0,6.950151526859815e-06,0.0002483396993061862,0.22990877225816364,726,1167,1230,1168,1298
house-bills_m2_hetb,1.5,case_I,834,20,0.7562078404723139,534.4,8.0,0.001143686252298261,0.0006532791079196636,1.9503372762214886,598,572,361,551,781
house-bills_m2_hetb,1.5,case_I,835,20,0.9219899000274794,0.0,3.0,4.579496765297551e-05,0.00029500376920450354,0.23403029991756186,1043,1032,1088,1090,1295
house-bills_m2_hetb,1.5,case_I,836,20,0.414807003582114,42.0,5.0,0.00029745295382978954,0.0004560641496703773,2.9259649820894302,782,848,714,815,620
house-bills_m2_hetb,1.5,case_I,837,20,0.03416098666515466,4613.2,6.0,0.00018683913284234507,0.00045503477049179655,5.7950340800090725,74,728,831,818,357
house-bills_m2_hetb,1.5,case_I,838,20,0.1810034150072165,-1097.45,4.0,7.903522901877902e-05,0.00034673297550144903,3.275986339971134,1442,923,1007,980,578
house-bills_m2_hetb,1.5,case_I,839,20,0.28778228138605877,478.4,17.0,0.002728940458203292,0.0012329702814244422,12.107701216437,614,215,170,192,131
house-bills_m2_hetb,1.5,case_I,840,20,0.041791613803324745,1851.15,10.0,0.000930953772228246,0.000744165410790059,9.582083861966753,329,465,423,466,205
house-bills_m2_hetb,1.5,case_I,841,20,0.10815954185604848,160.45,2.0,9.691990426750873e-06,0.0002260524919123854,1.783680916287903,727,1168,1215,1234,814
house-bills_m2_hetb,1.5,case_I,842,200,0.5187791211329045,2797.145,25.0,0.006390827131630833,0.0017871333561838769,12.030521971677388,206,98,49,77,132
house-bills_m2_hetb,1.5,case_I,843,20,0.25248938313188884,160.45,1.0,0.0,0.00017194326880351203,0.7475106168681112,728,1302,1353,1327,1095
house-bills_m2_hetb,1.5,case_I,844,200,0.2855351348958012,1984.93,21.0,0.004229982417457626,0.0014296897685377623,15.003762167188174,308,140,94,138,95
house-bills_m2_hetb,1.5,case_I,845,0,0.7414695266286413,0.0,0.0,0.0,0.00010743061772605194,0.0,1044,1430,1354,1430,1430
house-bills_m2_hetb,1.5,case_I,846,20,0.854679634313597,10.3,13.0,0.001727868547410721,0.0009695234924255584,1.8891647539232397,797,339,265,304,795
house-bills_m2_hetb,1.5,case_I,847,20,0.8620398082340321,0.0,1.0,0.0,0.00016557008018762602,0.13796019176596785,1045,1303,1355,1354,1340
house-bills_m2_hetb,1.5,case_I,848,200,0.3706215974025555,1023.63,19.0,0.0066544207659719416,0.0014750932064797847,11.958189649351445,484,176,45,129,135
house-bills_m2_hetb,1.5,case_I,849,20,0.709630073307115,160.45,5.0,0.0002694076183282373,0.00047455377516633234,1.4518496334644249,729,849,744,790,888
house-bills_m2_hetb,1.5,case_I,850,20,0.8523046329128582,-596.35,7.0,0.0002412810015719525,0.0005115660396485826,1.0338675696099928,1406,645,773,739,992
house-bills_m2_hetb,1.5,case_I,851,20,0.1509575400611467,667.4,12.0,0.0018235163387705917,0.0009014794320093113,10.18850951926624,564,382,250,344,183
house-bills_m2_hetb,1.5,case_I,852,20,0.20055366747212444,3077.0,15.0,0.0021820904173098744,0.0011219249467560011,11.991694987918134,180,268,214,237,134
house-bills_m2_hetb,1.5,case_I,853,20,0.6479602930950665,0.0,2.0,1.8699820205018987e-05,0.00022394663334377563,0.7040794138098669,1046,1169,1179,1241,1108
house-bills_m2_hetb,1.5,case_I,854,20,0.26555035992042053,1729.4,2.0,9.192591514235623e-06,0.000228937170282631,1.468899280159159,346,1170,1217,1228,884
house-bills_m2_hetb,1.5,case_I,855,200,0.1926771538050761,1802.07,5.0,0.0001205642712134792,0.00039141124839947355,4.036614230974619,334,850,937,909,489
house-bills_m2_hetb,1.5,case_I,856,200,0.36752022732257306,743.89,9.0,0.0006290627981272833,0.0006602923404254408,5.6923179540968425,541,515,532,543,367
house-bills_m2_hetb,1.5,case_I,857,20,0.015983247172232207,-39.5,9.0,0.00046012999827995695,0.0006677724804273197,8.85615077544991,1287,516,608,535,231
house-bills_m2_hetb,1.5,case_I,858,20,0.4383192764607815,1642.15,7.0,0.00038228970470752265,0.0005608608621931493,3.9317650647745293,372,646,647,652,507
house-bills_m2_hetb,1.5,case_I,859,20,0.04726994221033787,4869.05,9.0,0.0012927385007979893,0.0007512225395806684,8.57457052010696,58,517,330,461,241
house-bills_m2_hetb,1.5,case_I,860,20,0.2447102483994975,1545.05,8.0,0.0007554517229208722,0.0006575920329011026,6.04231801280402,393,573,480,544,339
house-bills_m2_hetb,1.5,case_I,861,20,0.21754220086133835,3257.8,7.0,0.001919399261704548,0.0006524007268740766,5.477204593970631,164,647,236,553,386
house-bills_m2_hetb,1.5,case_I,862,200,0.32944523387845637,3008.665,17.0,0.0024755866780654698,0.001205738407013895,11.399431024066242,185,216,189,204,150
house-bills_m2_hetb,1.5,case_I,863,200,0.12538995648273654,2035.795,21.0,0.004690434482619452,0.0015169383379767473,18.366810913862533,293,141,79,118,56
house-bills_m2_hetb,1.5,case_I,864,20,0.47119641642445664,-66.95,7.0,0.00035787083106783243,0.0005437077183055804,3.7016250850288035,1293,648,662,674,536
house-bills_m2_hetb,1.5,case_I,865,20,0.6878566433246712,42.0,9.0,0.0007988648593047858,0.0006556604330583745,2.809290210077959,783,518,468,547,636
house-bills_m2_hetb,1.5,case_I,866,20,0.338928923504192,0.0,12.0,0.0008649780447666615,0.0008480615721450995,7.932852917949695,1047,383,448,389,263
house-bills_m2_hetb,1.5,case_I,867,20,0.9271932187857495,160.45,5.0,0.00025047059069205693,0.00043015961266691476,0.36403390607125274,730,851,762,848,1239
house-bills_m2_hetb,1.5,case_I,868,20,0.8597668788883609,-755.3,6.0,0.0003936285810803632,0.0005203419056456534,0.8413987266698346,1426,729,641,719,1058
house-bills_m2_hetb,1.5,case_I,869,0,0.3060151354329368,0.0,0.0,0.0,0.00010743061772605194,0.0,1048,1431,1356,1431,1431
house-bills_m2_hetb,1.5,case_I,870,200,0.03890040352214308,16468.96,39.0,0.009531394909917097,0.0026869785232883927,37.48288426263642,4,32,24,19,6
house-bills_m2_hetb,1.5,case_I,871,20,0.7681917007692237,0.0,1.0,0.0,0.00017452329244712806,0.23180829923077628,1049,1304,1357,1312,1296
house-bills_m2_hetb,1.5,case_I,872,20,0.24001231290508984,1510.25,7.0,0.0005545654416248889,0.0005781676355832589,5.319913809664371,403,649,562,627,397
house-bills_m2_hetb,1.5,case_I,873,200,0.3321610405787516,2130.63,12.0,0.0016593934232077931,0.0008604009597806249,8.01406751305498,282,384,271,376,258
house-bills_m2_hetb,1.5,case_I,874,0,0.5793352263468351,0.0,0.0,0.0,0.00010743061772605194,0.0,1050,1432,1358,1432,1432
house-bills_m2_hetb,1.5,case_I,875,20,0.998879676887163,0.0,5.0,0.00015519910260366115,0.0004096536651039043,0.005601615564185258,1051,852,870,875,1376
house-bills_m2_hetb,1.5,case_I,876,20,0.29967756661199185,2707.9,7.0,0.000422636369187088,0.000538823083962545,4.902257033716057,211,650,628,682,425
house-bills_m2_hetb,1.5,case_I,877,20,0.4685230029239946,-66.95,1.0,0.0,0.00016380186859809366,0.5314769970760054,1294,1305,1359,1368,1176
house-bills_m2_hetb,1.5,case_I,878,200,0.6274508828630837,820.42,28.0,0.005617500465482539,0.002071307861752323,10.431375279833656,526,73,61,53,174
house-bills_m2_hetb,1.5,case_I,879,20,0.6833723791568794,0.0,6.0,0.00042168179381411587,0.0004965846414292148,1.8997657250587234,1052,730,629,760,791
house-bills_m2_hetb,1.5,case_I,880,20,0.21216618344980043,2964.6,3.0,0.0001381839865723688,0.0003122747954960395,2.363501449650599,190,1033,898,1042,717
house-bills_m2_hetb,1.5,case_I,881,20,0.595321747502258,-437.75,5.0,0.0001095483080152685,0.00040017951512282695,2.02339126248871,1369,853,948,892,766
house-bills_m2_hetb,1.5,case_I,882,20,0.5441064429064965,0.0,1.0,0.0,0.00016489919969432486,0.45589355709350354,1053,1306,1360,1359,1209
house-bills_m2_hetb,1.5,case_I,883,20,0.6585798628076089,2022.0,4.0,0.00010291273717531917,0.00034615705233283125,1.3656805487695642,297,924,961,982,913
house-bills_m2_hetb,1.5,case_I,884,20,0.11499697503324902,-1046.55,4.0,9.711120994159677e-05,0.0003424779594943404,3.540012099867004,1439,925,971,997,555
house-bills_m2_hetb,1.5,case_I,885,20,0.12629451593687702,-153.2,14.0,0.0038667905599125045,0.0012043212736327958,12.231876776883722,1314,297,107,205,128
house-bills_m2_hetb,1.5,case_I,886,20,0.9755274904159574,73.25,14.0,0.002173837348911642,0.0010640404397590285,0.34261513417659595,773,298,215,262,1251
house-bills_m2_hetb,1.5,case_I,887,20,0.8213015645453736,0.0,1.0,0.0,0.00017414920094424948,0.17869843545462638,1054,1307,1361,1315,1319
house-bills_m2_hetb,1.5,case_I,888,20,0.8275573150954998,0.0,6.0,0.0007900376356081675,0.000532312374284272,1.0346561094270013,1055,731,472,694,990
house-bills_m2_hetb,1.5,case_I,889,20,0.9341044081009071,0.0,3.0,7.903500752950847e-05,0.00030039736109321044,0.19768677569727866,1056,1034,1008,1074,1309
house-bills_m2_hetb,1.5,case_I,890,20,0.9606477600179142,0.0,8.0,0.0003600243823459291,0.0005830478449318322,0.3148179198566865,1057,574,660,621,1262
house-bills_m2_hetb,1.5,case_I,891,0,0.39348753209993237,0.0,0.0,0.0,0.00010743061772605194,0.0,1058,1433,1362,1433,1433
house-bills_m2_hetb,1.5,case_I,892,20,0.7540671762368577,0.0,12.0,0.0014714421873376173,0.0009237259570823718,2.9511938851577075,1059,385,296,329,617
house-bills_m2_hetb,1.5,case_I,893,20,0.6416200925555191,2819.3,12.0,0.0014592249706549343,0.0009071340189781713,4.300558889333771,204,386,298,340,471
house-bills_m2_hetb,1.5,case_I,894,20,0.5598502694613712,160.45,4.0,5.0190759770163666e-05,0.00033808945187949256,1.7605989221545153,731,926,1072,1004,820
house-bills_m2_hetb,1.5,case_I,895,20,0.6793483833215337,216.5,10.0,0.0007276994071217567,0.0007943807225617561,3.206516166784663,682,466,490,430,585
house-bills_m2_hetb,1.5,case_I,896,20,0.3194334511245228,492.4,7.0,0.000490427414336384,0.000542705094941831,4.76396584212834,608,651,588,677,434
house-bills_m2_hetb,1.5,case_I,897,20,0.8621787179353753,0.0,7.0,0.0002815955730821141,0.000526615892935653,0.9647489744523732,1060,652,734,701,1016
house-bills_m2_hetb,1.5,case_I,898,20,0.4070223282075782,-15.15,16.0,0.003561923026861334,0.0012978807131939943,9.487642748678748,1281,245,121,170,209
house-bills_m2_hetb,1.5,case_I,899,20,0.14817868771045173,1360.35,11.0,0.0004171046727929408,0.0007594940363203828,9.370034435185032,429,416,631,454,215
house-bills_m2_hetb,1.5,case_I,900,20,0.010980851013860038,1519.05,1.0,0.0,0.00016209743221159292,0.98901914898614,400,1308,1363,1374,1003
house-bills_m2_hetb,1.5,case_I,901,20,0.6391893320658769,1206.75,6.0,0.0004000960275915269,0.0005122221132245342,2.1648640076047387,458,732,637,737,744
house-bills_m2_hetb,1.5,case_I,902,20,0.23163168896492548,1912.0,12.0,0.0007478682326932073,0.0008192176851226252,9.220419732420893,320,387,484,406,223
house-bills_m2_hetb,1.5,case_I,903,20,0.9560655599081945,0.0,6.0,0.00043058465216229923,0.0005540351406220646,0.2636066405508328,1061,733,620,663,1278
house-bills_m2_hetb,1.5,case_I,904,20,0.19500445741210803,1599.7,2.0,1.2974047334033235e-05,0.00023096904632158478,1.609991085175784,382,1171,1205,1224,856
house-bills_m2_hetb,1.5,case_I,905,20,0.3161794080516598,0.0,1.0,0.0,0.00017039465716712284,0.6838205919483402,1062,1309,1364,1330,1118
house-bills_m2_hetb,1.5,case_I,906,20,0.9841316837334273,0.0,1.0,0.0,0.00017641654617737136,0.015868316266572702,1063,1310,1365,1301,1372
house-bills_m2_hetb,1.5,case_I,907,0,0.5198546202904285,0.0,0.0,0.0,0.00010743061772605194,0.0,1064,1434,1366,1434,1434
house-bills_m2_hetb,1.5,case_I,908,0,0.9220245989560005,0.0,0.0,0.0,0.00010743061772605194,0.0,1065,1435,1367,1435,1435
house-bills_m2_hetb,1.5,case_I,909,20,0.781437673828669,3725.65,17.0,0.0014884391634742368,0.0011937154167531356,3.715559544912627,126,217,292,208,531
house-bills_m2_hetb,1.5,case_I,910,20,0.11896569346946495,2572.95,13.0,0.002119820855246014,0.0009899799607196384,11.453445984896955,228,340,217,294,147
house-bills_m2_hetb,1.5,case_I,911,200,0.2159834369804282,3839.025,29.0,0.005336083832881582,0.0019496899419539637,22.73648032756758,115,66,65,59,30
house-bills_m2_hetb,1.5,case_I,912,20,0.3871775574072005,2133.3,3.0,4.9997874896488646e-05,0.0002913567359083903,1.8384673277783985,280,1035,1074,1096,805
house-bills_m2_hetb,1.5,case_I,913,20,0.8809562507227594,1729.4,7.0,0.0004587798091597422,0.0005665463931728268,0.8333062449406842,347,653,610,643,1060
house-bills_m2_hetb,1.5,case_I,914,20,0.3339882823452316,1261.2,5.0,7.450443239132202e-05,0.000388742045465569,3.3300585882738423,444,854,1020,919,575
house-bills_m2_hetb,1.5,case_I,915,200,0.46308203855432406,3030.83,29.0,0.006807736706905086,0.0020967129955861653,15.570620881924603,183,67,44,50,82
house-bills_m2_hetb,1.5,case_I,916,20,0.48076548201932423,-379.85,9.0,0.001369881871121212,0.0007207840143108831,4.673110661826082,1357,519,310,480,441
house-bills_m2_hetb,1.5,case_I,917,20,0.3247552471025198,2969.8,2.0,2.198121194685891e-05,0.00023447830493078303,1.3504895057949604,189,1172,1170,1212,916
house-bills_m2_hetb,1.5,case_I,918,20,0.7864852844832143,415.4,7.0,0.00047782295224956174,0.000550066775051881,1.4946030086174997,631,654,598,668,880
house-bills_m2_hetb,1.5,case_I,919,20,0.05482672756618123,2597.25,6.0,0.0001564502008435445,0.0005172064391207189,5.671039634602913,222,734,869,725,371
house-bills_m2_hetb,1.5,case_I,920,20,0.22591016124709584,1061.4,11.0,0.0018727503581044023,0.0008463389577410922,8.514988226281945,480,417,242,392,243
house-bills_m2_hetb,1.5,case_I,921,20,0.8250852070925885,-66.95,14.0,0.00234773137077323,0.0010924909468760587,2.4488071007037613,1295,299,202,248,696
house-bills_m2_hetb,1.5,case_I,922,20,0.6163417034041984,0.0,1.0,0.0,0.00016928321940154695,0.38365829659580164,1066,1311,1368,1333,1234
house-bills_m2_hetb,1.5,case_I,923,20,0.51182482978383,3590.9,17.0,0.0032836492876321738,0.0013816734981902225,8.29897789367489,136,218,136,153,250
house-bills_m2_hetb,1.5,case_I,924,20,0.36950796376287187,0.0,1.0,0.0,0.00016679055739886873,0.6304920362371281,1067,1312,1369,1349,1139
house-bills_m2_hetb,1.5,case_I,925,20,0.13013957679285992,4311.0,13.0,0.0008102142691233991,0.0008619672166641307,11.30818550169282,93,341,467,374,152
house-bills_m2_hetb,1.5,case_I,926,20,0.45678430920336455,0.0,2.0,8.060954573950463e-05,0.00029123706591530193,1.086431381593271,1068,1173,1003,1097,978
house-bills_m2_hetb,1.5,case_I,927,20,0.9870944758123702,0.0,10.0,0.00040471120548118386,0.0007252714214938715,0.12905524187629802,1069,467,636,476,1343
house-bills_m2_hetb,1.5,case_I,928,20,0.5950884747622851,1586.1,6.0,0.00048782163560631296,0.0005021897812998506,2.4294691514262894,384,735,590,752,700
house-bills_m2_hetb,1.5,case_I,929,20,0.5765793507415918,1994.0,5.0,0.00013791899964555134,0.00043681221145418507,2.1171032462920407,303,855,899,837,756
house-bills_m2_hetb,1.5,case_I,930,0,0.9901185849563509,0.0,0.0,0.0,0.00010743061772605194,0.0,1070,1436,1370,1436,1436
house-bills_m2_hetb,1.5,case_I,931,20,0.8854033802553948,-66.95,8.0,0.0006087934555511853,0.0006242337800680256,0.9167729579568418,1296,575,540,582,1027
house-bills_m2_hetb,1.5,case_I,932,20,0.9991993182784583,0.0,11.0,0.001094489409954879,0.0007967741600165239,0.008807498936958535,1071,418,378,428,1375
house-bills_m2_hetb,1.5,case_I,933,20,0.9536333395616265,0.0,3.0,6.554932873081337e-05,0.00029987555197563773,0.13909998131512036,1072,1036,1039,1078,1338
house-bills_m2_hetb,1.5,case_I,934,200,0.6674968517385982,1645.77,22.0,0.0024961643875103497,0.0014743448040225782,7.31506926175084,368,127,187,130,286
house-bills_m2_hetb,1.5,case_I,935,20,0.30531219366045614,489.85,5.0,0.00015699416434559018,0.00042063231055086963,3.473439031697719,609,856,868,862,562
house-bills_m2_hetb,1.5,case_I,936,20,0.6281431780271564,983.6,15.0,0.002111252520340419,0.001105523417521638,5.5778523295926545,492,269,220,244,378
house-bills_m2_hetb,1.5,case_I,937,200,0.3482098358137734,4876.385,27.0,0.005043294616236983,0.0018906509374020258,17.598334433028118,57,79,73,64,62
house-bills_m2_hetb,1.5,case_I,938,20,0.810769530791913,0.0,1.0,0.0,0.0001627626125405258,0.18923046920808695,1073,1313,1371,1371,1314
house-bills_m2_hetb,1.5,case_I,939,20,0.13730046107575478,4425.75,13.0,0.001514098273213772,0.000979181415999823,11.215094006015187,89,342,287,298,154
house-bills_m2_hetb,1.5,case_I,940,20,0.46254633347853047,944.35,7.0,0.0004747438632596245,0.0005575113316877731,3.762175665650287,500,655,599,657,523
house-bills_m2_hetb,1.5,case_I,941,20,0.8407760221468864,-709.95,7.0,0.00032940611676316015,0.0005577066404095981,1.1145678449717953,1415,656,682,655,967
house-bills_m2_hetb,1.5,case_I,942,0,0.4545120864552048,0.0,0.0,0.0,0.00010743061772605194,0.0,1074,1437,1372,1437,1437
house-bills_m2_hetb,1.5,case_I,943,20,0.6010178494198809,-709.95,7.0,0.0005445994830486779,0.0005952498104624922,2.7928750540608336,1416,657,569,605,641
house-bills_m2_hetb,1.5,case_I,944,200,0.09828293798468302,1097.09,6.0,0.00023966667445264784,0.0004738181994226225,5.410302372091902,472,736,776,791,392
house-bills_m2_hetb,1.5,case_I,945,20,0.28510498345644497,854.9,1.0,0.0,0.00016516299244779216,0.714895016543555,516,1314,1373,1355,1105
house-bills_m2_hetb,1.5,case_I,946,20,0.954485228687717,1729.4,11.0,0.0011617803871176683,0.0008125562513874941,0.5006624844351129,348,419,354,414,1190
house-bills_m2_hetb,1.5,case_I,947,20,0.6569395453324917,753.9,5.0,0.00038002192973239554,0.00043318335605172225,1.7153022733375418,538,857,648,843,833
house-bills_m2_hetb,1.5,case_I,948,20,0.36493916872495114,987.65,20.0,0.0034246902822940824,0.0014769587167333962,12.701216625500978,491,162,130,128,120
house-bills_m2_hetb,1.5,case_I,949,200,0.5168811759658247,2283.76,20.0,0.003039999660144361,0.0014911950429397668,9.662376480683506,268,163,151,124,199
house-bills_m2_hetb,1.5,case_I,950,20,0.7748685781334842,0.0,3.0,0.00012643223297970012,0.00036204704026232776,0.6753942655995474,1075,1037,924,963,1123
house-bills_m2_hetb,1.5,case_I,951,200,0.7874703499468639,29.83,22.0,0.004030444735618726,0.0016348127248247814,4.675652301168993,794,128,102,97,440
house-bills_m2_hetb,1.5,case_I,952,20,0.8279679389790622,0.0,2.0,1.7144840128778506e-06,0.00022451851003815298,0.34406412204187564,1076,1174,1247,1238,1249
house-bills_m2_hetb,1.5,case_I,953,20,0.28964267879754757,-163.35,3.0,5.139171159282667e-05,0.0002878273141194329,2.1310719636073574,1315,1038,1068,1105,753
house-bills_m2_hetb,1.5,case_I,954,20,0.2383059387980907,160.45,2.0,1.4981604088120143e-05,0.0002306870790971007,1.5233881224038186,732,1175,1197,1225,873
house-bills_m2_hetb,1.5,case_I,955,20,0.6385084824992602,0.0,1.0,0.0,0.00016654653403437185,0.3614915175007398,1077,1315,1374,1350,1240
house-bills_m2_hetb,1.5,case_I,956,20,0.5272006473755549,593.45,3.0,6.221170913107627e-05,0.00029879787978067545,1.4183980578733353,576,1039,1049,1079,899
house-bills_m2_hetb,1.5,case_I,957,20,0.5648867514980614,3144.35,8.0,0.0008196707730956476,0.0006852925980885416,3.4809059880155084,174,576,464,506,561
house-bills_m2_hetb,1.5,case_I,958,20,0.21461491820405376,42.55,4.0,0.0001400892919003839,0.00038919377563123407,3.141540327183785,781,927,894,915,595
house-bills_m2_hetb,1.5,case_I,959,20,0.31862412816540064,0.0,2.0,9.83888298996983e-06,0.00022658894757931697,1.3627517436691987,1078,1176,1212,1231,914
house-bills_m2_hetb,1.5,case_I,960,20,0.7520531805662839,2585.2,11.0,0.0008480707050701598,0.0008254854092165491,2.727415013770877,224,420,454,402,655
house-bills_m2_hetb,1.5,case_I,961,20,0.3583232572055379,160.45,6.0,0.00025350404162475355,0.000471775269001948,3.8500604567667724,733,737,756,795,517
house-bills_m2_hetb,1.5,case_I,962,20,0.7574855506164321,0.0,1.0,0.0,0.00016765225281087864,0.24251444938356792,1079,1316,1375,1343,1292
house-bills_m2_hetb,1.5,case_I,963,20,0.046644662826228145,-727.6,13.0,0.0009619038605297035,0.0009054164716143434,12.393619383259034,1424,343,415,342,127
house-bills_m2_hetb,1.5,case_I,964,20,0.9508661797045698,0.0,10.0,0.00115871394417088,0.0007838222560307114,0.4913382029543023,1080,468,356,437,1193
house-bills_m2_hetb,1.5,case_I,965,20,0.20807303868888805,3403.65,17.0,0.0026506357410348096,0.001274766991103808,13.462758342288904,151,219,174,178,112
house-bills_m2_hetb,1.5,case_I,966,20,0.4782076330508558,1450.8,13.0,0.0018398888208397213,0.0009833526373897118,6.783300770338875,413,344,249,297,313
house-bills_m2_hetb,1.5,case_I,967,20,0.9208852532322118,0.0,6.0,0.001094210900832288,0.0005382963897639394,0.4746884806067291,1081,738,380,684,1202
house-bills_m2_hetb,1.5,case_I,968,20,0.2534796826385556,-163.35,9.0,0.0007020525095694238,0.0007323399711954621,6.718682856252999,1316,520,504,472,315
house-bills_m2_hetb,1.5,case_I,969,200,0.22738427258263005,1556.855,13.0,0.0018933784445467276,0.0010434141245437955,10.04400445642581,390,345,241,268,188
house-bills_m2_hetb,1.5,case_I,970,20,0.9856407059323568,0.0,6.0,0.00034558744732150233,0.0005575418840149325,0.08615576440585948,1082,739,670,656,1356
house-bills_m2_hetb,1.5,case_I,971,20,0.9044301672206757,216.5,7.0,0.00028614142463450324,0.0005563571166697531,0.66898882945527,683,658,730,660,1124
house-bills_m2_hetb,1.5,case_I,972,20,0.5322461972191177,3419.2,7.0,0.0006341959692967788,0.000591075705368549,3.274276619466176,149,659,531,609,579
house-bills_m2_hetb,1.5,case_I,973,200,0.06102194505896941,3342.79,10.0,0.0010152347618278409,0.0008044426389050259,9.389780549410306,157,469,399,424,212
house-bills_m2_hetb,1.5,case_I,974,20,0.6046687082088471,2342.3,15.0,0.0022545648029931894,0.0011604950831360567,5.929969376867294,262,270,211,223,343
house-bills_m2_hetb,1.5,case_I,975,20,0.25157818757670636,5043.15,11.0,0.0009431899892085173,0.0007761784036824636,8.23263993665623,48,421,419,443,253
house-bills_m2_hetb,1.5,case_I,976,0,0.21401047590498223,0.0,0.0,0.0,0.00010743061772605194,0.0,1083,1438,1376,1438,1438
house-bills_m2_hetb,1.5,case_I,977,0,0.9321430366726655,0.0,0.0,0.0,0.00010743061772605194,0.0,1084,1439,1377,1439,1439
house-bills_m2_hetb,1.5,case_I,978,200,0.6194232422172982,1585.435,27.0,0.004810498161116588,0.0018521507159967668,10.275572460132949,385,80,76,66,181
house-bills_m2_hetb,1.5,case_I,979,20,0.4440395249769181,-709.95,2.0,1.0669609047485243e-05,0.00022560852804796326,1.1119209500461638,1417,1177,1209,1236,969
house-bills_m2_hetb,1.5,case_I,980,20,0.06265885858566367,1544.75,20.0,0.003588567248231448,0.0014574706420393017,18.746822828286728,394,164,119,136,55
house-bills_m2_hetb,1.5,case_I,981,200,0.37162139860301047,1461.49,15.0,0.0030282063413182856,0.0011654951748734264,9.425679020954844,410,271,152,218,211
house-bills_m2_hetb,1.5,case_I,982,20,0.863983149761172,0.0,3.0,0.00012664789548481046,0.0003242449789759063,0.4080505507164841,1085,1040,923,1023,1227
house-bills_m2_hetb,1.5,case_I,983,20,0.30267628262469704,2361.75,8.0,0.0003550532378386906,0.0006392402409184492,5.578589739002424,260,577,664,566,377
house-bills_m2_hetb,1.5,case_I,984,0,0.3227942730688419,0.0,0.0,0.0,0.00010743061772605194,0.0,1086,1440,1378,1440,1440
house-bills_m2_hetb,1.5,case_I,985,20,0.6068560668114126,1718.25,3.0,6.785094952437206e-05,0.0003057315820882239,1.1794317995657622,359,1041,1031,1055,955
house-bills_m2_hetb,1.5,case_I,986,20,0.2521406786205266,668.0,3.0,6.231440917933374e-05,0.00030578917457019955,2.2435779641384204,563,1042,1048,1054,734
house-bills_m2_hetb,1.5,case_I,987,20,0.5569347628095851,368.85,7.0,0.00023090515942719215,0.000532698451242002,3.1014566603329046,648,660,791,693,601
house-bills_m2_hetb,1.5,case_I,988,20,0.7686825338221793,4448.75,7.0,0.0006989618308159544,0.0005833018984335181,1.6192222632447448,87,661,506,620,852
house-bills_m2_hetb,1.5,case_I,989,20,0.28667377665442717,445.4,3.0,5.2989378973681596e-05,0.0002972862669656949,2.1399786700367187,623,1043,1064,1083,750
house-bills_m2_hetb,1.5,case_I,990,20,0.4727508707947953,4468.6,10.0,0.0008334183322307831,0.0008084252661336298,5.272491292052047,83,470,458,418,402
house-bills_m2_hetb,1.5,case_I,991,20,0.5762673366342947,2753.1,7.0,0.0009689474534567071,0.0006374956129326689,2.9661286435599368,208,662,413,568,613
house-bills_m2_hetb,1.5,case_I,992,20,0.36333139144527404,4665.25,2.0,3.798804285399433e-05,0.0002379002734280745,1.273337217109452,71,1178,1108,1204,933
house-bills_m2_hetb,1.5,case_I,993,0,0.2236183745546042,0.0,0.0,0.0,0.00010743061772605194,0.0,1087,1441,1379,1441,1441
house-bills_m2_hetb,1.5,case_I,994,200,0.11440186701749833,5981.49,26.0,0.008002873305088852,0.001994355349008877,23.025551457545042,37,88,33,57,29
house-bills_m2_hetb,1.5,case_I,995,20,0.5654837920917276,2573.45,14.0,0.002582304339702128,0.0010898087735290779,6.083226910715814,226,300,180,250,338
house-bills_m2_hetb,1.5,case_I,996,20,0.937429217870874,0.0,3.0,8.444773615033183e-05,0.00030853928793653977,0.1877123463873781,1088,1044,992,1049,1315
house-bills_m2_hetb,1.5,case_I,997,20,0.01876620250744898,4051.2,6.0,0.00029413729379490505,0.0004888548477709085,5.887402784955306,101,740,719,771,347
house-bills_m2_hetb,1.5,case_I,998,20,0.8656634618701456,0.0,3.0,6.677577162575595e-05,0.0003023630366025058,0.40300961438956306,1089,1045,1035,1070,1228
house-bills_m2_hetb,1.5,case_I,999,20,0.9624731102430444,0.0,3.0,7.229150427395283e-05,0.00029152148340509415,0.11258066927086685,1090,1046,1025,1095,1348
house-bills_m2_hetb,1.5,case_I,1000,0,0.5423265014841474,0.0,0.0,0.0,0.00010743061772605194,0.0,1091,1442,1380,1442,1442
house-bills_m2_hetb,1.5,case_I,1001,20,0.9678834584478819,0.0,6.0,0.00022421260253471166,0.000494403156894604,0.19269924931270843,1092,741,795,763,1311
house-bills_m2_hetb,1.5,case_I,1002,20,0.7047824365175038,0.0,3.0,7.413387026697336e-05,0.0003302310515980318,0.8856526904474885,1093,1047,1021,1017,1040
house-bills_m2_hetb,1.5,case_I,1003,20,0.5452252080293496,0.0,2.0,4.1889187547813425e-05,0.00024778168069768824,0.9095495839413008,1094,1179,1095,1171,1030
house-bills_m2_hetb,1.5,case_I,1004,20,0.4636750178949943,575.15,9.0,0.0007764552249263269,0.0007096681012655013,4.826924838945051,586,521,476,487,430
house-bills_m2_hetb,1.5,case_I,1005,20,0.46639900693368985,216.5,6.0,0.0005324000534205823,0.0005257285994314476,3.201605958397861,684,742,573,702,587
house-bills_m2_hetb,1.5,case_I,1006,20,0.6819967270741285,2213.55,7.0,0.0005844566196325498,0.0005932417297997126,2.2260229104811007,273,663,548,608,737
house-bills_m2_hetb,1.5,case_I,1007,20,0.2345053687759503,0.0,3.0,4.91280927042908e-05,0.0003096864404602723,2.296483893672149,1095,1048,1076,1047,724
house-bills_m2_hetb,1.5,case_I,1008,20,0.7154011245036019,0.0,1.0,0.0,0.00016756901291635262,0.28459887549639806,1096,1317,1381,1344,1266
house-bills_m2_hetb,1.5,case_I,1009,20,0.49098973702747406,-230.3,2.0,1.8001130835610286e-05,0.00023770093116484763,1.0180205259450519,1330,1180,1181,1205,995
house-bills_m2_hetb,1.5,case_I,1010,20,0.6746622185381884,0.0,4.0,0.0002861524973570522,0.00040701443479421954,1.3013511258472463,1097,928,729,879,927
house-bills_m2_hetb,1.5,case_I,1011,20,0.9408617504122403,636.85,6.0,0.0001478291544679899,0.0004622245216383846,0.35482949752655824,569,743,880,809,1244
house-bills_m2_hetb,1.5,case_I,1012,20,0.23345368179203074,0.0,1.0,0.0,0.00019107457367810297,0.7665463182079693,1098,1318,1382,1274,1085
house-bills_m2_hetb,1.5,case_I,1013,20,0.4032255184610195,0.0,4.0,0.00014094336746197243,0.00034933110297268185,2.387097926155922,1099,929,891,978,711
house-bills_m2_hetb,1.5,case_I,1014,200,0.27516012897522324,4605.57,24.0,0.005279590348506307,0.0017020805914702516,17.39615690459464,75,108,68,84,63
house-bills_m2_hetb,1.5,case_I,1015,20,0.05267641471713158,0.0,1.0,0.0,0.00017490408713282963,0.9473235852828684,1100,1319,1383,1310,1022
house-bills_m2_hetb,1.5,case_I,1016,200,0.6220897071828432,201.01,31.0,0.007293211326029857,0.0023251203687621714,11.715219077331861,693,55,41,40,139
house-bills_m2_hetb,1.5,case_I,1017,20,0.628520015007522,1984.35,10.0,0.0005457367968321425,0.0007687213295901665,3.7147998499247805,309,471,568,450,532
house-bills_m2_hetb,1.5,case_I,1018,20,0.9994108501412067,0.0,9.0,0.001114094796702522,0.0006939109439418499,0.005302348729139927,1101,522,369,499,1377
house-bills_m2_hetb,1.5,case_I,1019,20,0.6010269037381571,-78.65,6.0,0.0002427077269071643,0.00047501199700293963,2.3938385775710573,1304,744,772,788,707
house-bills_m2_hetb,1.5,case_I,1020,20,0.3961064626087849,2419.7,4.0,0.00012359303791938396,0.00034648223107403855,2.4155741495648604,243,930,929,981,702
house-bills_m2_hetb,1.5,case_I,1021,20,0.9011587193387256,0.0,17.0,0.0014584161197841075,0.0011635759886884818,1.6803017712416648,1102,220,300,220,846
house-bills_m2_hetb,1.5,case_I,1022,200,0.015384321194436668,3174.98,9.0,0.0007519220612434693,0.0007016138331291706,8.86154110925007,170,523,482,491,230
house-bills_m2_hetb,1.5,case_I,1023,20,0.3027069692435673,292.55,10.0,0.0011569086424015002,0.0008512372809620719,6.972930307564327,663,472,357,387,299
house-bills_m2_hetb,1.5,case_I,1024,20,0.7519290472142671,0.0,4.0,8.353587671597015e-05,0.0003850801096945361,0.9922838111429315,1103,931,996,931,1002
house-bills_m2_hetb,1.5,case_I,1025,20,0.16148701352167416,3931.2,2.0,2.3632022597888882e-05,0.0002392976473803037,1.6770259729566517,105,1181,1162,1200,847
house-bills_m2_hetb,1.5,case_I,1026,20,0.3612359751794584,2397.2,5.0,0.00016448442378946137,0.00042054351477504844,3.193820124102708,256,858,862,863,590
house-bills_m2_hetb,1.5,case_I,1027,20,0.8490636365580233,0.0,5.0,0.00016131950382684102,0.0004424539260583824,0.7546818172098835,1104,859,866,829,1088
house-bills_m2_hetb,1.5,case_I,1028,20,0.34467464934512926,-667.95,6.0,0.0003260200364214319,0.0005372838792058933,3.9319521039292242,1411,745,687,685,506
house-bills_m2_hetb,1.5,case_I,1029,20,0.24296070893438404,160.45,2.0,2.59108913870172e-06,0.00023198898995100816,1.514078582131232,734,1182,1246,1222,876
house-bills_m2_hetb,1.5,case_I,1030,20,0.8905882682808496,0.0,6.0,0.0006853393744575881,0.0005682185518718813,0.6564703903149025,1105,746,513,640,1129
house-bills_m2_hetb,1.5,case_I,1031,20,0.07741720527461937,160.45,1.0,0.0,0.00016219014974283826,0.9225827947253806,735,1320,1384,1373,1026
house-bills_m2_hetb,1.5,case_I,1032,20,0.856691807280719,0.0,6.0,0.00016970189292311974,0.0005153142940409004,0.8598491563156858,1106,747,853,730,1048
house-bills_m2_hetb,1.5,case_I,1033,20,0.3153846173974736,943.3,6.0,0.0002639433988612731,0.00049856852961202,4.107692295615158,501,748,749,757,485
house-bills_m2_hetb,1.5,case_I,1034,20,0.2077847171545707,-30.15,12.0,0.0019740389935405437,0.0009278790073280847,9.506583394145151,1286,388,232,326,207
house-bills_m2_hetb,1.5,case_I,1035,0,0.4878787630597822,0.0,0.0,0.0,0.00010743061772605194,0.0,1107,1443,1385,1443,1443
house-bills_m2_hetb,1.5,case_I,1036,20,0.4834181147525649,-22.1,4.0,6.356550892954364e-05,0.00036310938566863106,2.0663275409897404,1283,932,1045,962,763
house-bills_m2_hetb,1.5,case_I,1037,20,0.9646969872568616,-3381.3,5.0,0.0011760944630205942,0.0004853053536745328,0.17651506371569203,1489,860,351,775,1322
house-bills_m2_hetb,1.5,case_I,1038,20,0.7525046995401022,-3056.05,7.0,0.0010408595901705185,0.0006009782405138062,1.7324671032192844,1483,664,394,599,826
house-bills_m2_hetb,1.5,case_I,1039,20,0.4601224335495554,1858.65,3.0,7.284981072815783e-05,0.00030307432573938953,1.619632699351334,325,1049,1023,1064,851
house-bills_m2_hetb,1.5,case_I,1040,20,0.559448179377736,-726.95,10.0,0.0013938103464528652,0.0008084252524040464,4.40551820622264,1423,473,307,419,463
house-bills_m2_hetb,1.5,case_I,1041,20,0.31836826713065125,458.95,17.0,0.003047860026769255,0.001323947578016045,11.587739458778929,617,221,150,169,142
house-bills_m2_hetb,1.5,case_I,1042,20,0.9827215923343974,0.0,11.0,0.0010111291050979168,0.0009098302907306719,0.19006248432162887,1108,422,401,338,1313
house-bills_m2_hetb,1.5,case_I,1043,0,0.3859388031179065,0.0,0.0,0.0,0.00010743061772605194,0.0,1109,1444,1386,1444,1444
house-bills_m2_hetb,1.5,case_I,1044,20,0.8856894269797009,0.0,3.0,8.575122913343908e-05,0.0003810201527431256,0.34293171906089737,1110,1050,988,941,1250
house-bills_m2_hetb,1.5,case_I,1045,20,0.6560771856866561,-147.65,19.0,0.0031839405211668845,0.0014711815847620294,6.534533471953535,1313,177,144,134,320
house-bills_m2_hetb,1.5,case_I,1046,20,0.9161440724365804,0.0,4.0,0.00029890610470366527,0.00041203833457359646,0.33542371025367856,1111,933,712,871,1254
house-bills_m2_hetb,1.5,case_I,1047,20,0.35456766068046186,0.0,1.0,0.0,0.0001804577427710315,0.6454323393195381,1112,1321,1387,1290,1132
house-bills_m2_hetb,1.5,case_I,1048,20,0.4166964266045845,-439.25,9.0,0.0011300967629384478,0.0007252883084024745,5.2497321605587395,1370,524,366,475,404
house-bills_m2_hetb,1.5,case_I,1049,0,0.36932696309575497,0.0,0.0,0.0,0.00010743061772605194,0.0,1113,1445,1388,1445,1445
house-bills_m2_hetb,1.5,case_I,1050,20,0.8270428182013859,-1811.75,3.0,4.579745928034669e-05,0.0002967441959663408,0.5188715453958422,1469,1051,1087,1085,1182
house-bills_m2_hetb,1.5,case_I,1051,20,0.9531227652913029,0.0,9.0,0.0012046235814599643,0.0007768524877362561,0.4218951123782738,1114,525,346,442,1222
house-bills_m2_hetb,1.5,case_I,1052,20,0.8245693322036489,575.15,4.0,0.00010671190708710751,0.0003716334714124284,0.7017226711854043,587,934,952,950,1109
house-bills_m2_hetb,1.5,case_I,1053,20,0.4514212725251594,914.8,4.0,5.319417880894799e-05,0.0003547845627097628,2.1943149098993624,503,935,1062,971,738
house-bills_m2_hetb,1.5,case_I,1054,20,0.8290967274280593,0.0,9.0,0.0007580809323478116,0.0007563474888195439,1.5381294531474663,1115,526,479,457,872
house-bills_m2_hetb,1.5,case_I,1055,20,0.7301863689728796,904.5,3.0,6.690881127759675e-05,0.0003026029853990955,0.8094408930813612,510,1052,1034,1068,1066
house-bills_m2_hetb,1.5,case_I,1056,20,0.5191332376501886,0.0,1.0,0.0,0.00017324460149699823,0.4808667623498114,1116,1322,1389,1321,1198
house-bills_m2_hetb,1.5,case_I,1057,20,0.1834950095969402,2304.55,1.0,0.0,0.00016720445043104018,0.8165049904030598,264,1323,1390,1346,1065
house-bills_m2_hetb,1.5,case_I,1058,20,0.23787093344647192,43.95,1.0,0.0,0.00017077365411734545,0.7621290665535281,779,1324,1391,1329,1086
house-bills_m2_hetb,1.5,case_I,1059,20,0.7037642552418423,-3012.95,8.0,0.00039335838749560327,0.0006053111651914784,2.369885958065262,1482,578,642,595,715
house-bills_m2_hetb,1.5,case_I,1060,20,0.19873940697533266,832.25,12.0,0.001789333656103142,0.0009220234486921908,9.615127116296009,522,389,253,330,202
house-bills_m2_hetb,1.5,case_I,1061,20,0.5603459846190683,160.45,4.0,0.00016250696605552982,0.0003843665331387375,1.758616061523727,736,936,864,935,821
house-bills_m2_hetb,1.5,case_I,1062,20,0.8041887075195945,1070.2,6.0,0.00016948988711392539,0.0004901960147223886,1.1748677548824331,474,749,854,766,956
house-bills_m2_hetb,1.5,case_I,1063,20,0.6538980773741612,160.45,5.0,0.00012874301484595127,0.0004773183766885021,1.7305096131291942,737,861,919,785,827
house-bills_m2_hetb,1.5,case_I,1064,20,0.6097557171857994,593.45,2.0,4.758198236664181e-05,0.00024558573739119703,0.7804885656284013,577,1183,1083,1178,1078
house-bills_m2_hetb,1.5,case_I,1065,20,0.25773336337177877,-549.5,2.0,3.6513304438460804e-05,0.00022650223255069076,1.4845332732564425,1388,1184,1115,1232,882
house-bills_m2_hetb,1.5,case_I,1066,20,0.11993596861316602,4551.7,8.0,0.0005526273195494605,0.0006760683567731646,7.040512251094672,78,579,563,524,296
house-bills_m2_hetb,1.5,case_I,1067,20,0.03390984974676814,1945.9,4.0,0.00023347184985715453,0.00038648455517082693,3.8643606010129274,313,937,787,928,513
house-bills_m2_hetb,1.5,case_I,1068,20,0.04634009356838287,3979.3,6.0,0.0001933000035272757,0.0004900319234827143,5.721959438589703,103,750,824,767,364
house-bills_m2_hetb,1.5,case_I,1069,20,0.23176246053087213,160.45,3.0,0.00010643937582851718,0.00034301309338256836,2.3047126184073834,738,1053,953,995,723
house-bills_m2_hetb,1.5,case_I,1070,20,0.5576826791052716,2773.5,6.0,0.0012302413985455247,0.0006001203606431336,2.6539039253683705,207,751,339,600,666
house-bills_m2_hetb,1.5,case_I,1071,20,0.42368026115931967,2618.05,15.0,0.003484321160273693,0.0011790328369222346,8.644796082610204,219,272,126,213,240
house-bills_m2_hetb,1.5,case_I,1072,20,0.20409893083653274,820.75,5.0,0.0001023488956514675,0.00043876201577291334,3.979505345817336,525,862,962,835,497
house-bills_m2_hetb,1.5,case_I,1073,20,0.3026871386777993,2022.0,1.0,0.0,0.0001749779670640741,0.6973128613222007,298,1325,1392,1309,1111
house-bills_m2_hetb,1.5,case_I,1074,200,0.4612512907545262,453.1,11.0,0.001336814716599003,0.0009131302374754866,5.926235801700212,619,423,317,335,344
house-bills_m2_hetb,1.5,case_I,1075,20,0.798942229904156,0.0,3.0,0.00019312721875086117,0.0003559848509654557,0.6031733102875321,1117,1054,825,970,1151
house-bills_m2_hetb,1.5,case_I,1076,20,0.6559291488966292,-458.0,7.0,0.0006402105071361819,0.000644292360198394,2.4084959577235954,1376,665,528,559,703
house-bills_m2_hetb,1.5,case_I,1077,20,0.04090553084403159,-139.25,13.0,0.0014834830447137503,0.001022554114785531,12.46822809902759,1312,346,293,277,125
house-bills_m2_hetb,1.5,case_I,1078,20,0.4815189960665327,4948.45,14.0,0.0029472060733809744,0.0011073462408104165,7.258734055068542,54,301,161,242,290
house-bills_m2_hetb,1.5,case_I,1079,200,0.18599714086190788,3554.165,21.0,0.003523148483094302,0.0015305967386566594,17.094060041899933,141,142,123,116,68
house-bills_m2_hetb,1.5,case_I,1080,20,0.8548328677142727,160.45,5.0,0.0003373572793001642,0.0004806759343325053,0.7258356614286365,739,863,676,782,1104
house-bills_m2_hetb,1.5,case_I,1081,20,0.8849042337673497,2567.35,19.0,0.003240312523749936,0.0013377282436977836,2.186819558420355,230,178,139,162,739
house-bills_m2_hetb,1.5,case_I,1082,20,0.5546647111131409,1642.35,21.0,0.004310521494048426,0.0015369691211342734,9.352041066624041,371,143,89,113,216
house-bills_m2_hetb,1.5,case_I,1083,20,0.7364080424825971,255.7,14.0,0.0020050924726886378,0.0010511833775242766,3.690287405243641,672,302,228,265,540
house-bills_m2_hetb,1.5,case_I,1084,20,0.686781002516244,1729.4,4.0,6.395285426842366e-05,0.0003508199958301613,1.2528759899350241,349,938,1042,976,937
house-bills_m2_hetb,1.5,case_I,1085,20,0.8168348678564569,666.4,11.0,0.0011604037888652565,0.0008583610027429611,2.0148164535789745,566,424,355,378,768
house-bills_m2_hetb,1.5,case_I,1086,20,0.2788157443291197,1203.8,2.0,1.578207210325101e-05,0.00024982873479099845,1.4423685113417606,459,1185,1194,1161,892
house-bills_m2_hetb,1.5,case_I,1087,200,0.2292883141352593,858.46,12.0,0.0022118511756793486,0.0009195240818858998,9.24854023037689,515,390,213,331,220
house-bills_m2_hetb,1.5,case_I,1088,20,0.7463090556139563,-2.9,1.0,0.0,0.00016127239178239083,0.25369094438604367,1280,1326,1393,1378,1284
house-bills_m2_hetb,1.5,case_I,1089,20,0.9590819260938425,0.0,3.0,9.32378090457798e-06,0.0002903926833349715,0.12275422171847261,1118,1055,1216,1099,1344
house-bills_m2_hetb,1.5,case_I,1090,20,0.2298178228373562,3927.4,4.0,0.0006908126079288629,0.00041044670786852743,3.0807287086505752,107,939,509,874,602
house-bills_m2_hetb,1.5,case_I,1091,20,0.5677739835398896,1256.65,7.0,0.0005216876907271952,0.0006014498677919031,3.0255821152207725,445,666,577,598,607
house-bills_m2_hetb,1.5,case_I,1092,20,0.5442195125318621,835.85,4.0,0.00018124277293920848,0.00038413471395464525,1.8231219498725517,521,940,837,936,807
house-bills_m2_hetb,1.5,case_I,1093,20,0.37355822339510825,0.0,3.0,0.00022075183277976958,0.00032416386007383174,1.8793253298146753,1119,1056,798,1024,799
house-bills_m2_hetb,1.5,case_I,1094,20,0.7502377867354061,2413.0,4.0,0.00013668114613396,0.00040452986659035984,0.9990488530583757,249,941,903,885,1000
house-bills_m2_hetb,1.5,case_I,1095,20,0.13176634767583828,712.7,11.0,0.0013069288577762781,0.0008891977144150418,9.55057017556578,559,425,326,354,206
house-bills_m2_hetb,1.5,case_I,1096,20,0.3717770738280922,-804.95,5.0,0.00017381421712796058,0.00043861400517379275,3.141114630859539,1428,864,846,836,596
house-bills_m2_hetb,1.5,case_I,1097,0,0.43106722859240665,0.0,0.0,0.0,0.00010743061772605194,0.0,1120,1446,1394,1446,1446
house-bills_m2_hetb,1.5,case_I,1098,20,0.9529997793113488,0.0,6.0,0.0005260365606805261,0.0005171828111048761,0.28200132413190704,1121,752,575,726,1268
house-bills_m2_hetb,1.5,case_I,1099,20,0.6843037903798886,216.5,2.0,2.8648549463002472e-05,0.00024264161770210294,0.6313924192402227,685,1186,1141,1188,1138
house-bills_m2_hetb,1.5,case_I,1100,200,0.7109588786233508,527.59,16.0,0.0026115989006639186,0.0012475005229380704,4.624657942026387,599,246,178,188,444
house-bills_m2_hetb,1.5,case_I,1101,20,0.9997911436030891,0.0,12.0,0.0012680440376954447,0.0009861210125808098,0.0025062767629311367,1122,391,333,295,1378
house-bills_m2_hetb,1.5,case_I,1102,20,0.22677870502962583,3674.1,11.0,0.002006050264833031,0.0008801387221318648,8.505434244674117,130,426,227,361,244
house-bills_m2_hetb,1.5,case_I,1103,20,0.6035266324041912,2044.2,14.0,0.0018636296350345383,0.0011405021590640669,5.550627146341323,292,303,244,233,380
house-bills_m2_hetb,1.5,case_I,1104,20,0.10766169576238527,2265.4,6.0,0.00023618469498843948,0.0005102560571226012,5.354029825425688,270,753,784,740,395
house-bills_m2_hetb,1.5,case_I,1105,20,0.1624966741586189,0.0,3.0,5.107813896062518e-05,0.0003370720126380912,2.512509977524143,1123,1057,1071,1006,687
house-bills_m2_hetb,1.5,case_I,1106,20,0.6961278409738247,1601.5,10.0,0.001177584812694242,0.0008255913720339678,3.0387215902617526,379,474,350,401,606
house-bills_m2_hetb,1.5,case_I,1107,20,0.8259834276770187,1992.2,2.0,8.060148685100455e-05,0.0003245555889047861,0.3480331446459626,304,1187,1004,1022,1247
house-bills_m2_hetb,1.5,case_I,1108,20,0.6357975895967353,0.0,1.0,0.0,0.00021600872450359894,0.36420241040326473,1124,1327,1395,1253,1238
house-bills_m2_hetb,1.5,case_I,1109,20,0.5797828945619068,-45.35,6.0,0.00044578884911455576,0.0005515944436516249,2.5213026326285592,1291,754,615,664,684
house-bills_m2_hetb,1.5,case_I,1110,20,0.790630726295852,3137.1,19.0,0.00318414842220893,0.0014941780171327686,3.978016200378813,175,179,142,123,498
house-bills_m2_hetb,1.5,case_I,1111,20,0.9562374211517235,0.0,6.0,0.00027586720075679916,0.0005321345612410403,0.262575473089659,1125,755,739,695,1280
house-bills_m2_hetb,1.5,case_I,1112,20,0.9255221732521834,62.65,8.0,0.0006884835792930342,0.0006807196878540227,0.5958226139825324,776,580,510,515,1153
house-bills_m2_hetb,1.5,case_I,1113,20,0.8087770068293173,0.0,1.0,0.0,0.00017017561668442285,0.1912229931706827,1126,1328,1396,1331,1312
house-bills_m2_hetb,1.5,case_I,1114,200,0.43211790449718324,838.055,9.0,0.000626441548628533,0.0006809350413817697,5.110938859525351,520,527,533,513,411
house-bills_m2_hetb,1.5,case_I,1115,20,0.7663340080029579,313.05,2.0,7.077450652589287e-06,0.0002486617920505397,0.46733198399408415,656,1188,1228,1166,1203
house-bills_m2_hetb,1.5,case_I,1116,20,0.23383231231873414,-203.55,4.0,0.0001294944256017797,0.0003806048511885166,3.0646707507250635,1324,942,918,942,603
house-bills_m2_hetb,1.5,case_I,1117,20,0.904048678156823,217.15,8.0,0.0012398088008438767,0.0007780006724266343,0.767610574745416,674,581,336,441,1083
house-bills_m2_hetb,1.5,case_I,1118,20,0.2797343041595618,160.45,3.0,5.8398486827898685e-05,0.000315963890773771,2.1607970875213147,740,1058,1052,1037,746
house-bills_m2_hetb,1.5,case_I,1119,20,0.9803847111856009,0.0,3.0,4.6984548300495545e-05,0.0003679267192857261,0.05884586644319734,1127,1059,1085,957,1363
house-bills_m2_hetb,1.5,case_I,1120,20,0.3016832549624413,216.5,2.0,8.706322880154716e-06,0.00024879228607180325,1.3966334900751174,686,1189,1219,1165,904
house-bills_m2_hetb,1.5,case_I,1121,20,0.2640832767535498,3246.05,10.0,0.0011134613823984877,0.0008651747941857582,7.359167232464502,165,475,370,370,282
house-bills_m2_hetb,1.5,case_I,1122,0,0.33632744203837084,0.0,0.0,0.0,0.00010743061772605194,0.0,1128,1447,1397,1447,1447
house-bills_m2_hetb,1.5,case_I,1123,20,0.48514189513888084,2413.0,7.0,0.0003114295647344729,0.0006149518416533536,3.604006734027834,250,667,698,590,547
house-bills_m2_hetb,1.5,case_I,1124,0,0.20020064347059952,0.0,0.0,0.0,0.00010743061772605194,0.0,1129,1448,1398,1448,1448
house-bills_m2_hetb,1.5,case_I,1125,200,0.2637231920312685,5398.51,27.0,0.006367141638511901,0.0019990091888825398,19.87947381515575,43,81,50,55,41
house-bills_m2_hetb,1.5,case_I,1126,20,0.8842365683840808,0.0,6.0,0.000439958380907562,0.0005435367236004563,0.6945805896955151,1130,756,617,676,1114
house-bills_m2_hetb,1.5,case_I,1127,20,0.9313198157180763,440.4,6.0,0.00025301847492477787,0.00048153397549349883,0.4120811056915421,625,757,758,779,1226
house-bills_m2_hetb,1.5,case_I,1128,20,0.15537988261243885,4345.4,6.0,0.00032605504099998163,0.0005370844403845168,5.067720704325367,92,758,686,686,414
house-bills_m2_hetb,1.5,case_I,1129,20,0.44135122642601954,1638.15,4.0,0.000199692133097962,0.00038998681474214163,2.234595094295922,374,943,815,912,736
house-bills_m2_hetb,1.5,case_I,1130,20,0.4198464085418141,996.3,3.0,8.560132180280388e-05,0.0003217276467023636,1.7404607743745577,488,1060,990,1027,824
house-bills_m2_hetb,1.5,case_I,1131,20,0.8282891159533825,-1146.1,11.0,0.0013299367178235277,0.000941271005296352,1.8888197245127925,1448,427,318,315,796
house-bills_m2_hetb,1.5,case_I,1132,20,0.6604139492479763,1729.4,2.0,8.631578416948143e-06,0.00024063094196945478,0.6791721015040475,350,1190,1220,1194,1121
house-bills_m2_hetb,1.5,case_I,1133,20,0.40804167563976634,-3000.0,3.0,0.00014560815425051607,0.00033380321113799123,1.7758749730807009,1481,1061,884,1012,816
house-bills_m2_hetb,1.5,case_I,1134,20,0.788695792970943,0.0,10.0,0.0006420847831171205,0.0007606876004296067,2.1130420702905695,1131,476,526,453,757
house-bills_m2_hetb,1.5,case_I,1135,20,0.6051509888335281,0.0,3.0,8.67173632909201e-05,0.00031091222764532067,1.1845470334994155,1132,1062,986,1043,953
house-bills_m2_hetb,1.5,case_I,1136,20,0.20936109624633992,0.0,3.0,0.00012675125507059882,0.00032861244995891354,2.3719167112609805,1133,1063,922,1018,714
house-bills_m2_hetb,1.5,case_I,1137,20,0.7926281560532956,0.0,1.0,0.0,0.00016779153347354359,0.20737184394670438,1134,1329,1399,1341,1306
house-bills_m2_hetb,1.5,case_I,1138,200,0.46563751648228835,1139.925,2.0,3.711572735278854e-05,0.00023304546328545536,1.0687249670354233,465,1191,1111,1215,982
house-bills_m2_hetb,1.5,case_I,1139,0,0.8869505002259676,0.0,0.0,0.0,0.00010743061772605194,0.0,1135,1449,1400,1449,1449
house-bills_m2_hetb,1.5,case_I,1140,20,0.6652286902850271,93.5,12.0,0.0016489011835379565,0.0009372701964868048,4.017255716579675,772,392,272,317,492
house-bills_m2_hetb,1.5,case_I,1141,20,0.15114610711820997,1834.5,3.0,4.3679468575728606e-05,0.0003043122576547715,2.54656167864537,331,1064,1094,1058,678
house-bills_m2_hetb,1.5,case_I,1142,20,0.7566756965413822,-549.5,7.0,0.0004304141995696701,0.0005822527075274566,1.7032701242103245,1389,668,622,623,838
house-bills_m2_hetb,1.5,case_I,1143,20,0.5812057528556136,-565.0,10.0,0.0013229397003531166,0.0008892797141629554,4.187942471443864,1395,477,322,353,480
house-bills_m2_hetb,1.5,case_I,1144,20,0.5415794581404321,1681.45,8.0,0.001099535068341864,0.0006904174822462047,3.6673643348765435,363,582,377,502,542
house-bills_m2_hetb,1.5,case_I,1145,20,0.41973755475915164,-457.2,7.0,0.0010612596503816794,0.0006233290069252845,4.061837116685939,1373,669,388,583,488
house-bills_m2_hetb,1.5,case_I,1146,20,0.66289024476234,266.35,11.0,0.0008893851884885145,0.000886166377277458,3.7082073076142597,669,428,439,355,534
house-bills_m2_hetb,1.5,case_I,1147,20,0.06328978822527409,433.65,3.0,9.761909143941233e-05,0.0003207184658185314,2.8101306353241777,627,1065,970,1029,635
house-bills_m2_hetb,1.5,case_I,1148,0,0.5038335624770842,0.0,0.0,0.0,0.00010743061772605194,0.0,1136,1450,1401,1450,1450
house-bills_m2_hetb,1.5,case_I,1149,20,0.935506718815235,0.0,8.0,0.0006730419663106596,0.0006606613928310591,0.5159462494781204,1137,583,517,541,1183
house-bills_m2_hetb,1.5,case_I,1150,20,0.20486713721755923,-2725.25,5.0,0.0003286094775866615,0.0004679410429670825,3.975664313912204,1480,865,683,801,499
house-bills_m2_hetb,1.5,case_I,1151,20,0.13701339389061706,1606.8,6.0,0.00016051667753261438,0.0004883108725667572,5.177919636656298,378,759,867,772,408
house-bills_m2_hetb,1.5,case_I,1152,20,0.4105203445189851,160.45,4.0,0.00016469654114871426,0.0003870342991816332,2.3579186219240595,741,944,861,927,718
house-bills_m2_hetb,1.5,case_I,1153,20,0.5195104419443821,431.5,6.0,0.0004591278501602372,0.0005143885123542188,2.8829373483337073,628,760,609,733,624
house-bills_m2_hetb,1.5,case_I,1154,20,0.3765258345746637,729.3,16.0,0.002813524436809776,0.0012311695909345338,9.97558664680538,553,247,167,193,193
house-bills_m2_hetb,1.5,case_I,1155,20,0.4839410295657812,593.45,11.0,0.0009801151602597152,0.0009343594291562489,5.6766486747764064,578,429,408,319,369
house-bills_m2_hetb,1.5,case_I,1156,20,0.6746681273088498,0.0,2.0,7.55700934409498e-06,0.00024543098373412784,0.6506637453823003,1138,1192,1224,1179,1130
house-bills_m2_hetb,1.5,case_I,1157,20,0.7927785685533543,4675.9,11.0,0.0011661001869590598,0.0008712334407011685,2.279435745913103,69,430,353,364,725
house-bills_m2_hetb,1.5,case_I,1158,20,0.05159148688475812,1858.65,1.0,0.0,0.00017954700367961538,0.9484085131152419,326,1330,1402,1294,1020
house-bills_m2_hetb,1.5,case_I,1159,20,0.3817122140834397,169.85,3.0,0.00032770033147482073,0.0003691891147637262,1.854863357749681,696,1066,684,954,802
house-bills_m2_hetb,1.5,case_I,1160,20,0.6192309160099487,-380.95,4.0,0.00013504584095757016,0.00040157540927477145,1.523076335960205,1358,945,905,890,874
house-bills_m2_hetb,1.5,case_I,1161,20,0.020915660466826913,2455.65,3.0,0.00011766018848245746,0.00034025702523244575,2.9372530185995194,241,1067,940,1002,619
house-bills_m2_hetb,1.5,case_I,1162,20,0.9491960858054639,0.0,1.0,0.0,0.00018719511089313118,0.050803914194536115,1139,1331,1403,1282,1365
house-bills_m2_hetb,1.5,case_I,1163,20,0.6408209766622542,0.0,4.0,0.0002868941059204855,0.0003648563002810345,1.436716093350983,1140,946,726,961,894
house-bills_m2_hetb,1.5,case_I,1164,20,0.4850036743611498,3103.65,8.0,0.0004449732894869059,0.0006293570863377189,4.119970605110802,178,584,616,576,484
house-bills_m2_hetb,1.5,case_I,1165,0,0.44831430189919064,0.0,0.0,0.0,0.00010743061772605194,0.0,1141,1451,1404,1451,1451
house-bills_m2_hetb,1.5,case_I,1166,20,0.1472576819398338,2017.75,7.0,0.0014591954008621566,0.0006791337859876887,5.969196226421164,300,670,299,516,342
house-bills_m2_hetb,1.5,case_I,1167,20,0.06625500308532317,430.1,15.0,0.0029980664674059253,0.0012360595836029729,14.006174953720153,629,273,154,191,104
house-bills_m2_hetb,1.5,case_I,1168,20,0.6809667073821352,160.45,5.0,0.00026517919262092327,0.0004979326285153693,1.595166463089324,742,866,747,758,859
house-bills_m2_hetb,1.5,case_I,1169,20,0.9239861394890241,0.0,10.0,0.0005218957435068507,0.0007509714052734139,0.7601386051097592,1142,478,576,462,1087
house-bills_m2_hetb,1.5,case_I,1170,20,0.79236850187799,0.0,6.0,0.0004197696212261896,0.0005439904742097184,1.24578898873206,1143,761,630,673,940
house-bills_m2_hetb,1.5,case_I,1171,20,0.02145433492155102,160.45,2.0,1.5717298676212718e-05,0.00024854690344843,1.957091330156898,743,1193,1195,1167,779
house-bills_m2_hetb,1.5,case_I,1172,20,0.03896848194408775,735.6,4.0,0.00030714235122071565,0.00042625446319537316,3.844126072223649,547,947,704,854,518
house-bills_m2_hetb,1.5,case_I,1173,20,0.5126584980908546,-3123.0,8.0,0.0013616621296025503,0.0007326218367351482,3.898732015273163,1484,585,311,471,511
house-bills_m2_hetb,1.5,case_I,1174,20,0.5732641256148879,0.0,1.0,0.0,0.00019237186616836367,0.42673587438511207,1144,1332,1405,1272,1221
house-bills_m2_hetb,1.5,case_I,1175,20,0.6063464038688403,3164.25,8.0,0.0004672109598507584,0.0006334931072271346,3.1492287690492775,173,586,606,573,593
house-bills_m2_hetb,1.5,case_I,1176,20,0.8760248254439775,2413.0,13.0,0.0018651134876281992,0.0010311925608565394,1.6116772692282921,251,347,243,272,855
house-bills_m2_hetb,1.5,case_I,1177,20,0.897865788127695,-3216.5,6.0,0.0004907421363759788,0.0005883630877531138,0.6128052712338299,1485,762,587,612,1149
house-bills_m2_hetb,1.5,case_I,1178,20,0.9892944308928157,0.0,2.0,1.7583935569067724e-05,0.0002820275485305185,0.021411138214368686,1145,1194,1184,1115,1370
house-bills_m2_hetb,1.5,case_I,1179,20,0.3336362814836187,160.45,5.0,0.0010475999303004744,0.0005636202265931203,3.3318185925819064,744,867,392,648,574
house-bills_m2_hetb,1.5,case_I,1180,0,0.4685438744054826,0.0,0.0,0.0,0.00010743061772605194,0.0,1146,1452,1406,1452,1452
house-bills_m2_hetb,1.5,case_I,1181,20,0.9936293129383679,0.0,5.0,0.0002327860789139306,0.0004889789221118281,0.03185343530816065,1147,868,789,770,1367
house-bills_m2_hetb,1.5,case_I,1182,20,0.7003627951620519,-709.95,3.0,9.96603838418933e-05,0.0003194068089216517,0.8989116145138443,1418,1068,967,1032,1034
house-bills_m2_hetb,1.5,case_I,1183,20,0.05743491502267484,3265.0,16.0,0.003518700172709444,0.0013922259197826092,15.081041359637203,163,248,124,149,94
house-bills_m2_hetb,1.5,case_I,1184,20,0.9095515927383747,0.0,6.0,0.001431224059735748,0.0006095436265105281,0.5426904435697517,1148,763,302,592,1172
house-bills_m2_hetb,1.5,case_I,1185,0,0.6166727366896131,0.0,0.0,0.0,0.00010743061772605194,0.0,1149,1453,1407,1453,1453
house-bills_m2_hetb,1.5,case_I,1186,20,0.19371225176752527,0.0,1.0,0.0,0.00019037287441445243,0.8062877482324747,1150,1333,1408,1275,1068
house-bills_m2_hetb,1.5,case_I,1187,20,0.34772905472451865,415.4,4.0,0.0001443746161675317,0.00039314516083788795,2.6090837811019254,632,948,887,906,671
house-bills_m2_hetb,1.5,case_I,1188,0,0.5776592921086124,0.0,0.0,0.0,0.00010743061772605194,0.0,1151,1454,1409,1454,1454
house-bills_m2_hetb,1.5,case_I,1189,20,0.6527664441151828,4893.65,4.0,5.1280091829034425e-05,0.0003702240081416053,1.3889342235392688,56,949,1070,951,906
house-bills_m2_hetb,1.5,case_I,1190,20,0.410728475381375,-163.35,4.0,0.00011098736716315077,0.00039313442235505323,2.3570860984745,1317,950,946,907,719
house-bills_m2_hetb,1.5,case_I,1191,20,0.7443590959461956,0.0,3.0,2.286034827857424e-05,0.0003137203929162197,0.7669227121614131,1152,1069,1164,1039,1084
house-bills_m2_hetb,1.5,case_I,1192,20,0.5328265257248977,-411.85,3.0,5.271402995103266e-06,0.0002980077943349125,1.4015204228253069,1361,1070,1237,1081,901
house-bills_m2_hetb,1.5,case_I,1193,20,0.9747578061892133,0.0,3.0,9.290458323846858e-05,0.0003346792377178917,0.07572658143236022,1153,1071,977,1010,1359
house-bills_m2_hetb,1.5,case_I,1194,20,0.8534960630493873,0.0,3.0,2.1045290713720874e-05,0.00030557431851465446,0.4395118108518381,1154,1072,1173,1056,1215
house-bills_m2_hetb,1.5,case_I,1195,0,0.1500965432951359,0.0,0.0,0.0,0.00010743061772605194,0.0,1155,1455,1410,1455,1455
house-bills_m2_hetb,1.5,case_I,1196,200,0.10308769141213059,4704.95,13.0,0.0023693931861824727,0.0011498982789107596,11.659860011642301,65,348,200,228,140
house-bills_m2_hetb,1.5,case_I,1197,20,0.8535295930326651,0.0,6.0,0.00029750679180737656,0.0005489585064095949,0.8788224418040096,1156,764,713,670,1041
house-bills_m2_hetb,1.5,case_I,1198,20,0.6077306724577283,1945.9,8.0,0.0009187382430533554,0.0007091513911946179,3.138154620338174,314,587,430,488,597
house-bills_m2_hetb,1.5,case_I,1199,20,0.9762235664604278,0.0,1.0,0.0,0.00021148622535421637,0.02377643353957215,1157,1334,1411,1254,1368
house-bills_m2_hetb,1.5,case_I,1200,20,0.43583477946261906,-411.85,1.0,0.0,0.00017564004081816812,0.5641652205373809,1362,1335,1412,1305,1163
house-bills_m2_hetb,1.5,case_I,1201,20,0.17929837332666654,2075.15,8.0,0.0006386527605968999,0.0006764593931295752,6.565613013386668,287,588,530,522,319
house-bills_m2_hetb,1.5,case_I,1202,200,0.036988346375273595,3057.54,13.0,0.0019698448835094133,0.0010058328868186848,12.519151497121443,181,349,233,287,123
house-bills_m2_hetb,1.5,case_I,1203,20,0.7685847217103081,614.25,3.0,6.675620142058039e-05,0.00031746967327546817,0.6942458348690757,573,1073,1036,1035,1115
house-bills_m2_hetb,1.5,case_I,1204,20,0.08351792936692681,202.45,1.0,0.0,0.0001791104868900051,0.9164820706330732,692,1336,1413,1297,1028
house-bills_m2_hetb,1.5,case_I,1205,20,0.6439031526829808,0.0,1.0,0.0,0.00016454609115709913,0.3560968473170192,1158,1337,1414,1361,1243
house-bills_m2_hetb,1.5,case_I,1206,20,0.5635435668373796,593.45,5.0,0.00023787305798259655,0.00043960449044258543,2.1822821658131017,579,869,781,833,741
house-bills_m2_hetb,1.5,case_I,1207,20,0.739568320401929,134.85,6.0,0.001077248845814679,0.0005716020352828022,1.562590077588426,767,765,385,637,870
house-bills_m2_hetb,1.5,case_I,1208,20,0.943891263002008,0.0,3.0,5.681205849896883e-06,0.000346116820208649,0.16832621099397604,1159,1074,1234,983,1326
house-bills_m2_hetb,1.5,case_I,1209,200,0.2365214903841666,2940.22,22.0,0.0034784669846390378,0.0016108462085041681,16.796527211548334,192,129,127,100,71
house-bills_m2_hetb,1.5,case_I,1210,20,0.48260409269594995,-457.2,9.0,0.0007951152752304401,0.0007709563962773223,4.656563165736451,1374,528,470,446,442
house-bills_m2_hetb,1.5,case_I,1211,20,0.7515620687294599,0.0,2.0,1.7362703908582197e-05,0.0002547678512470952,0.4968758625410803,1160,1195,1185,1155,1191
house-bills_m2_hetb,1.5,case_I,1212,20,0.2023581685917818,1628.7,3.0,1.7877768227934624e-05,0.00030792347646970493,2.3929254942246545,376,1075,1182,1051,708
house-bills_m2_hetb,1.5,case_I,1213,20,0.09201162349282421,3834.1,11.0,0.0012122340983859385,0.0008658367381220758,9.987872141578933,117,431,341,368,191
house-bills_m2_hetb,1.5,case_I,1214,0,0.13802298660687173,0.0,0.0,0.0,0.00010743061772605194,0.0,1161,1456,1415,1456,1456
house-bills_m2_hetb,1.5,case_I,1215,20,0.9316879857781158,1424.8,4.0,0.00019959523447093301,0.0004059882258140626,0.2732480568875366,420,951,816,881,1274
house-bills_m2_hetb,1.5,case_I,1216,20,0.7894252030152007,0.0,1.0,0.0,0.00020098336405140535,0.2105747969847993,1162,1338,1416,1260,1304
house-bills_m2_hetb,1.5,case_I,1217,20,0.20041085074884135,1525.85,4.0,9.433146861772893e-05,0.0004298972833794689,3.1983565970046346,396,952,974,850,588
house-bills_m2_hetb,1.5,case_I,1218,20,0.015889729835988797,966.05,6.0,0.00030138163523381003,0.0005232866220543925,5.904661620984067,495,766,711,710,345
house-bills_m2_hetb,1.5,case_I,1219,20,0.6378190116729733,-129.05,3.0,6.359466119961874e-05,0.000304113724315902,1.08654296498108,1311,1076,1044,1060,977
house-bills_m2_hetb,1.5,case_I,1220,20,0.3219068800907684,1858.65,1.0,0.0,0.00016694062585513993,0.6780931199092316,327,1339,1417,1348,1122
house-bills_m2_hetb,1.5,case_I,1221,20,0.227954613732546,-1170.9,8.0,0.0005006401844478173,0.0006298694171247228,6.176363090139632,1449,589,583,575,336
house-bills_m2_hetb,1.5,case_I,1222,20,0.19955563729380799,298.1,4.0,0.00047204628506459443,0.00045836002202752574,3.201777450824768,662,953,601,812,586
house-bills_m2_hetb,1.5,case_I,1223,20,0.47222536358040956,0.0,3.0,6.756772555629556e-05,0.00036638067804446825,1.5833239092587714,1163,1077,1032,960,864
house-bills_m2_hetb,1.5,case_I,1224,20,0.3422514539903797,450.4,3.0,8.882249986418985e-05,0.0003185010959369756,1.9732456380288608,621,1078,983,1033,775
house-bills_m2_hetb,1.5,case_I,1225,20,0.9402172918894702,0.0,4.0,0.00017123210159747994,0.0003741024115010343,0.23913083244211908,1164,954,851,949,1293
house-bills_m2_hetb,1.5,case_I,1226,20,0.5658874773949365,0.0,1.0,0.0,0.00018373876922561004,0.4341125226050635,1165,1340,1418,1287,1217
house-bills_m2_hetb,1.5,case_I,1227,20,0.9001261446978802,0.0,1.0,0.0,0.00017384162996643749,0.09987385530211979,1166,1341,1419,1319,1351
house-bills_m2_hetb,1.5,case_I,1228,20,0.9246386652645656,0.0,1.0,0.0,0.0001966198475783307,0.07536133473543438,1167,1342,1420,1265,1360
house-bills_m2_hetb,1.5,case_I,1229,20,0.9001324900548501,0.0,4.0,5.128972969928373e-05,0.00038558626451021467,0.3994700397805997,1168,955,1069,930,1230
house-bills_m2_hetb,1.5,case_I,1230,20,0.4983454905287332,0.0,1.0,0.0,0.0001746361958581763,0.5016545094712668,1169,1343,1421,1311,1186
house-bills_m2_hetb,1.5,case_I,1231,20,0.5832895646919062,0.0,1.0,0.0,0.00017226743023904348,0.4167104353080938,1170,1344,1422,1326,1223
house-bills_m2_hetb,1.5,case_I,1232,20,0.5342589017236986,0.0,1.0,0.0,0.00016504589774262671,0.4657410982763014,1171,1345,1423,1358,1204
house-bills_m2_hetb,1.5,case_I,1233,20,0.020263480737328754,1382.75,9.0,0.0008581388068583281,0.0007199722963619575,8.817628673364041,425,529,450,481,235
house-bills_m2_hetb,1.5,case_I,1234,20,0.9464100576900565,0.0,7.0,0.0003454648905012782,0.0005663143681483943,0.3751295961696046,1172,671,671,644,1236
house-bills_m2_hetb,1.5,case_I,1235,20,0.1510903531028005,1072.4,6.0,0.0003981859877030857,0.0005687997594252815,5.0934578813831966,473,767,640,639,412
house-bills_m2_hetb,1.5,case_I,1236,20,0.5534559105858134,4555.1,10.0,0.0009421408146515131,0.000796692160615458,4.4654408941418655,77,479,420,429,459
house-bills_m2_hetb,1.5,case_I,1237,20,0.682647856788838,0.0,2.0,5.000875225343257e-06,0.0002768486875012017,0.634704286422324,1173,1196,1239,1124,1136
house-bills_m2_hetb,1.5,case_I,1238,20,0.7863061131620858,0.0,5.0,0.0005013908696740505,0.00047556273525113765,1.0684694341895713,1174,870,581,787,983
house-bills_m2_hetb,1.5,case_I,1239,200,0.5422231796108453,981.79,34.0,0.01141886160533422,0.0026372177464756117,15.56441189323126,493,45,16,21,83
house-bills_m2_hetb,1.5,case_I,1240,20,0.6391108790301397,-314.5,18.0,0.0026798888774694153,0.0013526620094065065,6.496004177457484,1346,198,173,159,321
house-bills_m2_hetb,1.5,case_I,1241,20,0.8271093594992666,-322.0,10.0,0.0009460842434621909,0.000805360150447444,1.7289064050073344,1348,480,417,422,828
house-bills_m2_hetb,1.5,case_I,1242,20,0.6435283568596154,0.0,5.0,0.00014267146115843615,0.0004458474124562152,1.7823582157019229,1175,871,890,824,815
house-bills_m2_hetb,1.5,case_I,1243,20,0.6668418155384968,-3216.5,3.0,6.348782436671401e-05,0.0002969045660667927,0.9994745533845097,1486,1079,1046,1084,998
house-bills_m2_hetb,1.5,case_I,1244,20,0.8540520560504438,-1954.5,13.0,0.0008633685749083714,0.0009621670619050936,1.8973232713442312,1472,350,449,310,792
house-bills_m2_hetb,1.5,case_I,1245,0,0.07341166691553269,0.0,0.0,0.0,0.00010743061772605194,0.0,1176,1457,1424,1457,1457
house-bills_m2_hetb,1.5,case_I,1246,20,0.518521050809158,0.0,2.0,1.768880124024226e-05,0.00024154977766399353,0.962957898381684,1177,1197,1183,1192,1017
house-bills_m2_hetb,1.5,case_I,1247,20,0.026552023761241883,3855.9,7.0,0.0003273158744589541,0.0005390645562240336,6.8141358336713065,111,672,685,681,311
house-bills_m2_hetb,1.5,case_I,1248,20,0.15138617134312948,-549.5,3.0,8.026194389772263e-05,0.00033636552067880675,2.5458414859706116,1390,1080,1005,1008,679
house-bills_m2_hetb,1.5,case_I,1249,20,0.028506414216959763,0.0,3.0,3.81811889503021e-05,0.0003213166802364535,2.9144807573491205,1178,1081,1107,1028,621
house-bills_m2_hetb,1.5,case_I,1250,20,0.8662414965178878,160.45,5.0,0.00031714697993948777,0.0005222226398055653,0.6687925174105608,745,872,694,712,1125
house-bills_m2_hetb,1.5,case_I,1251,20,0.32973821800273906,3641.65,6.0,0.0012428193513437126,0.0006027309541747333,4.021570691983566,133,768,335,596,491
house-bills_m2_hetb,1.5,case_I,1252,20,0.5211312073463263,2265.7,2.0,1.0638229920565023e-05,0.00023933044277003572,0.9577375853073473,269,1198,1210,1199,1019
house-bills_m2_hetb,1.5,case_I,1253,20,0.7872579379890905,1269.5,13.0,0.002702979948222923,0.0011133401448070637,2.765646806141824,443,351,172,241,646
house-bills_m2_hetb,1.5,case_I,1254,20,0.688896824749785,0.0,2.0,0.00014776117306151087,0.00030195231904653146,0.62220635050043,1179,1199,881,1071,1143
house-bills_m2_hetb,1.5,case_I,1255,20,0.9263145604956078,0.0,6.0,0.0002719867524632102,0.0005181897901995201,0.4421126370263533,1180,769,742,722,1212
house-bills_m2_hetb,1.5,case_I,1256,20,0.4898036887229915,2413.0,7.0,0.0007851479110561963,0.0006607723522856303,3.5713741789390596,252,673,474,540,551
house-bills_m2_hetb,1.5,case_I,1257,20,0.7024378150343941,-549.5,6.0,0.00031063278687451035,0.0005723767954078729,1.7853731097936356,1391,770,699,634,813
house-bills_m2_hetb,1.5,case_I,1258,20,0.8677546688910042,0.0,6.0,0.0008318857891063706,0.0006575173877371669,0.793471986653975,1181,771,460,546,1070
house-bills_m2_hetb,1.5,case_I,1259,20,0.10719702303854828,2822.9,5.0,0.00023661446095354566,0.0004935750157563292,4.464014884807258,203,873,783,764,461
house-bills_m2_hetb,1.5,case_I,1260,20,0.46985515887472173,4794.25,10.0,0.0006487944721679294,0.0007751090750394617,5.301448411252783,61,481,525,444,400
house-bills_m2_hetb,1.5,case_I,1261,0,0.08799425840450004,0.0,0.0,0.0,0.00010743061772605194,0.0,1182,1458,1425,1458,1458
house-bills_m2_hetb,1.5,case_I,1262,20,0.5569643621342539,160.45,1.0,0.0,0.00017231850665058032,0.44303563786574607,746,1346,1426,1324,1211
house-bills_m2_hetb,1.5,case_I,1263,20,0.3133533464336471,-596.35,1.0,0.0,0.00016578365063595502,0.6866466535663529,1407,1347,1427,1353,1117
house-bills_m2_hetb,1.5,case_I,1264,20,0.8404982731519823,0.0,1.0,0.0,0.0001848135771963442,0.15950172684801767,1183,1348,1428,1286,1330
house-bills_m2_hetb,1.5,case_I,1265,20,0.46838086950284186,735.6,10.0,0.0007036274881957261,0.0008517304875724788,5.316191304971581,548,482,503,386,398
house-bills_m2_hetb,1.5,case_I,1266,0,0.16289530068774005,0.0,0.0,0.0,0.00010743061772605194,0.0,1184,1459,1429,1459,1459
house-bills_m2_hetb,1.5,case_I,1267,20,0.8733791351470347,0.0,2.0,4.975989024636016e-05,0.0002513611726558632,0.2532417297059306,1185,1200,1075,1158,1285
house-bills_m2_hetb,1.5,case_I,1268,20,0.4258654966885558,1599.7,2.0,5.012858016590458e-05,0.000273424841183302,1.1482690066228884,383,1201,1073,1133,962
house-bills_m2_hetb,1.5,case_I,1269,20,0.0197112421874458,558.2,6.0,0.0015162495469565208,0.0005976989265713792,5.881732546875325,591,772,286,601,348
house-bills_m2_hetb,1.5,case_I,1270,20,0.26868885858700964,120.05,8.0,0.0013244380465607037,0.000711569248791825,5.850489131303923,769,590,321,486,352
house-bills_m2_hetb,1.5,case_I,1271,20,0.38309942181000145,4458.5,16.0,0.002431874134184545,0.0012563361475783257,9.870409251039977,85,249,193,183,195
house-bills_m2_hetb,1.5,case_I,1272,20,0.026244320734822302,42.0,6.0,0.0009400010030296517,0.0006172867452922254,5.842534075591066,784,773,421,588,354
house-bills_m2_hetb,1.5,case_I,1273,20,0.1401115351915322,160.45,3.0,8.07797624613017e-05,0.0003440373082684618,2.5796653944254033,747,1082,1002,993,674
house-bills_m2_hetb,1.5,case_I,1274,20,0.2965088687873769,0.0,4.0,0.0001977782035350721,0.0003892053825083527,2.8139645248504923,1186,956,820,914,633
house-bills_m2_hetb,1.5,case_I,1275,20,0.33758329515841157,2840.45,6.0,0.0003327787361941506,0.000635066554135795,3.9745002290495304,201,774,679,571,501
house-bills_m2_hetb,1.5,case_I,1276,20,0.4375794644216485,2051.0,8.0,0.0011280050372153363,0.0006603943316595879,4.499364284626812,291,591,367,542,457
house-bills_m2_hetb,1.5,case_I,1277,0,0.29761781440687995,0.0,0.0,0.0,0.00010743061772605194,0.0,1187,1460,1430,1460,1460
house-bills_m2_hetb,1.5,case_I,1278,20,0.32066824126940385,1440.2,5.0,0.0006097350494916599,0.0005357433260057277,3.3966587936529806,416,874,539,688,566
house-bills_m2_hetb,1.5,case_I,1279,20,0.4620787748246554,0.0,3.0,0.00043483596417914994,0.00034979965523510524,1.6137636755260338,1188,1083,619,977,854
house-bills_m2_hetb,1.5,case_I,1280,20,0.3519327463102876,-1140.65,7.0,0.0007547597478407349,0.0006252841314402201,4.536470775827987,1446,674,481,580,452
house-bills_m2_hetb,1.5,case_I,1281,20,0.7497859477666411,160.45,3.0,6.5297491367069e-05,0.00031706718069462797,0.7506421567000767,748,1084,1040,1036,1093
house-bills_m2_hetb,1.5,case_I,1282,20,0.781070814915798,42.0,8.0,0.0007423716081345787,0.0006807781116950259,1.751433480673616,785,592,487,514,822
house-bills_m2_hetb,1.5,case_I,1283,200,0.017665963847056765,3928.845,9.0,0.0006827608039325542,0.0006863262382796882,8.841006325376489,106,530,514,505,232
house-bills_m2_hetb,1.5,case_I,1284,20,0.16209221191282064,-521.3,4.0,0.00024852754538629116,0.00039836818251210414,3.3516311523487174,1384,957,764,897,573
house-bills_m2_hetb,1.5,case_I,1285,20,0.10181914389287461,4453.1,3.0,4.47729225092978e-05,0.00034604275407380217,2.694542568321376,86,1085,1092,984,660
house-bills_m2_hetb,1.5,case_I,1286,20,0.35286870065857456,0.0,3.0,4.853693814345936e-05,0.00033532082824800876,1.9413938980242764,1189,1086,1081,1009,784
house-bills_m2_hetb,1.5,case_I,1287,20,0.3562605533678569,0.0,3.0,3.8964804372891856e-05,0.00029241266676298806,1.9312183398964293,1190,1087,1106,1094,787
house-bills_m2_hetb,1.5,case_I,1288,20,0.7492930954460025,0.0,4.0,0.0002916597373618198,0.0005210125271122178,1.0028276182159899,1191,958,721,717,997
house-bills_m2_hetb,1.5,case_I,1289,20,0.729520125674327,0.0,7.0,0.0004567122030847129,0.0006437811944600306,1.8933591202797109,1192,675,611,560,794
house-bills_m2_hetb,1.5,case_I,1290,0,0.8824147325613924,0.0,0.0,0.0,0.00010743061772605194,0.0,1193,1461,1431,1461,1461
house-bills_m2_hetb,1.5,case_I,1291,20,0.6829980203089694,515.65,2.0,7.896777502202197e-05,0.0002512180832595011,0.6340039593820612,600,1202,1009,1159,1137
house-bills_m2_hetb,1.5,case_I,1292,20,0.5955341403008954,-286.0,7.0,0.0002674943737995728,0.0006087451681082711,2.8312610178937323,1341,676,745,593,631
house-bills_m2_hetb,1.5,case_I,1293,0,0.9943332014900896,0.0,0.0,0.0,0.00010743061772605194,0.0,1194,1462,1432,1462,1462
house-bills_m2_hetb,1.5,case_I,1294,20,0.641966715068702,593.45,6.0,0.0005514893768923097,0.0006575478539023206,2.1481997095877885,580,775,565,545,747
house-bills_m2_hetb,1.5,case_I,1295,20,0.38947175820665025,160.45,3.0,8.564059468157432e-05,0.00030239855721525067,1.8315847253800492,749,1088,989,1069,806
house-bills_m2_hetb,1.5,case_I,1296,20,0.30476714505493985,753.9,3.0,6.668007832107268e-05,0.0003277937155227623,2.0856985648351802,539,1089,1037,1020,760
house-bills_m2_hetb,1.5,case_I,1297,20,0.03575133589109658,3696.15,4.0,0.00015297926864440926,0.00042286256294431907,3.8569946564356137,129,959,872,859,516
house-bills_m2_hetb,1.5,case_I,1298,20,0.9441383821019347,0.0,4.0,0.00020584373137243816,0.0003975256424515501,0.22344647159226128,1195,960,811,900,1302
house-bills_m2_hetb,1.5,case_I,1299,20,0.7526396033854349,0.0,14.0,0.0015416380457863078,0.00115730801360882,3.4630455526039112,1196,304,283,226,563
house-bills_m2_hetb,1.5,case_I,1300,20,0.37707447403851413,-1495.6,4.0,0.00021310264041116833,0.00042973673795137655,2.4917021038459435,1459,961,803,851,692
house-bills_m2_hetb,1.5,case_I,1301,20,0.8750264088387725,1729.4,2.0,4.207108875512408e-06,0.0002454275278749637,0.24994718232245505,351,1203,1241,1180,1286
house-bills_m2_hetb,1.5,case_I,1302,0,0.762923530257859,0.0,0.0,0.0,0.00010743061772605194,0.0,1197,1463,1433,1463,1463
house-bills_m2_hetb,1.5,case_I,1303,20,0.4651733664606914,0.0,2.0,2.2609734606842086e-05,0.0002831432379653986,1.0696532670786172,1198,1204,1165,1113,981
house-bills_m2_hetb,1.5,case_I,1304,20,0.9557833448132415,-1263.6,4.0,0.00025147254831701254,0.0003886014829976883,0.1768666207470342,1452,962,760,920,1320
house-bills_m2_hetb,1.5,case_I,1305,20,0.8923995250960749,1729.4,6.0,0.00041571694808722456,0.0005344230802612929,0.6456028494235506,352,776,632,692,1131
house-bills_m2_hetb,1.5,case_I,1306,20,0.44604622264781335,0.0,2.0,3.102487146916118e-05,0.00026542777272572276,1.1079075547043733,1199,1205,1129,1144,970
house-bills_m2_hetb,1.5,case_I,1307,20,0.42700993551797906,-91.85,2.0,2.6086910274252504e-05,0.0002479469243521766,1.1459801289640419,1306,1206,1151,1170,963
house-bills_m2_hetb,1.5,case_I,1308,20,0.15169585002881392,160.45,1.0,0.0,0.0001682257300788605,0.8483041499711861,750,1349,1434,1340,1053
house-bills_m2_hetb,1.5,case_I,1309,20,0.10240712821765441,216.5,3.0,5.3741119096301186e-05,0.0003002179344743915,2.692778615347037,687,1090,1061,1075,661
house-bills_m2_hetb,1.5,case_I,1310,20,0.35721058583261145,-458.0,2.0,1.5833391878845806e-05,0.00025809666991009975,1.285578828334777,1377,1207,1192,1151,929
house-bills_m2_hetb,1.5,case_I,1311,20,0.21459632226542213,0.0,2.0,2.077150805867467e-05,0.00023295986630962135,1.5708073554691557,1200,1208,1176,1216,868
house-bills_m2_hetb,1.5,case_I,1312,20,0.06860487535924498,949.7,6.0,0.0006628020798202117,0.0005871318264909165,5.588370747844531,498,777,520,614,375
house-bills_m2_hetb,1.5,case_I,1313,20,0.7354797423575674,735.6,4.0,0.00012166149448501988,0.0003882349311831205,1.0580810305697304,549,963,936,922,984
house-bills_m2_hetb,1.5,case_I,1314,20,0.9611756267230731,160.45,3.0,0.00010926279443406564,0.0003235963939011552,0.11647311983078068,751,1091,950,1025,1346
house-bills_m2_hetb,1.5,case_I,1315,20,0.6873883811420436,0.0,2.0,0.00010338346917566961,0.00027082113421101364,0.6252232377159128,1201,1209,960,1138,1142
house-bills_m2_hetb,1.5,case_I,1316,20,0.9074324780725449,0.0,1.0,0.0,0.00016826835436041884,0.0925675219274551,1202,1350,1435,1337,1354
house-bills_m2_hetb,1.5,case_I,1317,20,0.8703669412946711,0.0,2.0,4.5692830001470916e-05,0.00025761830384067445,0.25926611741065786,1203,1210,1089,1152,1281
house-bills_m2_hetb,1.5,case_I,1318,20,0.6460543691700241,216.5,4.0,0.00010556804537271678,0.00038824812166004857,1.4157825233199035,688,964,954,921,900
house-bills_m2_hetb,1.5,case_I,1319,20,0.5226129115246972,2884.15,6.0,0.0002378315934977087,0.0005568254871345564,2.8643225308518163,196,778,782,659,626
house-bills_m2_hetb,1.5,case_I,1320,20,0.3579013924678206,2646.55,8.0,0.0017862929347015547,0.0007508845142678642,5.136788860257435,217,593,255,463,410
house-bills_m2_hetb,1.5,case_I,1321,20,0.4949761755722949,-1035.35,4.0,0.00023371368169377416,0.0003751111845190925,2.0200952977108204,1437,965,786,947,767
house-bills_m2_hetb,1.5,case_I,1322,20,0.32125195150149877,3919.7,8.0,0.0004142181463698168,0.0006437037925767783,5.42998438798801,108,594,633,562,389
house-bills_m2_hetb,1.5,case_I,1323,20,0.17206667731800673,1442.65,5.0,0.00014769088837875738,0.0004450782014534622,4.1396666134099664,415,875,882,826,482
house-bills_m2_hetb,1.5,case_I,1324,20,0.49532700513829475,-458.0,5.0,0.0007142500335709461,0.0005504679842575289,2.5233649743085262,1378,876,497,665,682
house-bills_m2_hetb,1.5,case_I,1325,20,0.6611575082946666,160.45,10.0,0.0009301528275372098,0.0008471430899718322,3.3884249170533343,752,483,424,390,569
house-bills_m2_hetb,1.5,case_I,1326,0,0.5853151200539239,0.0,0.0,0.0,0.00010743061772605194,0.0,1204,1464,1436,1464,1464
house-bills_m2_hetb,1.5,case_I,1327,20,0.7378227930383214,-1857.35,6.0,0.00025628196528289064,0.000521520162114708,1.5730632417700714,1470,779,755,714,867
house-bills_m2_hetb,1.5,case_I,1328,20,0.3359702633489273,-45.35,10.0,0.0007352443207695663,0.0007889125659525139,6.640297366510727,1292,484,488,432,317
house-bills_m2_hetb,1.5,case_I,1329,200,9.60405599956804e-05,2955.735,12.0,0.0010944295298096127,0.0008636053073201842,11.998847513280051,191,393,379,372,133
house-bills_m2_hetb,1.5,case_I,1330,20,0.21265952370959307,0.0,1.0,0.0,0.00017591493624500345,0.7873404762904069,1205,1351,1437,1303,1071
house-bills_m2_hetb,1.5,case_I,1331,20,0.2896953747711416,-1377.8,6.0,0.00022232814664711737,0.0004976576182142346,4.261827751373151,1457,780,797,759,475
house-bills_m2_hetb,1.5,case_I,1332,20,0.553104867010391,0.0,2.0,7.262193269888791e-05,0.0002932528284171587,0.8937902659792181,1206,1211,1024,1092,1037
house-bills_m2_hetb,1.5,case_I,1333,20,0.38945151534759304,3317.15,2.0,3.094481666647308e-05,0.0002639114971747802,1.221096969304814,161,1212,1131,1146,948
house-bills_m2_hetb,1.5,case_I,1334,0,0.6576718802427545,0.0,0.0,0.0,0.00010743061772605194,0.0,1207,1465,1438,1465,1465
house-bills_m2_hetb,1.5,case_I,1335,20,0.22394291858206627,912.35,6.0,0.0008343881356033556,0.000594663184102152,4.656342488507603,504,781,457,607,443
house-bills_m2_hetb,1.5,case_I,1336,200,0.4680172846291024,1779.01,11.0,0.0005952773789264602,0.0008542195645323623,5.851809869079873,338,432,542,384,351
house-bills_m2_hetb,1.5,case_I,1337,200,0.0022461445398733737,235.04,3.0,7.123613414152118e-05,0.000345081711589398,2.99326156638038,673,1092,1026,990,610
house-bills_m2_hetb,1.5,case_I,1338,20,0.6863003978230826,-66.95,4.0,0.00015039924083048704,0.000440706487342993,1.2547984087076696,1297,966,874,830,936
house-bills_m2_hetb,1.5,case_I,1339,20,0.865358765091174,-163.35,10.0,0.0013543889071921302,0.0008573036720347995,1.3464123490882596,1318,485,313,381,918
house-bills_m2_hetb,1.5,case_I,1340,20,0.8586576209689326,160.45,4.0,0.00033642086225086346,0.0004234259163459821,0.5653695161242696,753,967,677,858,1162
house-bills_m2_hetb,1.5,case_I,1341,20,0.8746833990846345,160.45,4.0,9.220203577589686e-05,0.00037446513619207545,0.5012664036614618,754,968,978,948,1187
house-bills_m2_hetb,1.5,case_I,1342,20,0.19613198994143588,1461.2,10.0,0.0008974657289466007,0.000770473518192874,8.03868010058564,411,486,435,447,257
house-bills_m2_hetb,1.5,case_I,1343,0,0.9814212886300421,0.0,0.0,0.0,0.00010743061772605194,0.0,1208,1466,1439,1466,1466
house-bills_m2_hetb,1.5,case_I,1344,20,0.551370055537916,1729.4,6.0,0.00020615233488010694,0.0005502316984247163,2.6917796667725042,353,782,809,666,662
house-bills_m2_hetb,1.5,case_I,1345,0,0.18557979048288287,0.0,0.0,0.0,0.00010743061772605194,0.0,1209,1467,1440,1467,1467
house-bills_m2_hetb,1.5,case_I,1346,20,0.09105406245491632,1549.75,2.0,7.2456723429540875e-06,0.00023634029504463077,1.8178918750901674,392,1213,1226,1209,808
house-bills_m2_hetb,1.5,case_I,1347,20,0.07097567714896569,-1279.6,3.0,0.00010468397485654901,0.0003436382630060197,2.787072968553103,1454,1093,958,994,642
house-bills_m2_hetb,1.5,case_I,1348,20,0.6369673359898222,2573.45,2.0,2.1074902927366168e-05,0.00024276008045516996,0.7260653280203555,227,1214,1172,1187,1103
house-bills_m2_hetb,1.5,case_I,1349,20,0.6285879455462029,0.0,2.0,5.570425335871688e-05,0.0002702875174456687,0.7428241089075942,1210,1215,1059,1140,1098
house-bills_m2_hetb,1.5,case_I,1350,20,0.7867578153046024,161.0,4.0,0.0001348326013849717,0.00040034824618877,0.8529687387815903,699,969,906,891,1051
house-bills_m2_hetb,1.5,case_I,1351,20,0.6586148779360064,0.0,2.0,3.7706315955469105e-05,0.0002718858935936558,0.6827702441279873,1211,1216,1109,1136,1119
house-bills_m2_hetb,1.5,case_I,1352,20,0.5194036064022658,0.0,2.0,2.222807619929994e-05,0.0002468137086121927,0.9611927871954684,1212,1217,1168,1175,1018
house-bills_m2_hetb,1.5,case_I,1353,200,0.16282164580531622,498.075,9.0,0.0007465323034876957,0.000818741379864104,7.534605187752154,607,531,485,407,279
house-bills_m2_hetb,1.5,case_I,1354,20,0.7344738470457473,0.0,6.0,0.0002522010837808171,0.0005444304776315258,1.5931569177255165,1213,783,759,672,860
house-bills_m2_hetb,1.5,case_I,1355,20,0.004060779175259488,3539.85,2.0,5.4785826888831354e-06,0.0002367879691294394,1.991878441649481,142,1218,1235,1208,771
house-bills_m2_hetb,1.5,case_I,1356,20,0.6603056326225697,2034.2,5.0,0.00016348714567922162,0.0004343715348316266,1.6984718368871516,294,877,863,842,840
house-bills_m2_hetb,1.5,case_I,1357,20,0.1653106406351319,-1405.15,13.0,0.0011933872902881117,0.0009974390424581675,10.850961671743285,1458,352,347,292,161
house-bills_m2_hetb,1.5,case_I,1358,20,0.158812500494112,411.8,4.0,5.2188198677234125e-05,0.0003888011730825181,3.364749998023552,634,970,1066,918,572
house-bills_m2_hetb,1.5,case_I,1359,20,0.9060919823220174,-66.95,4.0,0.0002048040132725164,0.000380343080524439,0.3756320707119305,1298,971,812,943,1235
house-bills_m2_hetb,1.5,case_I,1360,20,0.9272687987305654,0.0,6.0,0.000614817720569133,0.0006388149873767544,0.4363872076166073,1214,784,538,567,1216
house-bills_m2_hetb,1.5,case_I,1361,20,0.7202854143764663,415.4,1.0,0.0,0.00017409718255584626,0.2797145856235337,633,1352,1441,1316,1270
house-bills_m2_hetb,1.5,case_I,1362,20,0.22861327495178618,4701.95,9.0,0.0013138242635976655,0.000808259032327926,6.942480525433925,66,532,324,420,302
house-bills_m2_hetb,1.5,case_I,1363,20,0.4693763724185115,-1001.8,10.0,0.00036392263433950126,0.0008113163000108135,5.306236275814885,1436,487,656,415,399
house-bills_m2_hetb,1.5,case_I,1364,20,0.3461982610739972,4578.45,7.0,0.001105570773868696,0.0006533952598340669,4.57661217248202,76,677,376,550,451
house-bills_m2_hetb,1.5,case_I,1365,20,0.11760454808957232,4996.0,7.0,0.000285014791464801,0.0005891836195049559,6.176768163372993,50,678,731,611,335
house-bills_m2_hetb,1.5,case_I,1366,20,0.2368161436599996,1889.85,5.0,0.00017709443305449388,0.00045512521497000893,3.815919281700002,322,878,841,816,521
house-bills_m2_hetb,1.5,case_I,1367,20,0.05796887217318003,1726.5,2.0,0.00013284532325582562,0.0002981341142162595,1.88406225565364,358,1219,912,1080,798
house-bills_m2_hetb,1.5,case_I,1368,20,0.9722989391173463,1729.4,5.0,0.00015258667972888713,0.00042260799319242,0.13850530441326836,354,879,873,860,1339
house-bills_m2_hetb,1.5,case_I,1369,20,0.23629518316635556,-814.75,8.0,0.00035397568447301654,0.0006687839675003271,6.1096385346691555,1429,595,665,532,337
house-bills_m2_hetb,1.5,case_I,1370,20,0.38713030333004994,1729.4,7.0,0.00027474641702713855,0.0005974053291953426,4.29008787668965,355,679,741,602,473
house-bills_m2_hetb,1.5,case_I,1371,20,0.24661303847950433,1822.9,4.0,0.0002407072438787949,0.0003687206402525542,3.0135478460819827,333,972,775,955,609
house-bills_m2_hetb,1.5,case_I,1372,20,0.6512560958980139,160.45,3.0,0.00012559707909454694,0.00034532246249422793,1.0462317123059584,755,1094,925,989,987
house-bills_m2_hetb,1.5,case_I,1373,20,0.5625293241165457,0.0,2.0,4.114253218378026e-05,0.0002549642684172832,0.8749413517669087,1215,1220,1100,1154,1042
house-bills_m2_hetb,1.5,case_I,1374,20,0.7656657950986049,3006.45,4.0,0.0001808101436674536,0.00041898977361851954,0.9373368196055805,186,973,838,864,1024
house-bills_m2_hetb,1.5,case_I,1375,20,0.011416982486606608,160.45,4.0,0.0002913877297084473,0.0004803048148840256,3.9543320700535736,756,974,722,783,503
house-bills_m2_hetb,1.5,case_I,1376,20,0.204675351213916,632.35,2.0,2.1716223338263902e-05,0.0002725719126988686,1.590649297572168,570,1221,1171,1135,862
house-bills_m2_hetb,1.5,case_I,1377,20,0.5987377284896298,160.45,7.0,0.00030991959520096276,0.0006020962468878239,2.8088359005725914,757,680,700,597,637
house-bills_m2_hetb,1.5,case_I,1378,20,0.576566930148022,160.45,4.0,5.1840115819848156e-05,0.00038727358735967754,1.6937322794079122,758,975,1067,924,842
house-bills_m2_hetb,1.5,case_I,1379,20,0.8244385564254193,0.0,1.0,0.0,0.00019657145971662928,0.1755614435745807,1216,1353,1442,1267,1323
house-bills_m2_hetb,1.5,case_I,1380,20,0.08054686457535809,810.6,5.0,0.00036622607965486207,0.0005248969501949606,4.597265677123209,528,880,654,705,449
house-bills_m2_hetb,1.5,case_I,1381,20,0.37115249309909026,0.0,1.0,0.0,0.00018772038091215682,0.6288475069009097,1217,1354,1443,1280,1140
house-bills_m2_hetb,1.5,case_I,1382,200,0.40375613940200017,259.765,12.0,0.0015206968147154275,0.0010053844436663604,7.154926327175998,670,394,285,288,293
house-bills_m2_hetb,1.5,case_I,1383,20,0.5130269217785087,1729.4,3.0,0.00030637639656996645,0.0004737272072721004,1.4609192346644737,356,1095,706,792,885
house-bills_m2_hetb,1.5,case_I,1384,20,0.35142921922895287,1921.65,6.0,0.00024359332654836277,0.0005133185585092839,3.8914246846262825,317,785,769,734,512
house-bills_m2_hetb,1.5,case_I,1385,20,0.734669791447239,1992.2,5.0,8.316121734754992e-05,0.0004452626105742178,1.326651042763805,305,881,997,825,921
house-bills_m2_hetb,1.5,case_I,1386,200,0.1043126694432297,2571.6,18.0,0.002004108400016914,0.0014146257243104294,16.122371950021865,229,199,229,140,78
house-bills_m2_hetb,1.5,case_I,1387,20,0.06062654877327156,42.0,2.0,7.889850474111524e-05,0.00031320604549176976,1.8787469024534569,786,1222,1010,1041,800
house-bills_m2_hetb,1.5,case_I,1388,20,0.3134969656943688,2413.0,4.0,0.00013375392319668183,0.0004081376654213124,2.746012137222525,253,976,910,878,654
house-bills_m2_hetb,1.5,case_I,1389,0,0.08936835835602008,0.0,0.0,0.0,0.00010743061772605194,0.0,1218,1468,1444,1468,1468
house-bills_m2_hetb,1.5,case_I,1390,20,0.3924113107452132,-667.95,2.0,1.9093395332770004e-05,0.0002567805235411969,1.2151773785095736,1412,1223,1178,1153,949
house-bills_m2_hetb,1.5,case_I,1391,20,0.5784304362761635,753.9,2.0,2.639384905940675e-05,0.0002479520543400116,0.8431391274476729,540,1224,1149,1169,1057
house-bills_m2_hetb,1.5,case_I,1392,20,0.0841896335863821,3967.9,7.0,0.0004542090306926908,0.000639997408895123,6.410672564895325,104,681,612,564,324
house-bills_m2_hetb,1.5,case_I,1393,20,0.4597958892749636,0.0,2.0,5.790333550132587e-05,0.00024297034674582602,1.0804082214500728,1219,1225,1053,1185,979
house-bills_m2_hetb,1.5,case_I,1394,20,0.5553176384279525,0.0,3.0,0.0011563825832308658,0.00043997131843211633,1.3340470847161425,1220,1096,358,832,920
house-bills_m2_hetb,1.5,case_I,1395,0,0.5645392862095029,0.0,0.0,0.0,0.00010743061772605194,0.0,1221,1469,1445,1469,1469
house-bills_m2_hetb,1.5,case_I,1396,20,0.0302027113843083,2022.0,1.0,0.0,0.00017507114463947087,0.9697972886156917,299,1355,1446,1308,1012
house-bills_m2_hetb,1.5,case_I,1397,20,0.7732342916221171,614.25,5.0,0.00017629627137369697,0.0004659362724903285,1.1338285418894145,574,882,843,804,964
house-bills_m2_hetb,1.5,case_I,1398,20,0.7219944120767331,1342.9,4.0,0.00015466468088437996,0.00036061181054620626,1.1120223516930676,433,977,871,965,968
house-bills_m2_hetb,1.5,case_I,1399,20,0.2970111784747991,848.4,7.0,0.00067703129493433,0.0006193321010114465,4.920921750676406,518,682,516,585,423
house-bills_m2_hetb,1.5,case_I,1400,20,0.4713454304536444,3006.45,6.0,0.0003338212142343825,0.00057493484933228,3.1719274172781335,187,786,678,632,591
house-bills_m2_hetb,1.5,case_I,1401,20,0.7391818794487419,0.0,2.0,2.725739779099472e-05,0.0002322904117013667,0.5216362411025162,1222,1226,1144,1219,1181
house-bills_m2_hetb,1.5,case_I,1402,20,0.8340747307980766,0.0,1.0,0.0,0.00020596420562177465,0.1659252692019234,1223,1356,1447,1259,1328
house-bills_m2_hetb,1.5,case_I,1403,20,0.2477164179479444,160.45,1.0,0.0,0.00020831544649068477,0.7522835820520556,759,1357,1448,1257,1092
house-bills_m2_hetb,1.5,case_I,1404,20,0.7708320963728408,486.3,2.0,3.1228004315995166e-05,0.00023897505497836463,0.45833580725431844,610,1227,1128,1203,1206
house-bills_m2_hetb,1.5,case_I,1405,20,0.4241983695702475,0.0,2.0,6.960901861433965e-06,0.00026778043550094885,1.151603260859505,1224,1228,1229,1142,959
house-bills_m2_hetb,1.5,case_I,1406,20,0.9531604880370382,0.0,2.0,2.7099895246901553e-05,0.00023939734591297995,0.09367902392592353,1225,1229,1145,1198,1353
house-bills_m2_hetb,1.5,case_I,1407,20,0.8783654950164146,0.0,2.0,0.0001275241044069685,0.00030072389533281226,0.24326900996717082,1226,1230,920,1073,1291
house-bills_m2_hetb,1.5,case_I,1408,20,0.35799152310807314,1729.4,2.0,8.155436322137642e-05,0.00029333900101901093,1.2840169537838537,357,1231,999,1091,930
house-bills_m2_hetb,1.5,case_I,1409,20,0.35983251422247087,0.0,2.0,2.388052433270495e-05,0.0002762936366470395,1.2803349715550583,1227,1232,1160,1129,932
house-bills_m2_hetb,1.5,case_I,1410,0,0.4858358613989018,0.0,0.0,0.0,0.00010743061772605194,0.0,1228,1470,1449,1470,1470
house-bills_m2_hetb,1.5,case_I,1411,20,0.9606447966726998,0.0,2.0,2.2883401432517582e-05,0.00024465754919110125,0.0787104066546005,1229,1233,1163,1182,1357
house-bills_m2_hetb,1.5,case_I,1412,200,0.14398054119793513,1482.42,8.0,0.0006564694367377047,0.0006951403867550566,6.848155670416519,406,596,522,498,309
house-bills_m2_hetb,1.5,case_I,1413,20,0.5489012665123931,1661.65,6.0,0.00026140921250856174,0.0005236174936920832,2.7065924009256412,366,787,752,709,658
house-bills_m2_hetb,1.5,case_I,1414,20,0.6477107544433567,3003.8,3.0,2.6689936074935086e-05,0.00030386374284719275,1.05686773666993,188,1097,1148,1062,985
house-bills_m2_hetb,1.5,case_I,1415,20,0.7200550744245918,-3216.5,5.0,0.000147938676960598,0.0004892470613024319,1.399724627877041,1487,883,878,768,902
house-bills_m2_hetb,1.5,case_I,1416,20,0.06711485073801471,1487.1,6.0,0.00021102625756333701,0.0005626089482016505,5.597310895571912,405,788,806,649,373
house-bills_m2_hetb,1.5,case_I,1417,20,0.5993153176299014,313.05,3.0,4.182924090180256e-05,0.00029786503304107175,1.2020540471102956,657,1098,1096,1082,950
house-bills_m2_hetb,1.5,case_I,1418,20,0.4504410344368798,0.0,2.0,2.8681866815767448e-05,0.000265399705669779,1.0991179311262405,1230,1234,1140,1145,975
house-bills_m2_hetb,1.5,case_I,1419,20,0.3394168925365474,0.0,3.0,0.0001226142558317789,0.0003566173865162287,1.9817493223903577,1231,1099,933,969,773
house-bills_m2_hetb,1.5,case_I,1420,0,0.970535745395725,0.0,0.0,0.0,0.00010743061772605194,0.0,1232,1471,1450,1471,1471
house-bills_m2_hetb,1.5,case_I,1421,20,0.10602912183064539,821.5,7.0,0.0009364842857978808,0.0007282515147099056,6.257796147185482,524,683,422,473,331
house-bills_m2_hetb,1.5,case_I,1422,20,0.708691782471572,42.0,2.0,3.4568990689321125e-05,0.00029310925552060224,0.5826164350568559,787,1235,1117,1093,1158
house-bills_m2_hetb,1.5,case_I,1423,20,0.20436046231027005,2074.2,2.0,1.3718024653539506e-05,0.00024515989797036826,1.59127907537946,288,1236,1200,1181,861
house-bills_m2_hetb,1.5,case_I,1424,20,0.9481022894736189,0.0,1.0,0.0,0.00021013673914506466,0.05189771052638115,1233,1358,1451,1255,1364
house-bills_m2_hetb,1.5,case_I,1425,0,0.5003145590931377,0.0,0.0,0.0,0.00010743061772605194,0.0,1234,1472,1452,1472,1472
house-bills_m2_hetb,1.5,case_I,1426,20,0.45338759132585316,848.4,8.0,0.00031314306883790255,0.0006744663946262554,4.372899269393175,519,597,697,526,465
house-bills_m2_hetb,1.5,case_I,1427,0,0.24850168001187267,0.0,0.0,0.0,0.00010743061772605194,0.0,1235,1473,1453,1473,1473
house-bills_m2_hetb,1.5,case_I,1428,20,0.5337793923358432,160.45,2.0,3.325631639757184e-05,0.0002471209546462042,0.9324412153283137,760,1237,1121,1174,1025
house-bills_m2_hetb,1.5,case_I,1429,20,0.8643289560409935,-709.95,4.0,0.0005719715935272737,0.00046202778426963757,0.5426841758360261,1419,978,554,810,1173
house-bills_m2_hetb,1.5,case_I,1430,20,0.07207328121152723,713.5,6.0,0.0004986408675771836,0.0006200444934519307,5.567560312730837,558,789,585,584,379
house-bills_m2_hetb,1.5,case_I,1431,20,0.6582265017536821,2884.15,4.0,0.00019882402941833306,0.00038494097632084184,1.3670939929852715,197,979,817,934,910
house-bills_m2_hetb,1.5,case_I,1432,20,0.1465543869611854,-549.5,1.0,0.0,0.0001787872429362915,0.8534456130388146,1392,1359,1454,1299,1049
house-bills_m2_hetb,1.5,case_I,1433,20,0.22507047398884616,160.45,3.0,6.864257622401312e-05,0.00033784011406924803,2.3247885780334614,761,1100,1030,1005,722
house-bills_m2_hetb,1.5,case_I,1434,0,0.8538524976332683,0.0,0.0,0.0,0.00010743061772605194,0.0,1236,1474,1455,1474,1474
house-bills_m2_hetb,1.5,case_I,1435,20,0.07227156302991455,-66.95,4.0,0.00013057785166346484,0.00042228913416701404,3.710913747880342,1299,980,916,861,533
house-bills_m2_hetb,1.5,case_I,1436,20,0.7316708832017987,0.0,1.0,0.0,0.00017171900306115257,0.26832911679820126,1237,1360,1456,1328,1275
house-bills_m2_hetb,1.5,case_I,1437,20,0.05785312375657925,0.0,1.0,0.0,0.00018150368677098856,0.9421468762434208,1238,1361,1457,1288,1023
house-bills_m2_hetb,1.5,case_I,1438,20,0.5095432760207479,733.2,2.0,4.803561085418893e-05,0.00028826839010775193,0.9809134479585042,552,1238,1082,1102,1006
house-bills_m2_hetb,1.5,case_I,1439,0,0.6235079875011236,0.0,0.0,0.0,0.00010743061772605194,0.0,1239,1475,1458,1475,1475
house-bills_m2_hetb,1.5,case_I,1440,20,0.14699853666224239,0.0,1.0,0.0,0.00017969687695173928,0.8530014633377576,1240,1362,1459,1291,1050
house-bills_m2_hetb,1.5,case_I,1441,0,0.8021095935456756,0.0,0.0,0.0,0.00010743061772605194,0.0,1241,1476,1460,1476,1476
house-bills_m2_hetb,1.5,case_I,1442,0,0.22101077998114638,0.0,0.0,0.0,0.00010743061772605194,0.0,1242,1477,1461,1477,1477
house-bills_m2_hetb,1.5,case_I,1443,20,0.47568248579721106,-178.5,4.0,0.000512167714186035,0.00045740343926888895,2.0972700568111557,1320,981,579,814,759
house-bills_m2_hetb,1.5,case_I,1444,20,0.24028121129313518,479.85,4.0,0.00010115228577434288,0.00040903969335684225,3.0388751548274593,613,982,964,877,605
house-bills_m2_hetb,1.5,case_I,1445,20,0.7635859224107355,2413.0,3.0,0.00017280454716826632,0.000342191294121796,0.7092422327677934,254,1101,848,999,1107
house-bills_m2_hetb,1.5,case_I,1446,20,0.25114131979706644,0.0,3.0,0.00011694843744048678,0.00032542892368745595,2.246576040608801,1243,1102,941,1021,733
house-bills_m2_hetb,1.5,case_I,1447,20,0.262182598526722,0.0,1.0,0.0,0.00018753108251179373,0.737817401473278,1244,1363,1462,1281,1100
house-bills_m2_hetb,1.5,case_I,1448,20,0.012176776794017075,0.0,1.0,0.0,0.00017600067695736464,0.9878232232059829,1245,1364,1463,1302,1004
house-bills_m2_hetb,1.5,case_I,1449,20,0.8998375981764654,0.0,3.0,7.552688044472602e-05,0.0003417538163503356,0.3004872054706039,1246,1103,1017,1001,1263
house-bills_m2_hetb,1.5,case_I,1450,20,0.03359696275689261,149.55,1.0,0.0,0.0001758089367997986,0.9664030372431074,764,1365,1464,1304,1014
house-bills_m2_hetb,1.5,case_I,1451,0,0.3145864476464628,0.0,0.0,0.0,0.00010743061772605194,0.0,1247,1478,1465,1478,1478
house-bills_m2_hetb,1.5,case_I,1452,0,0.6470071622065572,0.0,0.0,0.0,0.00010743061772605194,0.0,1248,1479,1466,1479,1479
house-bills_m2_hetb,1.5,case_I,1453,20,0.3320857338144194,0.0,2.0,0.00011276037350189433,0.00031836008393480166,1.3358285323711612,1249,1239,945,1034,919
house-bills_m2_hetb,1.5,case_I,1454,0,0.5972060998913077,0.0,0.0,0.0,0.00010743061772605194,0.0,1250,1480,1467,1480,1480
house-bills_m2_hetb,1.5,case_I,1455,0,0.36456487311529495,0.0,0.0,0.0,0.00010743061772605194,0.0,1251,1481,1468,1481,1481
house-bills_m2_hetb,1.5,case_I,1456,20,0.8799511230920498,0.0,1.0,0.0,0.00017514804194303,0.12004887690795019,1252,1366,1469,1307,1345
house-bills_m2_hetb,1.5,case_I,1457,0,0.15897921629231215,0.0,0.0,0.0,0.00010743061772605194,0.0,1253,1482,1470,1482,1482
house-bills_m2_hetb,1.5,case_I,1458,20,0.018410431182694587,2667.95,1.0,0.0,0.00018923976562594026,0.9815895688173054,215,1367,1471,1277,1005
house-bills_m2_hetb,1.5,case_I,1459,0,0.09970000366462284,0.0,0.0,0.0,0.00010743061772605194,0.0,1254,1483,1472,1483,1483
house-bills_m2_hetb,1.5,case_I,1460,20,0.5239920370250133,-178.5,5.0,0.00021811883347577887,0.00046926963297233754,2.3800398148749338,1321,884,799,798,712
house-bills_m2_hetb,1.5,case_I,1461,20,0.592268699619776,160.45,7.0,0.0016205150688497955,0.0006899353857808628,2.854119102661568,762,684,276,503,628
house-bills_m2_hetb,1.5,case_I,1462,20,0.8339028183744194,0.0,1.0,0.0,0.00017947338951103625,0.16609718162558063,1255,1368,1473,1295,1327
house-bills_m2_hetb,1.5,case_I,1463,20,0.9546479818986865,0.0,2.0,4.1893829114520645e-06,0.00025265317627707733,0.09070403620262701,1256,1240,1242,1157,1355
house-bills_m2_hetb,1.5,case_I,1464,20,0.401304424874914,0.0,1.0,0.0,0.00017409718255584626,0.598695575125086,1257,1369,1474,1317,1152
house-bills_m2_hetb,1.5,case_I,1465,0,0.8236951744580298,0.0,0.0,0.0,0.00010743061772605194,0.0,1258,1484,1475,1484,1484
house-bills_m2_hetb,1.5,case_I,1466,20,0.40516974684934126,1233.35,5.0,0.0001370169446706913,0.00043017526492416364,2.9741512657532936,453,885,902,847,611
house-bills_m2_hetb,1.5,case_I,1467,20,0.3706570239468989,0.0,2.0,2.8350536540236422e-05,0.0002607407541651656,1.2586859521062022,1259,1241,1142,1150,935
house-bills_m2_hetb,1.5,case_I,1468,20,0.1326942880592098,-709.95,1.0,0.0,0.0001779136178900579,0.8673057119407902,1420,1370,1476,1300,1044
house-bills_m2_hetb,1.5,case_I,1469,20,0.8686533835131917,0.0,2.0,9.789499885736651e-06,0.00023902736945616596,0.2626932329736167,1260,1242,1213,1202,1279
house-bills_m2_hetb,1.5,case_I,1470,20,0.3361072638152569,0.0,1.0,0.0,0.00017364544773996597,0.6638927361847431,1261,1371,1477,1320,1127
house-bills_m2_hetb,1.5,case_I,1471,0,0.6466911011130169,0.0,0.0,0.0,0.00010743061772605194,0.0,1262,1485,1478,1485,1485
house-bills_m2_hetb,1.5,case_I,1472,20,0.5171654789011755,593.45,3.0,5.61555325375998e-05,0.0003133143842744289,1.4485035632964736,581,1104,1057,1040,889
house-bills_m2_hetb,1.5,case_I,1473,0,0.9968375249315817,0.0,0.0,0.0,0.00010743061772605194,0.0,1263,1486,1479,1486,1486
house-bills_m2_hetb,1.5,case_I,1474,20,0.2556339822243743,-66.95,2.0,1.5062900746598498e-05,0.00027647860676575285,1.4887320355512514,1300,1243,1196,1127,881
house-bills_m2_hetb,1.5,case_I,1475,20,0.5514986455993405,-66.95,2.0,4.0206618064052196e-05,0.00026933910622262467,0.897002708801319,1301,1244,1104,1141,1036
house-bills_m2_hetb,1.5,case_I,1476,0,0.7896322571214801,0.0,0.0,0.0,0.00010743061772605194,0.0,1264,1487,1480,1487,1487
house-bills_m2_hetb,1.5,case_I,1477,20,0.19108099964792524,0.0,1.0,0.0,0.00019672892194584835,0.8089190003520748,1265,1372,1481,1264,1067
house-bills_m2_hetb,1.5,case_I,1478,0,0.8231738011496573,0.0,0.0,0.0,0.00010743061772605194,0.0,1266,1488,1482,1488,1488
house-bills_m2_hetb,1.5,case_I,1479,20,0.5581697323222211,0.0,1.0,0.0,0.00019619149630603213,0.4418302676777789,1267,1373,1483,1268,1213
house-bills_m2_hetb,1.5,case_I,1480,20,0.10351906938606403,1992.2,2.0,7.313864118818316e-06,0.00027654742445909497,1.792961861227872,306,1245,1225,1126,812
house-bills_m2_hetb,1.5,case_I,1481,0,0.9680567674181526,0.0,0.0,0.0,0.00010743061772605194,0.0,1268,1489,1484,1489,1489
house-bills_m2_hetb,1.5,case_I,1482,0,0.4118515661605675,0.0,0.0,0.0,0.00010743061772605194,0.0,1269,1490,1485,1490,1490
house-bills_m2_hetb,1.5,case_I,1483,20,0.475406182769067,0.0,1.0,0.0,0.00018501208033415287,0.524593817230933,1270,1374,1486,1285,1179
house-bills_m2_hetb,1.5,case_I,1484,20,0.7844622831603345,42.0,2.0,6.011254185426174e-06,0.0002492515743136533,0.431075433679331,788,1246,1232,1164,1220
house-bills_m2_hetb,1.5,case_I,1485,20,0.9646372922171242,0.0,5.0,0.0002352739591953341,0.0005212901812269969,0.1768135389143788,1271,886,785,715,1321
house-bills_m2_hetb,1.5,case_I,1486,20,0.24553852625628458,0.0,1.0,0.0,0.00021697106971274512,0.7544614737437154,1272,1375,1487,1252,1089
house-bills_m2_hetb,1.5,case_I,1487,20,0.13616548832232767,-24.95,2.0,3.407457059441469e-05,0.00027139167095729076,1.7276690233553447,1284,1247,1119,1137,831
house-bills_m2_hetb,1.5,case_I,1488,20,0.7447308953008215,0.0,1.0,0.0,0.00019538823810223027,0.2552691046991785,1273,1376,1488,1269,1283
house-bills_m2_hetb,1.5,case_I,1489,0,0.6770375078933076,0.0,0.0,0.0,0.00010743061772605194,0.0,1274,1491,1489,1491,1491
house-bills_m2_hetb,1.5,case_I,1490,20,0.4465205431987034,0.0,1.0,0.0,0.00023687124221744322,0.5534794568012966,1275,1377,1490,1207,1169
house-bills_m2_hetb,1.5,case_I,1491,0,0.6476068992896135,0.0,0.0,0.0,0.00010743061772605194,0.0,1276,1492,1491,1492,1492
house-bills_m2_hetb,1.5,case_I,1492,0,0.9441499806395017,0.0,0.0,0.0,0.00010743061772605194,0.0,1277,1493,1492,1493,1493
house-bills_m2_hetb,1.5,case_I,1493,20,0.8419109783899698,0.0,1.0,0.0,0.00017956098914187734,0.15808902161003024,1278,1378,1493,1293,1333
house-bills_m2_hetb,0.75,case_II,0,20,0.5118216247002567,1476.8,15.0,0.001031219152684035,0.0010025461308106754,7.32267562949615,344,250,396,290,284
house-bills_m2_hetb,0.75,case_II,1,200,0.9504636963259353,-367.15,54.0,0.016747314379096497,0.0034044314930167965,2.6749603983994934,1454,5,9,7,664
house-bills_m2_hetb,0.75,case_II,2,20,0.14415961271963373,0.0,2.0,1.3137824558604946e-05,0.00023963665832989236,1.7116807745607325,830,1105,1203,1196,834
house-bills_m2_hetb,0.75,case_II,3,20,0.9486494471372439,0.0,5.0,9.793981848432997e-05,0.000385041267299109,0.2567527643137807,831,790,969,932,1282
house-bills_m2_hetb,0.75,case_II,4,200,0.31183145201048545,2060.87,25.0,0.0041135469621653015,0.001635935845519566,17.204213699737863,248,89,97,96,67
house-bills_m2_hetb,0.75,case_II,5,200,0.42332644897257565,1692.625,24.0,0.003146239209197057,0.0015735281051320795,13.840165224658184,300,99,147,106,107
house-bills_m2_hetb,0.75,case_II,6,20,0.8277025938204418,1755.15,13.0,0.0005906040072049066,0.0008692690723147748,2.2398662803342573,290,305,543,366,735
house-bills_m2_hetb,0.75,case_II,7,20,0.4091991363691613,0.0,5.0,9.398532274541292e-05,0.000402559713758166,2.9540043181541935,832,791,975,889,615
house-bills_m2_hetb,0.75,case_II,8,20,0.5495936876730595,118.85,5.0,3.669604739618156e-05,0.0003832586414689416,2.2520315616347024,766,792,1114,939,731
house-bills_m2_hetb,0.75,case_II,9,20,0.027559113243068367,1800.05,11.0,0.0004863352869852659,0.0007828136976326804,10.696849754326248,285,395,592,438,164
house-bills_m2_hetb,0.75,case_II,10,20,0.7535131086748066,0.0,1.0,0.0,0.00016441120527563345,0.2464868913251934,833,1248,1248,1363,1288
house-bills_m2_hetb,0.75,case_II,11,200,0.5381433132192782,2206.945,27.0,0.006650383205312805,0.0018406554577982417,12.470130543079488,220,74,46,69,124
house-bills_m2_hetb,0.75,case_II,12,20,0.32973171649909216,1381.5,9.0,0.00046853801635338604,0.0006624544344082748,6.032414551508171,375,488,605,539,341
house-bills_m2_hetb,0.75,case_II,13,20,0.7884287034284043,-343.55,8.0,0.00035115572338833813,0.0005850397040004232,1.6925703725727654,1452,533,666,618,843
house-bills_m2_hetb,0.75,case_II,14,20,0.303194829291645,0.0,1.0,0.0,0.00019660377024531572,0.696805170708355,834,1249,1249,1266,1112
house-bills_m2_hetb,0.75,case_II,15,20,0.4534978894806515,-226.3,2.0,2.248287649779821e-05,0.00023962508033492666,1.093004221038697,1440,1106,1166,1197,976
house-bills_m2_hetb,0.75,case_II,16,200,0.13404169724716475,3854.39,15.0,0.0018573492276033072,0.0009979157502258832,12.989374541292529,55,251,245,291,116
house-bills_m2_hetb,0.75,case_II,17,20,0.40311298644712923,1492.45,13.0,0.0015705116847095657,0.0009071186574240177,7.75953117618732,340,306,281,341,272
house-bills_m2_hetb,0.75,case_II,18,200,0.20345524067614962,2629.925,21.0,0.0036983833827222965,0.001401744267675393,16.727439945800857,162,130,113,144,72
house-bills_m2_hetb,0.75,case_II,19,20,0.2623133404418495,2402.45,8.0,0.00048452070669431743,0.0005756929192379209,5.901493276465204,194,534,594,629,346
house-bills_m2_hetb,0.75,case_II,20,20,0.7503646726300526,-94.1,10.0,0.0001847330622861557,0.0006838720016906482,2.4963532736994742,1397,433,834,508,691
house-bills_m2_hetb,0.75,case_II,21,200,0.2804087579860399,2658.35,21.0,0.001123970029214872,0.001276312740517106,15.111416082293161,153,131,368,174,93
house-bills_m2_hetb,0.75,case_II,22,200,0.48519097443163506,3759.145,37.0,0.006335130891471961,0.002261814656105265,19.047933946029502,59,33,52,44,51
house-bills_m2_hetb,0.75,case_II,23,200,0.9807371998012386,275.885,74.0,0.02583828251344068,0.004566662307175833,1.425447214708341,713,0,0,0,897
house-bills_m2_hetb,0.75,case_II,24,20,0.9616571936637868,0.0,6.0,0.0001493054611392604,0.00046839020922933433,0.23005683801727939,835,685,876,799,1297
house-bills_m2_hetb,0.75,case_II,25,20,0.7247899407735336,1003.85,5.0,0.0003063416831545345,0.0004285279088260676,1.3760502961323318,538,793,707,852,907
house-bills_m2_hetb,0.75,case_II,26,20,0.5412268555474342,2427.15,11.0,0.0010818550100669187,0.0007878276372775628,5.046504588978223,187,396,383,433,417
house-bills_m2_hetb,0.75,case_II,27,20,0.2768912040453708,0.0,2.0,1.6796196496680228e-05,0.0002327375187679616,1.4462175919092584,836,1107,1188,1217,891
house-bills_m2_hetb,0.75,case_II,28,200,0.16065200877512686,5798.11,36.0,0.007865970639566964,0.0022885082966802193,30.216527684095432,25,38,37,43,17
house-bills_m2_hetb,0.75,case_II,29,20,0.9699254132161326,0.0,12.0,0.0022654329344141935,0.0008906990878636353,0.36089504140640916,837,353,208,352,1241
house-bills_m2_hetb,0.75,case_II,30,20,0.5160685855478787,0.0,5.0,0.0006049234495144636,0.0005085092992895981,2.4196570722606063,838,794,541,745,701
house-bills_m2_hetb,0.75,case_II,31,20,0.11586561247077032,2770.65,9.0,0.0009459525253577502,0.0007822382838599773,7.957209487763067,143,489,418,439,261
house-bills_m2_hetb,0.75,case_II,32,20,0.6234897555375004,513.75,2.0,2.0804128421973962e-05,0.0002224384754187483,0.7530204889249992,643,1108,1175,1245,1091
house-bills_m2_hetb,0.75,case_II,33,200,0.776683114342298,168.915,21.0,0.001300562670817779,0.0013249172631569156,4.689654598811742,744,132,327,168,438
house-bills_m2_hetb,0.75,case_II,34,20,0.6130033010530405,378.9,13.0,0.0007110246379931382,0.000913301165952046,5.030957086310474,675,307,499,334,419
house-bills_m2_hetb,0.75,case_II,35,20,0.9172977047909027,0.0,5.0,6.921000520276648e-05,0.0004149399563940524,0.41351147604548666,839,795,1029,869,1224
house-bills_m2_hetb,0.75,case_II,36,20,0.03959287666420286,1882.95,18.0,0.001966342255748732,0.001159003225618351,17.287328220044348,271,180,234,224,65
house-bills_m2_hetb,0.75,case_II,37,0,0.5285892632600216,0.0,0.0,0.0,0.00010743061772605194,0.0,840,1379,1250,1379,1379
house-bills_m2_hetb,0.75,case_II,38,0,0.4593358828854037,0.0,0.0,0.0,0.00010743061772605194,0.0,841,1380,1251,1380,1380
house-bills_m2_hetb,0.75,case_II,39,200,0.0623495791498756,7227.915,33.0,0.0077206600452784015,0.002154981601386372,30.942463888054107,15,46,39,49,14
house-bills_m2_hetb,0.75,case_II,40,20,0.641328169139375,1334.8,7.0,0.00024927419024445405,0.0005144583263827448,2.5107028160243754,388,598,763,732,688
house-bills_m2_hetb,0.75,case_II,41,20,0.8526328384806567,-564.0,5.0,8.642154614976896e-05,0.00039361918027313334,0.7368358075967163,1463,796,987,904,1101
house-bills_m2_hetb,0.75,case_II,42,20,0.592941018104284,2060.7,20.0,0.003841727007123386,0.001398861735552186,8.14117963791432,249,144,110,146,255
house-bills_m2_hetb,0.75,case_II,43,20,0.2600974477372232,751.0,5.0,0.0005043614117458045,0.0004629902038805441,3.699512761313884,582,797,580,807,538
house-bills_m2_hetb,0.75,case_II,44,20,0.8398815210314088,1435.55,1.0,0.0,0.0001879747360522315,0.16011847896859122,355,1250,1252,1279,1329
house-bills_m2_hetb,0.75,case_II,45,200,0.5094958815215094,3846.185,39.0,0.01309773728454715,0.0025397139076872095,19.129660620661134,56,29,14,28,49
house-bills_m2_hetb,0.75,case_II,46,200,0.510888884466533,3272.585,29.0,0.0028634880774420146,0.001773104966215861,14.184222350470542,94,60,166,79,102
house-bills_m2_hetb,0.75,case_II,47,20,0.7530302077021779,0.0,7.0,0.0010043007345181484,0.0006264801657883508,1.728788546084755,842,599,403,578,829
house-bills_m2_hetb,0.75,case_II,48,0,0.14792203578495655,0.0,0.0,0.0,0.00010743061772605194,0.0,843,1381,1253,1381,1381
house-bills_m2_hetb,0.75,case_II,49,20,0.819626719119277,-214.8,10.0,0.0007300471143802507,0.0007411881193260752,1.8037328088072302,1438,434,489,469,810
house-bills_m2_hetb,0.75,case_II,50,20,0.6832869060032571,0.0,16.0,0.002708462493436355,0.001165443880207535,5.067409503947886,844,222,171,219,415
house-bills_m2_hetb,0.75,case_II,51,20,0.787096941554801,0.0,10.0,0.0007232224316965149,0.0007175893384199062,2.1290305844519897,845,435,492,484,754
house-bills_m2_hetb,0.75,case_II,52,200,0.19161625902013524,2225.29,21.0,0.0038076429196126278,0.0013956427179836243,16.97605856057716,214,133,111,147,69
house-bills_m2_hetb,0.75,case_II,53,20,0.80236416113453,-1784.6,14.0,0.0007085404400311733,0.0009172036872077363,2.7669017441165797,1484,274,500,332,645
house-bills_m2_hetb,0.75,case_II,54,20,0.19132392605720028,1199.75,10.0,0.0003182972209189241,0.0006828337634789378,8.086760739427998,429,436,693,511,256
house-bills_m2_hetb,0.75,case_II,55,20,0.08155261736351271,153.0,5.0,0.0009241213565949034,0.0004731676471623846,4.592236913182436,753,798,428,793,450
house-bills_m2_hetb,0.75,case_II,56,20,0.8552269742870702,474.75,17.0,0.004254426567184123,0.001255647268577347,2.461141437119807,654,200,93,184,695
house-bills_m2_hetb,0.75,case_II,57,20,0.8612834961776684,0.0,2.0,5.391150172055163e-06,0.000227021277968819,0.27743300764466317,846,1109,1236,1229,1271
house-bills_m2_hetb,0.75,case_II,58,20,0.8765370964165805,0.0,5.0,0.00030447880890426774,0.000432027118226059,0.6173145179170975,847,799,709,845,1147
house-bills_m2_hetb,0.75,case_II,59,20,0.4719097193587902,0.0,1.0,0.0,0.0001974456139416963,0.5280902806412098,848,1251,1254,1263,1177
house-bills_m2_hetb,0.75,case_II,60,20,0.2740483886137183,1409.6,6.0,0.0001370515547035092,0.00045227471670512213,4.35570966831769,360,686,901,821,468
house-bills_m2_hetb,0.75,case_II,61,200,0.007091828603166261,16296.965,47.0,0.010930952563064533,0.0028919669820362485,46.66668405565119,1,11,18,13,2
house-bills_m2_hetb,0.75,case_II,62,20,0.6457208955749478,116.45,20.0,0.0013453556105759044,0.0012240026296185785,7.085582088501043,768,145,316,197,294
house-bills_m2_hetb,0.75,case_II,63,20,0.719909383508693,0.0,1.0,0.0,0.00018711304037309434,0.28009061649130695,849,1252,1255,1283,1269
house-bills_m2_hetb,0.75,case_II,64,20,0.8355692165002742,0.0,15.0,0.0014163177024510646,0.0010236772145208925,2.4664617524958876,850,252,304,275,693
house-bills_m2_hetb,0.75,case_II,65,20,0.28187782736454214,2270.35,13.0,0.0016098774924730374,0.0009281109026721114,9.335588244260952,209,308,277,324,217
house-bills_m2_hetb,0.75,case_II,66,20,0.2152181671629736,1296.2,10.0,0.0016697314154351115,0.0007582771813481614,7.8478183283702645,394,437,270,456,266
house-bills_m2_hetb,0.75,case_II,67,200,0.6393313800665879,562.71,29.0,0.005128462028250886,0.001837831406716915,10.459389978068952,630,61,71,70,172
house-bills_m2_hetb,0.75,case_II,68,20,0.8050548331450097,-622.35,19.0,0.00257127581605571,0.0012741980622600292,3.7039581702448157,1474,165,182,179,535
house-bills_m2_hetb,0.75,case_II,69,20,0.9636708728449709,0.0,4.0,0.00013894526969977962,0.00035675240261738876,0.14531650862011647,851,887,896,968,1336
house-bills_m2_hetb,0.75,case_II,70,20,0.15052483042117748,3399.4,12.0,0.00046897425546248405,0.0007869389058826648,10.19370203494587,85,354,604,434,182
house-bills_m2_hetb,0.75,case_II,71,20,0.48221238819933654,2874.9,12.0,0.0012116616813507984,0.0008581505361116975,6.2134513416079615,130,355,342,379,333
house-bills_m2_hetb,0.75,case_II,72,200,0.8947158621961735,244.865,40.0,0.01146603112688002,0.002584793869241378,4.21136551215306,724,26,15,25,478
house-bills_m2_hetb,0.75,case_II,73,200,0.4227169069454373,2483.615,23.0,0.004689878995914454,0.001527034371173876,13.277511140254942,176,109,80,117,114
house-bills_m2_hetb,0.75,case_II,74,20,0.5895020620840481,1254.7,9.0,0.0005309858729395756,0.0006975683419423205,3.694481441243567,421,490,574,494,539
house-bills_m2_hetb,0.75,case_II,75,200,0.0244906774933632,8706.59,41.0,0.006605484065840194,0.002534206610552487,39.99588222277211,10,22,47,29,4
house-bills_m2_hetb,0.75,case_II,76,200,0.6734598871529389,2029.555,24.0,0.0027587210791474924,0.0014726923064636724,7.836962708329466,254,100,168,133,267
house-bills_m2_hetb,0.75,case_II,77,20,0.9190886196338225,0.0,6.0,0.00022700267348616112,0.00048817830129235654,0.48546828219706506,852,687,792,773,1197
house-bills_m2_hetb,0.75,case_II,78,20,0.8268253295567211,0.0,2.0,5.754117765929138e-05,0.000253167560739378,0.3463493408865579,853,1110,1054,1156,1248
house-bills_m2_hetb,0.75,case_II,79,200,0.8855202667099468,510.25,24.0,0.004084708630101435,0.001572253256885379,2.7475135989612776,648,101,99,108,652
house-bills_m2_hetb,0.75,case_II,80,20,0.6603553805205233,678.1,14.0,0.0008756886460373056,0.0009503953294029597,4.755024672712674,597,275,445,312,435
house-bills_m2_hetb,0.75,case_II,81,20,0.24555226724317758,0.0,3.0,2.3971706489355517e-05,0.0003081206512948585,2.2633431982704675,854,983,1159,1050,728
house-bills_m2_hetb,0.75,case_II,82,200,0.7685169988962544,690.535,25.0,0.0050134599370978295,0.0017359511469900663,5.787075027593641,591,90,75,81,358
house-bills_m2_hetb,0.75,case_II,83,20,0.2116747426075105,1294.1,10.0,0.0002481382398570371,0.0006917821459691843,7.883252573924895,396,438,765,500,265
house-bills_m2_hetb,0.75,case_II,84,20,0.8312748346644612,430.15,2.0,8.423351647851436e-06,0.00023965416307475943,0.33745033067107766,665,1111,1222,1195,1253
house-bills_m2_hetb,0.75,case_II,85,20,0.06271792257076825,2107.15,10.0,0.0005640056620730345,0.0006968807512179295,9.372820774292318,239,439,559,495,214
house-bills_m2_hetb,0.75,case_II,86,20,0.8254878133935558,0.0,3.0,5.6964277151999144e-05,0.000308721453766913,0.5235365598193326,855,984,1055,1048,1180
house-bills_m2_hetb,0.75,case_II,87,20,0.1645072664741013,944.95,3.0,4.484172767363119e-05,0.0003000039122733113,2.506478200577696,551,985,1091,1076,689
house-bills_m2_hetb,0.75,case_II,88,20,0.37514699649664185,1145.95,5.0,0.00018704169232565987,0.00043455379199783674,3.124265017516791,449,800,830,840,598
house-bills_m2_hetb,0.75,case_II,89,20,0.3167381665569643,-152.55,2.0,8.601409775348186e-06,0.00022359444040922824,1.3665236668860714,1409,1112,1221,1242,912
house-bills_m2_hetb,0.75,case_II,90,20,0.6913370352777413,925.25,2.0,0.000130595652248225,0.0003042135574670123,0.6173259294445175,560,1113,915,1059,1146
house-bills_m2_hetb,0.75,case_II,91,20,0.17857187817437192,1709.65,13.0,0.00132678132783209,0.000930382260772856,10.678565583733166,296,309,320,322,166
house-bills_m2_hetb,0.75,case_II,92,20,0.39625616221698645,-357.95,8.0,0.000549590236322366,0.0005802265026357804,4.829950702264108,1453,535,567,626,429
house-bills_m2_hetb,0.75,case_II,93,20,0.0058245951079809455,625.6,11.0,0.0010618379631529245,0.0008166763094513787,10.935929453812209,610,397,387,410,160
house-bills_m2_hetb,0.75,case_II,94,200,0.2624947127501015,1645.765,14.0,0.0009841783530888293,0.0009651304897175187,10.32507402149858,315,276,405,306,178
house-bills_m2_hetb,0.75,case_II,95,20,0.42118881422895527,1043.8,3.0,5.598695757411586e-05,0.000307505006515606,1.7364335573131342,499,986,1058,1053,825
house-bills_m2_hetb,0.75,case_II,96,200,0.10592123670732445,4884.815,27.0,0.0019121060156579816,0.0016429049406550859,24.14012660890224,36,75,239,94,27
house-bills_m2_hetb,0.75,case_II,97,20,0.6331599460365578,8.85,2.0,3.0042129745689464e-05,0.00023020454050036248,0.7336801079268844,820,1114,1134,1226,1102
house-bills_m2_hetb,0.75,case_II,98,20,0.38042426988653233,269.75,15.0,0.0009216330597546816,0.0009627434378782633,9.293635951702015,716,253,429,308,218
house-bills_m2_hetb,0.75,case_II,99,20,0.7252939380762389,-214.8,18.0,0.0018155329752122219,0.0011877167192889929,4.944709114627701,1439,181,251,212,421
house-bills_m2_hetb,0.75,case_II,100,200,0.6538660110683944,1476.28,33.0,0.005824632245944138,0.0020757509260924912,11.422421634742985,345,47,57,52,148
house-bills_m2_hetb,0.75,case_II,101,200,0.4312267487774062,342.93,10.0,0.00034682760765657487,0.0006710363408133705,5.687732512225939,686,440,668,528,368
house-bills_m2_hetb,0.75,case_II,102,200,0.8673205056421992,112.84,64.0,0.022476332693424122,0.004004470769000461,8.491487638899251,771,1,4,2,246
house-bills_m2_hetb,0.75,case_II,103,200,0.632135117500167,893.08,29.0,0.0026496753965160103,0.0017649903030491827,10.668081592495156,568,62,175,80,168
house-bills_m2_hetb,0.75,case_II,104,20,0.8102743521062991,269.75,17.0,0.003494239949107472,0.0012740418009169654,3.225336014192916,717,201,125,180,582
house-bills_m2_hetb,0.75,case_II,105,20,0.341794723940113,1105.85,12.0,0.0010452021790693488,0.0008379589782933968,7.898463312718643,475,356,393,395,264
house-bills_m2_hetb,0.75,case_II,106,20,0.5436692896684556,1183.5,16.0,0.0010531285621676774,0.0010722007067738223,7.30129136530471,433,223,390,259,288
house-bills_m2_hetb,0.75,case_II,107,20,0.1962968851147534,-212.25,4.0,5.6949814073662735e-05,0.0003456642995984828,3.2148124595409864,1430,888,1056,986,583
house-bills_m2_hetb,0.75,case_II,108,200,0.9961411901186279,94.915,41.0,0.007726145762033427,0.0026052828818167576,0.1582112051362563,789,23,38,24,1332
house-bills_m2_hetb,0.75,case_II,109,20,0.24321546430632712,0.0,3.0,1.3431843470553902e-05,0.00027319228894116023,2.2703536070810184,856,987,1202,1134,726
house-bills_m2_hetb,0.75,case_II,110,20,0.25686746722710274,1042.35,9.0,0.0007431406947169658,0.0006548909861985578,6.688192794956075,529,491,486,549,316
house-bills_m2_hetb,0.75,case_II,111,0,0.07319007239096598,0.0,0.0,0.0,0.00010743061772605194,0.0,857,1382,1256,1382,1382
house-bills_m2_hetb,0.75,case_II,112,200,0.2578031189967366,4238.185,28.0,0.005288756127263498,0.0018193257812026764,20.781512668091377,50,68,67,72,36
house-bills_m2_hetb,0.75,case_II,113,20,0.7631285325440532,-152.55,9.0,0.0003193900142928209,0.000671945919135901,2.131843207103521,1410,492,692,527,751
house-bills_m2_hetb,0.75,case_II,114,20,0.6978935706830813,-294.75,5.0,0.00017483047840527696,0.0003943546374629795,1.5105321465845933,1450,801,844,903,877
house-bills_m2_hetb,0.75,case_II,115,20,0.12867321231716944,0.0,1.0,0.0,0.00019458167262277154,0.8713267876828306,858,1253,1257,1271,1043
house-bills_m2_hetb,0.75,case_II,116,200,0.37623850142809423,4318.84,33.0,0.005978022171323508,0.0021568770490802544,20.58412945287289,46,48,55,48,37
house-bills_m2_hetb,0.75,case_II,117,20,0.4209213946174629,1642.9,15.0,0.002250663657957956,0.0010474119340068819,8.686179080738055,316,254,212,266,237
house-bills_m2_hetb,0.75,case_II,118,200,0.6649842463619607,858.575,31.0,0.005081703507596927,0.001953987222561002,10.385488362779217,574,52,72,58,176
house-bills_m2_hetb,0.75,case_II,119,20,0.45592896304374886,0.0,1.0,0.0,0.00016765615796769515,0.5440710369562511,859,1254,1258,1342,1171
house-bills_m2_hetb,0.75,case_II,120,20,0.5865183268255314,1043.8,7.0,0.0002837273893987982,0.0005427008105230869,2.89437171222128,500,600,732,678,622
house-bills_m2_hetb,0.75,case_II,121,20,0.8396846036089424,354.15,7.0,0.001137284136689489,0.0005853532782635107,1.1222077747374035,683,601,364,617,966
house-bills_m2_hetb,0.75,case_II,122,200,0.7264736103123705,416.0,25.0,0.002994477805772972,0.0015746472810211209,6.838159742190738,668,91,155,105,310
house-bills_m2_hetb,0.75,case_II,123,20,0.36500726350855894,682.45,10.0,0.00042550307176711524,0.0006684246466047933,6.349927364914411,593,441,626,533,327
house-bills_m2_hetb,0.75,case_II,124,20,0.44839630934448427,2478.35,20.0,0.00396438484371104,0.0013777885582828904,11.032073813110316,177,146,104,154,157
house-bills_m2_hetb,0.75,case_II,125,200,0.3676995696900066,6655.12,44.0,0.004305673246414943,0.002567689322248169,27.82121893363971,19,14,90,26,22
house-bills_m2_hetb,0.75,case_II,126,20,0.10973466400669674,1747.75,9.0,0.0004268307889028152,0.0006682807279387259,8.01238802393973,291,493,624,534,259
house-bills_m2_hetb,0.75,case_II,127,20,0.2032415440873966,0.0,5.0,0.0003015060696928407,0.0004811052079628568,3.983792279563017,860,802,710,781,496
house-bills_m2_hetb,0.75,case_II,128,200,0.2838064889441311,2883.015,27.0,0.0044767253496381,0.0017012644675845992,19.337224798508462,128,76,87,85,46
house-bills_m2_hetb,0.75,case_II,129,20,0.3141338956023022,-1734.25,7.0,0.0003443382756770179,0.0005640391937738852,4.801062730783885,1483,602,672,647,433
house-bills_m2_hetb,0.75,case_II,130,200,0.3130478588199377,6939.335,41.0,0.00830775691887918,0.0026220138732712187,28.165037788382556,18,24,31,23,20
house-bills_m2_hetb,0.75,case_II,131,20,0.576699716252952,583.85,10.0,0.00038906791516841164,0.0007534399641508158,4.23300283747048,623,442,644,459,476
house-bills_m2_hetb,0.75,case_II,132,20,0.9716899756197547,0.0,4.0,0.00046903605757728906,0.0004361357663724328,0.1132400975209813,861,889,603,838,1347
house-bills_m2_hetb,0.75,case_II,133,20,0.774664134923732,0.0,1.0,0.0,0.00016433079077011147,0.22533586507626802,862,1255,1259,1364,1300
house-bills_m2_hetb,0.75,case_II,134,20,0.7911339481728052,2599.1,21.0,0.001208508821597913,0.001271617231826863,4.38618708837109,165,134,344,181,464
house-bills_m2_hetb,0.75,case_II,135,20,0.75926850053958,0.0,9.0,0.000617383011115033,0.000670184538563534,2.1665834951437803,863,494,537,529,743
house-bills_m2_hetb,0.75,case_II,136,20,0.5969877305237564,1266.65,9.0,0.0004919568954713768,0.0006465223602293059,3.627110425286192,408,495,586,558,545
house-bills_m2_hetb,0.75,case_II,137,20,0.9176922571709127,0.0,4.0,7.685402478515119e-05,0.0003382841307637993,0.32923097131634904,864,890,1016,1003,1258
house-bills_m2_hetb,0.75,case_II,138,20,0.689630155447081,911.5,13.0,0.0017729130593194969,0.0009738838661798633,4.034807979187947,564,310,256,301,490
house-bills_m2_hetb,0.75,case_II,139,20,0.500356430736871,0.0,2.0,2.812182020133088e-06,0.00022434473767164257,0.9992871385262581,865,1115,1244,1239,999
house-bills_m2_hetb,0.75,case_II,140,200,0.07708380850053875,4289.885,22.0,0.0016966702751440407,0.0013727819648715154,20.304156212988147,48,119,267,155,38
house-bills_m2_hetb,0.75,case_II,141,20,0.48844922708552385,0.0,1.0,0.0,0.00016442394373876842,0.5115507729144761,866,1256,1260,1362,1184
house-bills_m2_hetb,0.75,case_II,142,20,0.21283099534033434,1908.2,14.0,0.0012858708485187463,0.0010182680020140833,11.020366065235319,269,277,331,280,158
house-bills_m2_hetb,0.75,case_II,143,20,0.13269629754678725,3515.6,8.0,0.0006855415981801534,0.0006188798364501443,6.938429619625702,73,536,512,586,304
house-bills_m2_hetb,0.75,case_II,144,20,0.506064922529373,-463.4,14.0,0.0024324469409165864,0.0010183447757429922,6.915091084588779,1459,278,192,279,306
house-bills_m2_hetb,0.75,case_II,145,200,0.785085292596959,1256.065,36.0,0.006349339140366942,0.002218862086882988,7.7369294665094746,420,39,51,45,273
house-bills_m2_hetb,0.75,case_II,146,20,0.29500644280551946,-163.1,5.0,0.00012493289773883657,0.00039190210515634876,3.524967785972403,1420,803,927,908,556
house-bills_m2_hetb,0.75,case_II,147,20,0.7687717599091665,568.2,14.0,0.0009181795905302354,0.0009754902565664764,3.2371953612716693,628,279,431,299,581
house-bills_m2_hetb,0.75,case_II,148,20,0.5256295231622541,-193.1,6.0,8.212630880635448e-05,0.00044604665579818796,2.8462228610264755,1426,688,998,823,630
house-bills_m2_hetb,0.75,case_II,149,20,0.14904802337071255,207.85,8.0,0.0007712427782207137,0.0006245579944329826,6.8076158130343,732,537,477,581,312
house-bills_m2_hetb,0.75,case_II,150,20,0.9649677439797357,0.0,7.0,0.00023935683540436515,0.0005210989049786209,0.24522579214184992,867,603,777,716,1289
house-bills_m2_hetb,0.75,case_II,151,20,0.4016362238885175,-954.95,9.0,0.0010797826670197515,0.0006395384588637647,5.385273985003343,1479,496,384,565,393
house-bills_m2_hetb,0.75,case_II,152,200,0.2952342556626958,4617.24,27.0,0.004117164784167231,0.001660148034641335,19.028675097107214,40,77,95,91,52
house-bills_m2_hetb,0.75,case_II,153,20,0.8469983706337296,0.0,13.0,0.001027844154524959,0.0008818958441006799,1.9890211817615149,868,311,398,359,772
house-bills_m2_hetb,0.75,case_II,154,20,0.12446033251547983,3365.35,19.0,0.0038461449504422953,0.0012796348197026386,16.63525368220588,90,166,109,173,74
house-bills_m2_hetb,0.75,case_II,155,20,0.7335904610737034,0.0,8.0,0.00016680746259384918,0.0005721350516100761,2.1312763114103728,869,538,857,636,752
house-bills_m2_hetb,0.75,case_II,156,200,0.18782474256546833,15039.445,61.0,0.023099442578883276,0.003881149933095361,49.54269070350643,2,3,3,4,1
house-bills_m2_hetb,0.75,case_II,157,200,0.39249177601258245,2652.615,21.0,0.00320634724177497,0.001393330067231882,12.757672703735768,155,135,141,148,119
house-bills_m2_hetb,0.75,case_II,158,20,0.23189987846213844,2930.55,15.0,0.0012186331924828298,0.000996889731358794,11.521501823067924,123,255,340,293,145
house-bills_m2_hetb,0.75,case_II,159,20,0.8412279926923869,-111.4,17.0,0.0008918937168148049,0.0010772608414678358,2.6991241242294226,1398,202,437,257,659
house-bills_m2_hetb,0.75,case_II,160,200,0.39007455193986174,7159.29,53.0,0.0190666789924266,0.003483676349199656,32.32604874718733,16,6,6,6,12
house-bills_m2_hetb,0.75,case_II,161,200,0.9746928128822893,388.485,40.0,0.005603178171037773,0.0024810419141898924,1.0122874847084296,673,27,62,32,996
house-bills_m2_hetb,0.75,case_II,162,20,0.6252614844151068,-564.0,4.0,8.090166403451896e-05,0.0003789712335565753,1.498954062339573,1464,891,1000,944,879
house-bills_m2_hetb,0.75,case_II,163,20,0.6936228347029152,-128.75,18.0,0.0019140268439429434,0.0011729340986867483,5.5147889753475265,1402,182,237,216,384
house-bills_m2_hetb,0.75,case_II,164,20,0.5215251221324175,111.85,4.0,0.00018638355792884444,0.00043179435375774716,1.9138995114703299,772,892,832,846,790
house-bills_m2_hetb,0.75,case_II,165,200,0.30896819907559114,2106.87,22.0,0.0034040373022343967,0.0014971841878821173,15.202699620336995,240,120,133,121,91
house-bills_m2_hetb,0.75,case_II,166,20,0.3955564210524287,1194.55,5.0,0.0006728866553233138,0.0005278819168540232,3.0222178947378566,431,804,518,700,608
house-bills_m2_hetb,0.75,case_II,167,20,0.9409341876619017,0.0,7.0,0.0006963946678521099,0.0005836567695028209,0.41346068636668787,870,604,507,619,1225
house-bills_m2_hetb,0.75,case_II,168,20,0.20120320072466447,1272.35,4.0,0.00012183940207520364,0.0003774122370387101,3.195187197101342,406,893,935,946,589
house-bills_m2_hetb,0.75,case_II,169,20,0.9882189012202123,340.25,20.0,0.002138349823316375,0.001282869482221237,0.23562197559575448,688,147,216,172,1294
house-bills_m2_hetb,0.75,case_II,170,200,0.7583058620038184,272.97,24.0,0.004293326281439742,0.0016474615964890322,5.800659311908357,715,102,91,93,356
house-bills_m2_hetb,0.75,case_II,171,20,0.35978692649261024,1725.05,10.0,0.0006586051812234598,0.0007071621264961027,6.402130735073897,293,443,521,489,325
house-bills_m2_hetb,0.75,case_II,172,200,0.6415135895056033,1809.49,23.0,0.0015740016770754907,0.001409972517777987,8.245187441371124,283,110,279,142,252
house-bills_m2_hetb,0.75,case_II,173,20,0.38098153929308753,0.0,1.0,0.0,0.00016474756174896915,0.6190184607069125,871,1257,1261,1360,1145
house-bills_m2_hetb,0.75,case_II,174,20,0.38149293263992,0.0,2.0,2.9266902267973165e-05,0.00027657879174892123,1.23701413472016,872,1116,1137,1125,943
house-bills_m2_hetb,0.75,case_II,175,20,0.5038029501945296,1353.55,17.0,0.002389940127321495,0.0011765441074595105,8.435349846692997,386,203,197,214,247
house-bills_m2_hetb,0.75,case_II,176,20,0.016722821635377083,2296.75,17.0,0.001572856023161918,0.0011583310000507893,16.71571203219859,205,204,280,225,73
house-bills_m2_hetb,0.75,case_II,177,20,0.4935715599433962,0.0,5.0,0.001182890840171703,0.0005732064872506219,2.532142200283019,873,805,348,633,681
house-bills_m2_hetb,0.75,case_II,178,20,0.971598413446888,0.0,16.0,0.0033011502206050686,0.0011332196947518183,0.45442538484979167,874,224,135,236,1210
house-bills_m2_hetb,0.75,case_II,179,20,0.28546522878557845,1471.35,13.0,0.0009600863612536641,0.0008645983830512411,9.28895202578748,347,312,416,371,219
house-bills_m2_hetb,0.75,case_II,180,20,0.7482179590766121,0.0,5.0,0.0005875136581448001,0.00044331748558995175,1.2589102046169391,875,806,546,827,934
house-bills_m2_hetb,0.75,case_II,181,20,0.44278889007049504,107.7,9.0,0.0008564800570691553,0.0006752641633169952,5.014899989365545,786,497,451,525,420
house-bills_m2_hetb,0.75,case_II,182,20,0.20928104261778546,539.85,3.0,2.6957439210221452e-05,0.0002819801078476444,2.3721568721466437,634,988,1147,1116,713
house-bills_m2_hetb,0.75,case_II,183,20,0.9050025708181295,0.0,3.0,0.00029114465382695207,0.0003448266782594897,0.28499228754561146,876,989,723,991,1265
house-bills_m2_hetb,0.75,case_II,184,20,0.016827284680212995,153.0,2.0,1.4109924715726556e-05,0.00022219114168257133,1.966345430639574,754,1117,1199,1246,778
house-bills_m2_hetb,0.75,case_II,185,20,0.3035089265995107,0.0,1.0,0.0,0.0001864588482461569,0.6964910734004893,877,1258,1262,1284,1113
house-bills_m2_hetb,0.75,case_II,186,20,0.9990258823239375,0.0,10.0,0.0017375354432509526,0.0007800018927525198,0.009741176760624803,878,444,262,440,1374
house-bills_m2_hetb,0.75,case_II,187,20,0.2621467961899895,2821.9,4.0,9.676368006658358e-05,0.0003684709482844091,2.951412815240042,138,894,972,956,616
house-bills_m2_hetb,0.75,case_II,188,20,0.849044521859272,0.0,7.0,0.00023320324571417172,0.0005418681602657151,1.0566883469850956,879,605,788,679,986
house-bills_m2_hetb,0.75,case_II,189,20,0.6056831486557043,1257.8,7.0,0.0012052718766871588,0.0006674898076478691,2.76021795941007,416,606,345,536,647
house-bills_m2_hetb,0.75,case_II,190,20,0.8060357075271236,0.0,10.0,0.0005898673119405869,0.0006961247660057001,1.9396429247287639,880,445,544,496,786
house-bills_m2_hetb,0.75,case_II,191,200,0.6303177554434782,3223.64,44.0,0.013433532825892013,0.0028409309652726897,16.266018760486958,98,15,12,14,77
house-bills_m2_hetb,0.75,case_II,192,20,0.3626968570578484,41.15,4.0,3.4038013118778973e-05,0.0003335694315564626,2.5492125717686065,804,895,1120,1013,677
house-bills_m2_hetb,0.75,case_II,193,20,0.7607887845834825,-522.85,16.0,0.0013299268008816797,0.0010566778553602364,3.8273794466642794,1460,225,319,264,520
house-bills_m2_hetb,0.75,case_II,194,20,0.026484548903972338,1476.25,13.0,0.00046183271514668446,0.0008374302870533661,12.65570086424836,346,313,607,396,122
house-bills_m2_hetb,0.75,case_II,195,20,0.4468129517344519,375.0,10.0,0.0002318009171291124,0.0006833567279205122,5.531870482655481,677,446,790,510,382
house-bills_m2_hetb,0.75,case_II,196,20,0.371854569870106,0.0,1.0,0.0,0.0001723612027107052,0.628145430129894,881,1259,1263,1322,1141
house-bills_m2_hetb,0.75,case_II,197,20,0.4770740056373495,1174.6,8.0,0.0004791458403109404,0.0006648231039610174,4.183407954901204,437,539,597,537,481
house-bills_m2_hetb,0.75,case_II,198,20,0.1276206864960696,1595.5,4.0,0.00012005918652657793,0.00039092422090303,3.4895172540157215,326,896,938,910,560
house-bills_m2_hetb,0.75,case_II,199,20,0.22250686594627245,114.5,3.0,6.272227102635094e-05,0.00035871745730036494,2.3324794021611828,769,990,1047,967,721
house-bills_m2_hetb,0.75,case_II,200,20,0.5620515900997094,1145.95,6.0,0.0004884926540620417,0.000535312367273486,2.6276904594017436,450,689,589,689,668
house-bills_m2_hetb,0.75,case_II,201,200,0.38776911565595396,4310.05,36.0,0.010054525934144227,0.0024182380810129716,22.04031183638566,47,40,22,36,32
house-bills_m2_hetb,0.75,case_II,202,20,0.7916562055903406,0.0,1.0,0.0,0.00018864568614970247,0.20834379440965944,882,1260,1264,1278,1305
house-bills_m2_hetb,0.75,case_II,203,20,0.6051365892775145,0.0,1.0,0.0,0.00016825202003396708,0.39486341072248554,883,1261,1265,1338,1231
house-bills_m2_hetb,0.75,case_II,204,20,0.8612666847869941,0.0,7.0,0.00010992468529611319,0.0005149124991219865,0.9711332064910414,884,607,947,731,1011
house-bills_m2_hetb,0.75,case_II,205,20,0.7323608373256045,0.0,2.0,2.0923053166515975e-05,0.00022688233954556918,0.5352783253487909,885,1118,1174,1230,1175
house-bills_m2_hetb,0.75,case_II,206,20,0.601823447758565,1678.9,6.0,0.00010827920654929179,0.00048799484563094575,2.38905931344861,302,690,951,774,709
house-bills_m2_hetb,0.75,case_II,207,20,0.2876156021959957,1415.85,9.0,0.00028260809726515177,0.0006142701574726694,6.411459580236039,359,498,733,591,323
house-bills_m2_hetb,0.75,case_II,208,20,0.7827604679261685,337.7,6.0,0.000139645848531493,0.00047607315720106177,1.303437192442989,689,691,895,786,926
house-bills_m2_hetb,0.75,case_II,209,20,0.2512675781710818,2034.35,18.0,0.002749361862478657,0.0011882916188650403,13.477183592920527,253,183,169,210,111
house-bills_m2_hetb,0.75,case_II,210,20,0.07521111181440443,111.85,5.0,0.00012278543202149525,0.0004276456868521119,4.6239444409279775,773,807,932,853,445
house-bills_m2_hetb,0.75,case_II,211,20,0.9628645784432278,0.0,9.0,0.0006950495888183029,0.0006701566107440585,0.33421879401094967,886,499,508,530,1255
house-bills_m2_hetb,0.75,case_II,212,20,0.5400112050964692,2754.95,18.0,0.0018144237934873309,0.0012010526042718719,8.279798308263555,144,184,252,206,251
house-bills_m2_hetb,0.75,case_II,213,20,0.7738942975498113,749.15,17.0,0.0023745724456830804,0.0011732284105778665,3.8437969416532076,583,205,198,215,519
house-bills_m2_hetb,0.75,case_II,214,20,0.5292228076303601,0.0,8.0,0.0008547694419710236,0.0006826807365235461,3.766217538957119,887,540,453,512,522
house-bills_m2_hetb,0.75,case_II,215,20,0.6115797303718215,0.0,2.0,1.618112050518558e-05,0.00023224375783214128,0.7768405392563571,888,1119,1191,1220,1079
house-bills_m2_hetb,0.75,case_II,216,200,0.03389225051650624,18321.155,62.0,0.024345813490689438,0.00407987486864083,59.89868046797661,0,2,1,1,0
house-bills_m2_hetb,0.75,case_II,217,20,0.18679367935380853,1274.7,12.0,0.0012092342773261436,0.0008597626251699065,9.758475847754298,404,357,343,377,197
house-bills_m2_hetb,0.75,case_II,218,200,0.6746893954347775,328.2,24.0,0.0022756254576111624,0.0014868609848340284,7.807454509565341,702,103,207,125,269
house-bills_m2_hetb,0.75,case_II,219,20,0.5705645979524983,189.75,13.0,0.003148583680271803,0.0011071094459982082,5.582660226617523,739,314,146,243,376
house-bills_m2_hetb,0.75,case_II,220,20,0.15855503398671267,2966.4,12.0,0.0006404149835062409,0.0008154434469004425,10.097339592159448,117,358,527,413,187
house-bills_m2_hetb,0.75,case_II,221,20,0.9520292687261848,0.0,3.0,4.12914416360656e-05,0.0003526087460660708,0.1439121938214457,889,991,1099,974,1337
house-bills_m2_hetb,0.75,case_II,222,20,0.1543536325474043,0.0,3.0,0.0003837589596920055,0.00034283666934769317,2.536939102357787,890,992,646,996,680
house-bills_m2_hetb,0.75,case_II,223,20,0.5103032497386853,-564.0,8.0,0.0006487966399090186,0.0006524650129512096,3.917574002090517,1465,541,524,552,510
house-bills_m2_hetb,0.75,case_II,224,0,0.14400287501925768,0.0,0.0,0.0,0.00010743061772605194,0.0,891,1383,1266,1383,1383
house-bills_m2_hetb,0.75,case_II,225,20,0.7173717261062347,0.0,3.0,7.754069510119975e-05,0.0003105642720066864,0.847884821681296,892,993,1013,1045,1054
house-bills_m2_hetb,0.75,case_II,226,20,0.27631301409515274,2545.35,16.0,0.002902406509377887,0.0011210468879804352,11.578991774477556,172,226,164,238,143
house-bills_m2_hetb,0.75,case_II,227,20,0.13413397512178327,9.3,8.0,0.00026228626437330507,0.0005679261792667881,6.926928199025734,819,542,751,641,305
house-bills_m2_hetb,0.75,case_II,228,0,0.04598718067051566,0.0,0.0,0.0,0.00010743061772605194,0.0,893,1384,1267,1384,1384
house-bills_m2_hetb,0.75,case_II,229,200,0.17483553789762363,9541.115,42.0,0.008426539909543224,0.0026226910097535997,34.65690740829981,7,20,29,22,9
house-bills_m2_hetb,0.75,case_II,230,200,0.1917987167235664,5324.68,24.0,0.004549950943126606,0.0015622057936239256,19.396830798634404,31,104,83,110,45
house-bills_m2_hetb,0.75,case_II,231,20,0.5369720795717926,-1220.6,3.0,1.709296076389594e-05,0.00028534245676906794,1.3890837612846223,1481,994,1187,1108,905
house-bills_m2_hetb,0.75,case_II,232,20,0.4510388861713912,1373.15,10.0,0.0023528320072371675,0.0008653627602851495,5.489611138286088,379,447,201,369,385
house-bills_m2_hetb,0.75,case_II,233,20,0.9572943672535373,0.0,4.0,0.00016631603622405323,0.00039072977293940164,0.17082253098585065,894,897,858,911,1324
house-bills_m2_hetb,0.75,case_II,234,200,0.9541513368666424,102.335,28.0,0.0023353862097428846,0.0016684894006519172,1.2837625677340117,787,69,203,90,931
house-bills_m2_hetb,0.75,case_II,235,20,0.7965461104684304,0.0,1.0,0.0,0.00020674813567062413,0.20345388953156962,895,1262,1268,1258,1307
house-bills_m2_hetb,0.75,case_II,236,20,0.6715876339807033,0.0,1.0,0.0,0.00020938750796104351,0.3284123660192967,896,1263,1269,1256,1259
house-bills_m2_hetb,0.75,case_II,237,20,0.8450230915683464,0.0,8.0,0.00036807244973389487,0.0006329564399615068,1.2398152674532286,897,543,653,574,942
house-bills_m2_hetb,0.75,case_II,238,20,0.9387518284798846,1043.8,18.0,0.002469949666166201,0.001226193445363919,1.1024670873620774,501,185,190,195,971
house-bills_m2_hetb,0.75,case_II,239,20,0.022617728887002753,-111.4,1.0,0.0,0.00016408451351079248,0.9773822711129972,1399,1264,1270,1367,1008
house-bills_m2_hetb,0.75,case_II,240,200,0.1181052271508587,7347.195,28.0,0.005338734730180053,0.0018180964723381898,24.693053639775957,14,70,64,73,25
house-bills_m2_hetb,0.75,case_II,241,0,0.3602638846836431,0.0,0.0,0.0,0.00010743061772605194,0.0,898,1385,1271,1385,1385
house-bills_m2_hetb,0.75,case_II,242,20,0.09358685304259973,0.0,1.0,0.0,0.00024978187891436227,0.9064131469574003,899,1265,1272,1162,1033
house-bills_m2_hetb,0.75,case_II,243,20,0.5995244730532772,1399.55,18.0,0.001995750357799453,0.0011661468543621137,7.208559485041011,364,186,230,217,292
house-bills_m2_hetb,0.75,case_II,244,20,0.26036422234810863,1523.4,13.0,0.0007064512588746339,0.0008500541791694651,9.615265109474588,333,315,502,388,201
house-bills_m2_hetb,0.75,case_II,245,200,0.2643397291323255,2144.99,18.0,0.0036834839616514776,0.0012493698751785338,13.24188487561814,232,187,114,186,115
house-bills_m2_hetb,0.75,case_II,246,20,0.2883279886478656,-140.85,5.0,0.00016227481076177096,0.00045376159583104456,3.558360056760672,1408,808,865,820,553
house-bills_m2_hetb,0.75,case_II,247,20,0.09771565758439005,300.9,6.0,0.00014790798198773016,0.0004576463098795228,5.41370605449366,707,692,879,813,391
house-bills_m2_hetb,0.75,case_II,248,200,0.7409444532381589,1853.805,46.0,0.01090651123399043,0.0029172796497924725,11.916555151044689,275,12,19,11,137
house-bills_m2_hetb,0.75,case_II,249,20,0.6506724295996501,620.95,4.0,0.00034653797844535616,0.0003935205895347349,1.3973102816013996,613,898,669,905,903
house-bills_m2_hetb,0.75,case_II,250,20,0.6065080906412624,336.0,7.0,0.0008321644605243427,0.0005675741701236179,2.754443365511163,700,608,459,642,649
house-bills_m2_hetb,0.75,case_II,251,20,0.03404558227777543,1038.3,4.0,0.00022370839026338902,0.0003544564064482025,3.8638176708888983,533,899,796,972,514
house-bills_m2_hetb,0.75,case_II,252,20,0.4294641446388775,0.0,3.0,8.870304622552388e-05,0.0003016560319095289,1.7116075660833676,900,995,984,1072,835
house-bills_m2_hetb,0.75,case_II,253,20,0.6852035898998426,1155.65,13.0,0.000839946424904764,0.0008948967339313224,4.0923533313020455,446,316,455,349,486
house-bills_m2_hetb,0.75,case_II,254,20,0.15634664990358638,0.0,1.0,0.0,0.0001651455445244172,0.8436533500964136,901,1266,1273,1356,1056
house-bills_m2_hetb,0.75,case_II,255,20,0.3856578446575508,0.0,2.0,3.731346865139023e-05,0.00028558366247745745,1.2286843106848984,902,1120,1110,1107,946
house-bills_m2_hetb,0.75,case_II,256,20,0.019834145469936892,1003.1,6.0,0.00017096600880455557,0.0004747543830826271,5.880995127180379,539,693,852,789,349
house-bills_m2_hetb,0.75,case_II,257,0,0.08185799707724206,0.0,0.0,0.0,0.00010743061772605194,0.0,903,1386,1274,1386,1386
house-bills_m2_hetb,0.75,case_II,258,20,0.2164535799990539,1867.45,6.0,0.0007151436708318876,0.0005571271432003497,4.701278520005676,273,694,496,658,437
house-bills_m2_hetb,0.75,case_II,259,20,0.41465016114124864,625.6,9.0,0.00047232592134685455,0.0006913745999675773,5.268148549728762,611,500,600,501,403
house-bills_m2_hetb,0.75,case_II,260,20,0.46324003628737986,1173.5,7.0,0.0012579317936991883,0.000677060232555805,3.757319745988341,438,609,334,518,525
house-bills_m2_hetb,0.75,case_II,261,20,0.884521531618113,0.0,13.0,0.0011072169437469387,0.0009101462990030794,1.5012200889645313,904,317,374,337,878
house-bills_m2_hetb,0.75,case_II,262,20,0.3166584421740133,0.0,2.0,0.00014804525194880687,0.0002808570545607226,1.3666831156519734,905,1121,877,1117,911
house-bills_m2_hetb,0.75,case_II,263,20,0.021463876277191374,2798.35,7.0,0.00020925355257684229,0.000505900617488568,6.84975286605966,141,610,807,750,308
house-bills_m2_hetb,0.75,case_II,264,200,0.8262233467711652,544.92,33.0,0.004501731287951814,0.002089474205349165,5.73462955655155,633,49,86,51,362
house-bills_m2_hetb,0.75,case_II,265,0,0.061846935373572776,0.0,0.0,0.0,0.00010743061772605194,0.0,906,1387,1275,1387,1387
house-bills_m2_hetb,0.75,case_II,266,20,0.09299199266222835,157.9,5.0,0.00014468609872242237,0.0004241082372871927,4.535040036688859,746,809,885,857,453
house-bills_m2_hetb,0.75,case_II,267,20,0.963181716739735,0.0,13.0,0.0008724861844048239,0.0008534993212022779,0.4786376823834455,907,318,446,385,1199
house-bills_m2_hetb,0.75,case_II,268,20,0.7533654181283584,1386.15,5.0,0.00019874933204492196,0.0004039978416728549,1.2331729093582078,373,810,818,886,945
house-bills_m2_hetb,0.75,case_II,269,200,0.33785420277925504,4165.205,29.0,0.0036248326770732453,0.001815248698969554,19.202228119401603,52,63,117,74,48
house-bills_m2_hetb,0.75,case_II,270,20,0.13217884161919569,301.5,8.0,0.0009056243840945476,0.0006551768176719833,6.9425692670464345,706,544,433,548,301
house-bills_m2_hetb,0.75,case_II,271,20,0.38673057317186155,925.25,1.0,0.0,0.00020004288286485262,0.6132694268281385,561,1267,1276,1261,1148
house-bills_m2_hetb,0.75,case_II,272,20,0.33919489278017356,0.0,2.0,2.435754658845622e-05,0.00023484022523737782,1.3216102144396529,908,1122,1155,1211,922
house-bills_m2_hetb,0.75,case_II,273,20,0.8744412014424732,0.0,6.0,0.00013622538716209068,0.0005005980355273543,0.753352791345161,909,695,904,754,1090
house-bills_m2_hetb,0.75,case_II,274,20,0.41875301731404,2063.6,20.0,0.0034227508033007454,0.0013659425707521155,11.6249396537192,247,148,131,157,141
house-bills_m2_hetb,0.75,case_II,275,20,0.08204500601562204,1947.85,21.0,0.002427659575039972,0.0014228107477892169,19.277054873671936,263,136,194,139,47
house-bills_m2_hetb,0.75,case_II,276,20,0.9268052023585862,1043.8,8.0,0.00037907747657644933,0.0005971471357927589,0.5855583811313103,502,545,649,604,1156
house-bills_m2_hetb,0.75,case_II,277,20,0.6223133637152601,1043.8,6.0,0.0003045232064855419,0.0005024519174624788,2.2661198177084394,503,696,708,751,727
house-bills_m2_hetb,0.75,case_II,278,20,0.11670985678100221,337.7,7.0,0.00029058234285311293,0.0005548935561921623,6.183031002532984,690,611,725,661,334
house-bills_m2_hetb,0.75,case_II,279,20,0.11317416004642233,0.0,2.0,1.1051398140293339e-05,0.0002325045541386195,1.7736516799071553,910,1123,1208,1218,817
house-bills_m2_hetb,0.75,case_II,280,20,0.46593324116426427,0.0,3.0,7.74252283317752e-05,0.000302853069838656,1.6022002765072072,911,996,1014,1065,857
house-bills_m2_hetb,0.75,case_II,281,20,0.09208896568911618,0.0,1.0,0.0,0.00016895063967633562,0.9079110343108838,912,1268,1277,1336,1032
house-bills_m2_hetb,0.75,case_II,282,0,0.6317521922027585,0.0,0.0,0.0,0.00010743061772605194,0.0,913,1388,1278,1388,1388
house-bills_m2_hetb,0.75,case_II,283,20,0.6163837910949103,0.0,5.0,0.00018756378070077878,0.0004320329434602889,1.9180810445254486,914,811,829,844,789
house-bills_m2_hetb,0.75,case_II,284,200,0.032081348618153704,7096.985,30.0,0.0025155305990951222,0.0018211865150043847,29.037559541455387,17,56,185,71,18
house-bills_m2_hetb,0.75,case_II,285,20,0.8074227810412945,0.0,13.0,0.00031459330615927865,0.0008572349183287048,2.5035038464631714,915,319,696,382,690
house-bills_m2_hetb,0.75,case_II,286,20,0.7867947609394985,1079.1,20.0,0.004369428119872737,0.00135141274818861,4.26410478121003,482,149,88,160,474
house-bills_m2_hetb,0.75,case_II,287,20,0.9153082686153085,0.0,2.0,6.957656894634773e-05,0.00029993536611125886,0.1693834627693831,916,1124,1028,1077,1325
house-bills_m2_hetb,0.75,case_II,288,20,0.6703066467384771,-40.7,11.0,0.0026482934775448777,0.0008837790911812746,3.6266268858767523,1390,398,176,358,546
house-bills_m2_hetb,0.75,case_II,289,20,0.6928622323352233,0.0,4.0,0.00026496115858549535,0.000498871007655905,1.228551070659107,917,900,748,756,947
house-bills_m2_hetb,0.75,case_II,290,0,0.1637416544531679,0.0,0.0,0.0,0.00010743061772605194,0.0,918,1389,1279,1389,1389
house-bills_m2_hetb,0.75,case_II,291,20,0.023888813978811707,0.0,1.0,0.0,0.00018147437975629498,0.9761111860211883,919,1269,1280,1289,1009
house-bills_m2_hetb,0.75,case_II,292,200,0.06556315241841992,3633.62,23.0,0.005688773460064034,0.0015468359536446145,21.49204749437634,64,111,60,112,33
house-bills_m2_hetb,0.75,case_II,293,20,0.9644613401603573,0.0,6.0,0.000280242566176295,0.0005205698759407115,0.21323195903785597,920,697,736,718,1303
house-bills_m2_hetb,0.75,case_II,294,20,0.6457213655596336,0.0,16.0,0.0015000487018014164,0.001069159532897489,5.668458151045863,921,227,290,261,372
house-bills_m2_hetb,0.75,case_II,295,20,0.9469066664934074,0.0,14.0,0.0011063832835594676,0.0009399909338441313,0.7433066690922967,922,280,375,316,1097
house-bills_m2_hetb,0.75,case_II,296,20,0.3493843588720956,2863.05,14.0,0.0025923422786823724,0.0010246049461169868,9.10861897579066,133,281,179,274,226
house-bills_m2_hetb,0.75,case_II,297,20,0.755221576661414,0.0,10.0,0.00045008774390930536,0.0007178467511024891,2.4477842333858604,923,448,614,482,697
house-bills_m2_hetb,0.75,case_II,298,20,0.06539896536166678,1381.5,4.0,0.00036352132292856427,0.0003692260737452425,3.738404138553333,376,901,657,953,527
house-bills_m2_hetb,0.75,case_II,299,200,0.16620516559297116,4913.415,28.0,0.004524656094022563,0.0017328253092226886,23.346255363396807,35,71,84,83,28
house-bills_m2_hetb,0.75,case_II,300,0,0.27713333487199,0.0,0.0,0.0,0.00010743061772605194,0.0,924,1390,1281,1390,1390
house-bills_m2_hetb,0.75,case_II,301,20,0.5503182517007417,-564.0,13.0,0.0008179596234099678,0.0009361044813180107,5.845862727890358,1466,320,465,318,353
house-bills_m2_hetb,0.75,case_II,302,20,0.55740888009091,329.0,10.0,0.0003082307949744376,0.0006978021690641818,4.4259111990908995,701,449,702,493,462
house-bills_m2_hetb,0.75,case_II,303,20,0.4989864523070149,0.0,1.0,0.0,0.00016306106742166695,0.5010135476929851,925,1270,1282,1370,1189
house-bills_m2_hetb,0.75,case_II,304,20,0.42446358463207756,0.0,2.0,3.1021984863701693e-05,0.00030409297459148217,1.1510728307358449,926,1125,1130,1061,961
house-bills_m2_hetb,0.75,case_II,305,20,0.5757051603390986,679.6,4.0,6.630505641355606e-05,0.0003456489385973541,1.6971793586436057,595,902,1038,987,841
house-bills_m2_hetb,0.75,case_II,306,20,0.9666623953878383,0.0,10.0,0.0004848395638083353,0.0007244011553099603,0.3333760461216173,927,450,593,477,1257
house-bills_m2_hetb,0.75,case_II,307,200,0.4580795604861192,4775.645,35.0,0.006059291964140986,0.0021690438764151426,18.967215382985827,37,43,54,46,53
house-bills_m2_hetb,0.75,case_II,308,20,0.8374714217984048,-152.55,3.0,2.2411293197730413e-05,0.0002759906375066505,0.4875857346047855,1411,997,1167,1130,1196
house-bills_m2_hetb,0.75,case_II,309,20,0.055871965031871196,2181.45,21.0,0.0029751670575245007,0.0013365955013077116,19.826688734330705,225,137,158,164,42
house-bills_m2_hetb,0.75,case_II,310,20,0.3855872572300576,-248.9,11.0,0.0010826526115864318,0.0008223853565944086,6.758540170469367,1444,399,382,404,314
house-bills_m2_hetb,0.75,case_II,311,0,0.5604964436423991,0.0,0.0,0.0,0.00010743061772605194,0.0,928,1391,1283,1391,1391
house-bills_m2_hetb,0.75,case_II,312,20,0.6203205556549372,993.3,7.0,0.0005189408879856658,0.0005547290218509809,2.65775611041544,545,612,578,662,665
house-bills_m2_hetb,0.75,case_II,313,20,0.2500183399320113,2881.5,15.0,0.0018481219562736838,0.0010411274690699276,11.249724901019832,129,256,247,270,153
house-bills_m2_hetb,0.75,case_II,314,20,0.39929101348659524,1043.8,3.0,0.00010948103427674693,0.0003223374696026712,1.8021269595402143,504,998,949,1026,811
house-bills_m2_hetb,0.75,case_II,315,20,0.9470061687356901,0.0,2.0,2.7439760370304734e-05,0.0002623831762467976,0.1059876625286198,929,1126,1143,1148,1350
house-bills_m2_hetb,0.75,case_II,316,200,0.648850754011949,3620.96,41.0,0.0032547743303868717,0.0024311625926461814,14.39711908551009,65,25,138,34,99
house-bills_m2_hetb,0.75,case_II,317,20,0.5849662484122946,111.85,5.0,0.0005750550872763339,0.00043011914945575297,2.0751687579385267,774,812,552,849,761
house-bills_m2_hetb,0.75,case_II,318,20,0.06529871051984093,1116.1,3.0,0.00014055309148742345,0.0003203802852542493,2.8041038684404773,472,999,892,1030,638
house-bills_m2_hetb,0.75,case_II,319,20,0.052176257643147705,-564.0,1.0,0.0,0.0001661577246054097,0.9478237423568523,1467,1271,1284,1351,1021
house-bills_m2_hetb,0.75,case_II,320,20,0.21139844783206463,157.9,3.0,3.160433710720599e-05,0.00029621195698778963,2.3658046565038062,747,1000,1127,1086,716
house-bills_m2_hetb,0.75,case_II,321,20,0.137822775848633,1835.75,1.0,0.0,0.00016580826394775908,0.862177224151367,277,1272,1285,1352,1047
house-bills_m2_hetb,0.75,case_II,322,20,0.9837499292732876,0.0,8.0,0.000584975249198971,0.0006255277024057072,0.1300005658136989,930,546,547,579,1342
house-bills_m2_hetb,0.75,case_II,323,20,0.002747147602664146,2094.05,10.0,0.0004300764814786774,0.0007271734431076405,9.97252852397336,244,451,623,474,194
house-bills_m2_hetb,0.75,case_II,324,20,0.3658435291805171,2284.95,18.0,0.0011320615095214228,0.0011533650010674607,11.414816474750692,207,188,365,227,149
house-bills_m2_hetb,0.75,case_II,325,20,0.05842244962380161,0.0,7.0,0.00010348913534760564,0.0005238019978893125,6.591042852633389,931,613,959,708,318
house-bills_m2_hetb,0.75,case_II,326,20,0.6400105583176766,1043.8,7.0,0.00032303470637257137,0.0005251878313644895,2.519926091776264,505,614,688,704,685
house-bills_m2_hetb,0.75,case_II,327,20,0.046533202074859115,1482.55,11.0,0.0014056602223440832,0.0008295417966309645,10.48813477717655,343,400,305,398,171
house-bills_m2_hetb,0.75,case_II,328,20,0.0684096355417223,41.15,6.0,0.00024317469472494158,0.00046593124888376315,5.589542186749666,805,698,770,805,374
house-bills_m2_hetb,0.75,case_II,329,20,0.07994250560811889,1113.4,12.0,0.0009793000299583652,0.0008765549324887903,11.040689932702573,474,359,409,363,156
house-bills_m2_hetb,0.75,case_II,330,20,0.2717851313028795,1963.25,13.0,0.0010121288594558172,0.000896129672738863,9.466793293062567,261,321,400,347,210
house-bills_m2_hetb,0.75,case_II,331,20,0.5763580679966506,2145.45,8.0,0.0007708428949111696,0.0006468103037175104,3.3891354560267954,231,547,478,556,568
house-bills_m2_hetb,0.75,case_II,332,20,0.8054486176308537,0.0,10.0,0.0007206444800498255,0.0006955963349794295,1.9455138236914626,932,452,493,497,783
house-bills_m2_hetb,0.75,case_II,333,200,0.2671915845012608,2870.865,22.0,0.002977238897631788,0.00140523605417145,16.121785140972264,132,121,157,143,79
house-bills_m2_hetb,0.75,case_II,334,20,0.2831710565694664,337.7,2.0,2.402553638062906e-05,0.00023740135775988298,1.4336578868610672,691,1127,1158,1206,895
house-bills_m2_hetb,0.75,case_II,335,20,0.824482143951937,0.0,2.0,2.2160302375769657e-05,0.0002848793752792148,0.35103571209612605,933,1128,1169,1110,1246
house-bills_m2_hetb,0.75,case_II,336,20,0.7459483801763226,1393.25,12.0,0.0007069581940485977,0.0007984293155259983,3.048619437884129,365,360,501,426,604
house-bills_m2_hetb,0.75,case_II,337,20,0.12681474835733464,0.0,2.0,1.628941147340439e-05,0.00024295320182902852,1.7463705032853307,934,1129,1190,1186,823
house-bills_m2_hetb,0.75,case_II,338,20,0.8063489347063569,0.0,5.0,0.00011381492188857331,0.0003899614949142347,0.9682553264682153,935,813,944,913,1013
house-bills_m2_hetb,0.75,case_II,339,20,0.8312511086352812,2253.6,7.0,0.0001659491828342784,0.0005126391816484507,1.1812422395530318,210,615,859,735,954
house-bills_m2_hetb,0.75,case_II,340,200,0.17782578356710588,4141.925,20.0,0.0025325609611209837,0.0013492182070036932,16.44348432865788,53,150,184,161,76
house-bills_m2_hetb,0.75,case_II,341,20,0.6269479985725536,-198.95,10.0,0.0007184554911017974,0.0007236923122288547,3.7305200142744646,1429,453,494,478,530
house-bills_m2_hetb,0.75,case_II,342,20,0.19674362182123795,0.0,4.0,8.462208214327474e-05,0.0003694650909824552,3.213025512715048,936,903,991,952,584
house-bills_m2_hetb,0.75,case_II,343,200,0.24349271202808254,3666.44,18.0,0.002415259829655039,0.0012253327427017807,13.617131183494514,61,189,195,196,110
house-bills_m2_hetb,0.75,case_II,344,20,0.494005755328642,2378.75,7.0,0.0002716650562805801,0.0005170063469870664,3.541959712699506,198,616,743,727,554
house-bills_m2_hetb,0.75,case_II,345,200,0.5222200279508085,3192.0,32.0,0.0047702544504482,0.0019986015358711092,15.28895910557413,100,51,77,56,87
house-bills_m2_hetb,0.75,case_II,346,20,0.4790335153981873,1406.5,11.0,0.0005521151206478093,0.000741720370028144,5.73063133061994,361,401,564,467,363
house-bills_m2_hetb,0.75,case_II,347,0,0.5411410533042087,0.0,0.0,0.0,0.00010743061772605194,0.0,937,1392,1286,1392,1392
house-bills_m2_hetb,0.75,case_II,348,0,0.21316467642545245,0.0,0.0,0.0,0.00010743061772605194,0.0,938,1393,1287,1393,1393
house-bills_m2_hetb,0.75,case_II,349,20,0.7785803681279121,228.55,8.0,0.00036059872871985226,0.0005864829558057993,1.7713570549767033,728,548,659,616,819
house-bills_m2_hetb,0.75,case_II,350,20,0.2778484120286083,2802.1,16.0,0.0034123319609259814,0.0012306541858728,11.554425407542267,140,228,132,194,144
house-bills_m2_hetb,0.75,case_II,351,20,0.9126832897191103,234.35,9.0,0.00037038752776898207,0.0006836334512164259,0.7858503925280075,726,501,652,509,1072
house-bills_m2_hetb,0.75,case_II,352,0,0.5151553035895896,0.0,0.0,0.0,0.00010743061772605194,0.0,939,1394,1288,1394,1394
house-bills_m2_hetb,0.75,case_II,353,0,0.3036840529445848,0.0,0.0,0.0,0.00010743061772605194,0.0,940,1395,1289,1395,1395
house-bills_m2_hetb,0.75,case_II,354,200,0.17438390250830016,5671.61,31.0,0.00393945924920139,0.001918767067282842,25.594099022242695,29,53,105,60,23
house-bills_m2_hetb,0.75,case_II,355,20,0.48520396241603025,-628.9,2.0,0.00029585923512768256,0.00032006304950588885,1.0295920751679395,1475,1130,717,1031,993
house-bills_m2_hetb,0.75,case_II,356,20,0.3762973001513523,0.0,2.0,7.865936056366917e-05,0.00027998344029187645,1.2474053996972954,941,1131,1011,1118,939
house-bills_m2_hetb,0.75,case_II,357,20,0.6230937907219327,0.0,6.0,0.00024800823405463285,0.0005008021543941862,2.2614372556684037,942,699,766,753,729
house-bills_m2_hetb,0.75,case_II,358,20,0.49845958262294987,228.55,8.0,0.00031460336965645404,0.0006357735349171033,4.012323339016401,729,549,695,570,494
house-bills_m2_hetb,0.75,case_II,359,200,0.03695969800069676,1900.83,9.0,0.0007930709683192181,0.0006636850616714608,8.66736271799373,270,502,471,538,238
house-bills_m2_hetb,0.75,case_II,360,20,0.8330947688085336,0.0,2.0,7.354593561743902e-05,0.0002676323218553219,0.33381046238293277,943,1132,1022,1143,1256
house-bills_m2_hetb,0.75,case_II,361,20,0.051673939119395995,0.0,2.0,4.8751908282443473e-05,0.0002442911177354738,1.896652121761208,944,1133,1079,1183,793
house-bills_m2_hetb,0.75,case_II,362,20,0.8275951638592104,-436.55,6.0,0.00016903916224147864,0.00048394918909196736,1.0344290168447376,1457,700,855,777,991
house-bills_m2_hetb,0.75,case_II,363,20,0.8127496434167762,454.2,20.0,0.001232832315031997,0.0012880651818361773,3.745007131664475,658,151,337,171,526
house-bills_m2_hetb,0.75,case_II,364,20,0.9239831252875618,0.0,1.0,0.0,0.00022416656715139083,0.07601687471243823,945,1273,1290,1240,1358
house-bills_m2_hetb,0.75,case_II,365,20,0.6644010411515328,0.0,7.0,0.0006210898428572685,0.0005383545256470806,2.3491927119392706,946,617,536,683,720
house-bills_m2_hetb,0.75,case_II,366,20,0.16062363410535052,0.0,1.0,0.0,0.00017936512167623326,0.8393763658946495,947,1274,1291,1296,1059
house-bills_m2_hetb,0.75,case_II,367,20,0.44192941145403775,1118.7,8.0,0.0002862340924754714,0.0005907715362773823,4.464564708367698,470,550,728,610,460
house-bills_m2_hetb,0.75,case_II,368,20,0.43943266017047056,0.0,5.0,0.00014032821848823245,0.0005085376750161458,2.8028366991476474,948,814,893,744,640
house-bills_m2_hetb,0.75,case_II,369,20,0.6323329864819148,2145.5,7.0,0.000321071271191148,0.0005161422403293102,2.573669094626596,230,618,691,728,675
house-bills_m2_hetb,0.75,case_II,370,0,0.3811375324040436,0.0,0.0,0.0,0.00010743061772605194,0.0,949,1396,1292,1396,1396
house-bills_m2_hetb,0.75,case_II,371,20,0.6756780879691183,0.0,6.0,0.00020768848385402294,0.00048430994983688724,1.94593147218529,950,701,808,776,782
house-bills_m2_hetb,0.75,case_II,372,20,0.2039073800978377,0.0,3.0,2.952312666053622e-05,0.0003049806836434508,2.388277859706487,951,1001,1136,1057,710
house-bills_m2_hetb,0.75,case_II,373,20,0.3533507781465587,401.5,3.0,0.0001936874036770955,0.00041272520138763613,1.9399476655603238,671,1002,823,870,785
house-bills_m2_hetb,0.75,case_II,374,200,0.5433134112873544,2366.945,30.0,0.0070591557299025725,0.0019152953271246783,13.700597661379367,200,57,42,61,109
house-bills_m2_hetb,0.75,case_II,375,200,0.427651051214449,3391.575,27.0,0.002445427812976866,0.0016962955654570258,15.453421617209877,86,78,191,86,85
house-bills_m2_hetb,0.75,case_II,376,0,0.12252565076900024,0.0,0.0,0.0,0.00010743061772605194,0.0,952,1397,1293,1397,1397
house-bills_m2_hetb,0.75,case_II,377,20,0.9658281207625043,47.5,14.0,0.0008774121033508213,0.0010073931028193666,0.4784063093249391,801,282,442,286,1200
house-bills_m2_hetb,0.75,case_II,378,20,0.6912954021364714,0.0,4.0,4.458066368922636e-05,0.00034202127250353837,1.2348183914541142,953,904,1093,1000,944
house-bills_m2_hetb,0.75,case_II,379,20,0.8330350777910258,215.8,12.0,0.0008813379641422768,0.0008626297122302358,2.0035790665076902,731,361,441,373,770
house-bills_m2_hetb,0.75,case_II,380,20,0.3574607462891465,1282.65,7.0,0.00017687577136176738,0.0005118019211193052,4.497774775975975,401,619,842,738,458
house-bills_m2_hetb,0.75,case_II,381,0,0.9448959101690874,0.0,0.0,0.0,0.00010743061772605194,0.0,954,1398,1294,1398,1398
house-bills_m2_hetb,0.75,case_II,382,20,0.8124471005528425,0.0,2.0,1.723236001600581e-05,0.0002608924417092349,0.37510579889431495,955,1134,1186,1149,1237
house-bills_m2_hetb,0.75,case_II,383,0,0.9795062455878859,0.0,0.0,0.0,0.00010743061772605194,0.0,956,1399,1295,1399,1399
house-bills_m2_hetb,0.75,case_II,384,20,0.19739425238980546,-234.2,5.0,4.8749438704161876e-05,0.00038259523775339803,4.013028738050973,1443,815,1080,940,493
house-bills_m2_hetb,0.75,case_II,385,20,0.4771694766007426,1158.3,14.0,0.0011118591446134744,0.0009451089874900275,7.319627327589604,445,283,372,314,285
house-bills_m2_hetb,0.75,case_II,386,200,0.3858489940723694,6064.12,36.0,0.005411591564499455,0.002165563093061632,22.1094362133947,24,41,63,47,31
house-bills_m2_hetb,0.75,case_II,387,20,0.613894995603037,0.0,1.0,0.0,0.00019487727129952414,0.38610500439696305,957,1275,1296,1270,1233
house-bills_m2_hetb,0.75,case_II,388,20,0.25021973366796013,0.0,1.0,0.0,0.00024978187891436227,0.7497802663320399,958,1276,1297,1163,1094
house-bills_m2_hetb,0.75,case_II,389,20,0.10047228975068634,1145.95,4.0,8.743857382690393e-05,0.00036046057468263715,3.5981108409972546,451,905,985,966,548
house-bills_m2_hetb,0.75,case_II,390,20,0.4766165868289146,0.0,5.0,0.0001443659265012076,0.00047034991024210153,2.616917065855427,959,816,888,796,670
house-bills_m2_hetb,0.75,case_II,391,20,0.6394719365196334,0.0,1.0,0.0,0.00016429722579705574,0.3605280634803666,960,1277,1298,1365,1242
house-bills_m2_hetb,0.75,case_II,392,20,0.3840154184913098,513.75,4.0,4.8943443754299943e-05,0.00036680182306683673,2.4639383260347607,644,906,1077,959,694
house-bills_m2_hetb,0.75,case_II,393,200,0.9874393427162872,4.385,26.0,0.0019272391666802907,0.001603655202748721,0.32657708937653296,829,82,235,102,1260
house-bills_m2_hetb,0.75,case_II,394,20,0.40598877214889817,0.0,2.0,0.0001144216842543114,0.000295814202466015,1.1880224557022037,961,1135,943,1087,951
house-bills_m2_hetb,0.75,case_II,395,20,0.29981554243781305,3355.05,6.0,0.00041290539167182147,0.0005436328749243984,4.201106745373122,91,702,634,675,479
house-bills_m2_hetb,0.75,case_II,396,20,0.8138978250995115,0.0,1.0,0.0,0.00017960569783918054,0.18610217490048853,962,1278,1299,1292,1316
house-bills_m2_hetb,0.75,case_II,397,20,0.46668980303279606,-133.9,7.0,0.0001345789987958481,0.000507571352327465,3.7331713787704275,1407,620,907,747,528
house-bills_m2_hetb,0.75,case_II,398,20,0.27321678269920713,0.0,2.0,5.255568469532128e-06,0.0002291481705183668,1.4535664346015857,963,1136,1238,1227,887
house-bills_m2_hetb,0.75,case_II,399,200,0.28649102447160646,5695.935,43.0,0.007970032190722964,0.002804566761514614,30.680885947720924,28,18,35,16,16
house-bills_m2_hetb,0.75,case_II,400,20,0.9471557892442384,0.0,3.0,0.00011599618187167273,0.0003457996815862201,0.15853263226728487,964,1003,942,985,1331
house-bills_m2_hetb,0.75,case_II,401,20,0.961736748159922,0.0,6.0,0.0004399152948826756,0.0005230556470618994,0.2295795110404677,965,703,618,711,1299
house-bills_m2_hetb,0.75,case_II,402,20,0.6462368962429871,-152.55,6.0,0.00013229502314432263,0.0004829697738817048,2.1225786225420773,1412,704,913,778,755
house-bills_m2_hetb,0.75,case_II,403,200,0.2787679766747637,3647.33,23.0,0.0029129387252090533,0.0014738367682866872,16.588336536480433,63,112,162,132,75
house-bills_m2_hetb,0.75,case_II,404,20,0.7113690437189849,0.0,3.0,6.0866588371664774e-05,0.0003035038969237693,0.8658928688430453,966,1004,1051,1063,1045
house-bills_m2_hetb,0.75,case_II,405,20,0.2167694819361088,0.0,1.0,0.0,0.0001634026647140199,0.7832305180638912,967,1279,1300,1369,1076
house-bills_m2_hetb,0.75,case_II,406,20,0.3220846874139359,12.5,6.0,0.0005776109674785697,0.0004912017660044811,4.067491875516384,818,705,550,765,487
house-bills_m2_hetb,0.75,case_II,407,20,0.5417363597027655,0.0,3.0,0.00013431372329688872,0.0003783985444819189,1.3747909208917037,968,1005,908,945,908
house-bills_m2_hetb,0.75,case_II,408,0,0.40114416116454565,0.0,0.0,0.0,0.00010743061772605194,0.0,969,1400,1301,1400,1400
house-bills_m2_hetb,0.75,case_II,409,20,0.35102386263458685,887.7,8.0,0.0003408894096994358,0.0005753854887149193,5.191809098923305,570,551,674,631,406
house-bills_m2_hetb,0.75,case_II,410,20,0.9741344294864881,0.0,7.0,0.00029285796553454104,0.0005298367784942039,0.18105899359458333,970,621,720,698,1317
house-bills_m2_hetb,0.75,case_II,411,20,0.17020617447974906,111.85,1.0,0.0,0.00017422599947606302,0.8297938255202509,775,1280,1302,1314,1062
house-bills_m2_hetb,0.75,case_II,412,200,0.6137785589494178,1811.265,26.0,0.003142550900971708,0.0016373945447087385,10.041757467315136,281,83,148,95,189
house-bills_m2_hetb,0.75,case_II,413,0,0.03854138948384955,0.0,0.0,0.0,0.00010743061772605194,0.0,971,1401,1303,1401,1401
house-bills_m2_hetb,0.75,case_II,414,20,0.09171473713390443,985.15,3.0,0.0001475246136729768,0.00031060563767608125,2.724855788598287,548,1006,883,1044,656
house-bills_m2_hetb,0.75,case_II,415,20,0.20999600501172455,0.0,2.0,2.5031302303168146e-05,0.0002630743512838279,1.580007989976551,972,1137,1152,1147,866
house-bills_m2_hetb,0.75,case_II,416,20,0.9916861960144647,0.0,2.0,2.0660664645593142e-05,0.00033207392249581563,0.016627607971070546,973,1138,1177,1014,1371
house-bills_m2_hetb,0.75,case_II,417,20,0.7264246392278,1043.8,1.0,0.0,0.00016192078898291703,0.2735753607722,506,1281,1304,1376,1273
house-bills_m2_hetb,0.75,case_II,418,20,0.8680380956291989,0.0,2.0,0.00045322105128052504,0.0002883822219912854,0.26392380874160226,974,1139,613,1101,1277
house-bills_m2_hetb,0.75,case_II,419,20,0.049483784636716543,0.0,5.0,6.704179934583282e-05,0.00041894008045895875,4.752581076816417,975,817,1033,865,436
house-bills_m2_hetb,0.75,case_II,420,20,0.6814384526526729,198.15,2.0,1.3646354675509439e-05,0.00022283276689947539,0.6371230946946542,733,1140,1201,1244,1134
house-bills_m2_hetb,0.75,case_II,421,20,0.4399364794360058,0.0,1.0,0.0,0.00017539443055496695,0.5600635205639942,976,1282,1305,1306,1167
house-bills_m2_hetb,0.75,case_II,422,20,0.41641994855534936,0.0,1.0,0.0,0.00017394386655641912,0.5835800514446506,977,1283,1306,1318,1157
house-bills_m2_hetb,0.75,case_II,423,20,0.7082547942479717,1082.3,4.0,4.096939561306709e-05,0.00034554831492863666,1.1669808230081133,480,907,1101,988,957
house-bills_m2_hetb,0.75,case_II,424,20,0.30831895053558056,1483.65,3.0,4.15931197404966e-05,0.0003078314731167616,2.0750431483932585,341,1007,1097,1052,762
house-bills_m2_hetb,0.75,case_II,425,0,0.5134678232710247,0.0,0.0,0.0,0.00010743061772605194,0.0,978,1402,1307,1402,1402
house-bills_m2_hetb,0.75,case_II,426,20,0.2607247218237164,0.0,4.0,0.00013340453892087594,0.0003677601033437066,2.9571011127051343,979,908,911,958,614
house-bills_m2_hetb,0.75,case_II,427,20,0.39140407059240856,1168.5,4.0,0.00028078323080837897,0.0003837559224091512,2.4343837176303658,441,909,735,937,699
house-bills_m2_hetb,0.75,case_II,428,0,0.5333261752047522,0.0,0.0,0.0,0.00010743061772605194,0.0,980,1403,1308,1403,1403
house-bills_m2_hetb,0.75,case_II,429,0,0.15788100282626316,0.0,0.0,0.0,0.00010743061772605194,0.0,981,1404,1309,1404,1404
house-bills_m2_hetb,0.75,case_II,430,20,0.27618712190520356,2222.15,6.0,0.0009179512024780255,0.0004954362031513677,4.342877268568778,215,706,432,762,469
house-bills_m2_hetb,0.75,case_II,431,20,0.4204059052215403,286.6,2.0,7.6100211943345005e-06,0.00022086981508434505,1.1591881895569194,711,1141,1223,1249,958
house-bills_m2_hetb,0.75,case_II,432,200,0.4727479785281554,4590.16,37.0,0.007979100264503701,0.0022965459683108357,19.50832479445825,41,34,34,42,44
house-bills_m2_hetb,0.75,case_II,433,200,0.8000039680110183,902.03,23.0,0.0035250333808385867,0.0014614941240943993,4.59990873574658,565,113,122,135,447
house-bills_m2_hetb,0.75,case_II,434,20,0.6429501138675994,880.0,11.0,0.0015841538148959632,0.0008617040185635316,3.927548747456407,571,402,278,375,508
house-bills_m2_hetb,0.75,case_II,435,20,0.5624900665221173,146.2,8.0,0.0002672722920260985,0.0005623802300120033,3.5000794678230616,757,552,746,650,559
house-bills_m2_hetb,0.75,case_II,436,20,0.8698673937003966,0.0,8.0,0.0003851503925658697,0.0005695817735594419,1.0410608503968275,982,553,645,638,989
house-bills_m2_hetb,0.75,case_II,437,20,0.19734886477676372,679.65,9.0,0.0005341483247365375,0.0006338802531019063,7.223860217009126,594,503,571,572,291
house-bills_m2_hetb,0.75,case_II,438,0,0.10408303517803497,0.0,0.0,0.0,0.00010743061772605194,0.0,983,1405,1310,1405,1405
house-bills_m2_hetb,0.75,case_II,439,0,0.39372521336773547,0.0,0.0,0.0,0.00010743061772605194,0.0,984,1406,1311,1406,1406
house-bills_m2_hetb,0.75,case_II,440,20,0.1371899555572782,2403.65,7.0,0.00023896578953081619,0.0005493065754396603,6.039670311099052,193,622,778,669,340
house-bills_m2_hetb,0.75,case_II,441,200,0.5559810381008665,2395.145,25.0,0.003280850026074664,0.0015753970372590221,11.100474047478336,196,92,137,104,155
house-bills_m2_hetb,0.75,case_II,442,20,0.5736433320658848,1382.75,13.0,0.0014640799174096123,0.00089464316057786,5.542636683143497,374,322,297,350,381
house-bills_m2_hetb,0.75,case_II,443,200,0.13159354974969018,8611.67,42.0,0.013306952049941796,0.002771707716823165,36.473070910513016,12,21,13,17,7
house-bills_m2_hetb,0.75,case_II,444,20,0.7160539946963933,1078.6,14.0,0.0017671101873839733,0.0009695547408376242,3.9752440742504938,483,284,257,303,500
house-bills_m2_hetb,0.75,case_II,445,200,0.5565394834256112,3189.755,44.0,0.013550011332327565,0.002826130084729795,19.512262729273107,101,16,11,15,43
house-bills_m2_hetb,0.75,case_II,446,20,0.4231819942696411,310.0,16.0,0.0024828177416489315,0.0010709000317832191,9.229088091685743,705,229,188,260,221
house-bills_m2_hetb,0.75,case_II,447,20,0.9174817732993081,0.0,9.0,0.0002957611409151312,0.0006269202941863166,0.7426640403062268,985,504,718,577,1099
house-bills_m2_hetb,0.75,case_II,448,20,0.8559122943833432,0.0,3.0,3.560684106568354e-05,0.00031040018761853676,0.43226311684997054,986,1008,1116,1046,1219
house-bills_m2_hetb,0.75,case_II,449,200,0.22096916376486697,1946.93,13.0,0.0006396493238238839,0.000847012458342799,10.127400871056729,264,323,529,391,184
house-bills_m2_hetb,0.75,case_II,450,20,0.166583176525819,2052.2,12.0,0.00024746185033647244,0.0007686927461245329,10.001001881690172,250,362,767,451,190
house-bills_m2_hetb,0.75,case_II,451,20,0.9155364039147175,1118.7,7.0,0.0002431746727782761,0.0005294758065653463,0.5912451725969777,471,623,771,699,1154
house-bills_m2_hetb,0.75,case_II,452,200,0.1572518885137706,2968.005,20.0,0.00205832391175181,0.001274826856887973,16.85496222972459,116,152,225,176,70
house-bills_m2_hetb,0.75,case_II,453,20,0.7572063264186215,1775.85,19.0,0.0017361399857965237,0.0012141582772875125,4.613079798046192,287,167,263,201,446
house-bills_m2_hetb,0.75,case_II,454,20,0.31251701581211366,0.0,4.0,3.9000324686285785e-05,0.00033447966000673204,2.7499319367515453,987,910,1105,1011,650
house-bills_m2_hetb,0.75,case_II,455,20,0.3611853466325139,93.05,13.0,0.0005003833363325823,0.0008405832277122187,8.304590493777319,790,324,584,394,249
house-bills_m2_hetb,0.75,case_II,456,20,0.5537246459677773,482.75,7.0,0.00013758362436758553,0.0005066613095718861,3.1239274782255593,651,624,900,748,599
house-bills_m2_hetb,0.75,case_II,457,20,0.9259641674233373,48.55,16.0,0.001144192773969299,0.0010053427400167955,1.184573321226603,800,230,360,289,952
house-bills_m2_hetb,0.75,case_II,458,200,0.00205684306461984,6313.205,31.0,0.004281535093693633,0.0018946889400521978,30.936237864996784,21,54,92,63,15
house-bills_m2_hetb,0.75,case_II,459,200,0.1622873344023199,9315.52,29.0,0.0031022183026951414,0.0017963261738729202,24.29366730233272,8,64,149,76,26
house-bills_m2_hetb,0.75,case_II,460,200,0.7202117786599489,454.275,25.0,0.002581553320267712,0.0015506913179481872,6.9947055335012776,657,93,181,111,298
house-bills_m2_hetb,0.75,case_II,461,200,0.3944665294244958,2274.345,19.0,0.0008767695417361771,0.0011613331985394174,11.50513594093458,208,168,444,221,146
house-bills_m2_hetb,0.75,case_II,462,20,0.2878104198967977,-267.6,2.0,4.569062826424091e-06,0.00022071238462916096,1.4243791602064046,1445,1142,1240,1251,898
house-bills_m2_hetb,0.75,case_II,463,20,0.9628956581275414,0.0,4.0,8.395835575687293e-05,0.00036080089667832424,0.14841736748983436,988,911,994,964,1335
house-bills_m2_hetb,0.75,case_II,464,20,0.26402842332427967,1933.2,12.0,0.000895441877573677,0.0008173477351118499,8.831658920108644,266,363,436,409,234
house-bills_m2_hetb,0.75,case_II,465,20,0.7141669578683888,924.85,20.0,0.001991328123146928,0.0012755162620892908,5.7166608426322245,562,153,231,175,365
house-bills_m2_hetb,0.75,case_II,466,20,0.964225669092555,0.0,11.0,0.0009300821708481562,0.0007912042494305677,0.3935176399818947,989,403,425,431,1232
house-bills_m2_hetb,0.75,case_II,467,200,0.7627660562464376,1209.88,40.0,0.006987270568374819,0.00245214777915854,9.489357750142497,428,28,43,33,208
house-bills_m2_hetb,0.75,case_II,468,200,0.7094140359205118,1275.405,22.0,0.002306241180072622,0.0013920556824588816,6.392891209748741,403,122,205,150,326
house-bills_m2_hetb,0.75,case_II,469,20,0.7232067127676901,0.0,10.0,0.0005687410764137072,0.0006847947311623623,2.767932872323099,990,454,556,507,644
house-bills_m2_hetb,0.75,case_II,470,20,0.8052261068309458,41.15,16.0,0.0013846013451853346,0.0010164629410341327,3.116382290704868,806,231,309,282,600
house-bills_m2_hetb,0.75,case_II,471,200,0.27121364891992294,9953.825,52.0,0.017196577265426817,0.0033377506471124626,37.896890256164006,6,7,7,8,5
house-bills_m2_hetb,0.75,case_II,472,20,0.6266867251784247,1214.75,10.0,0.0008305260402802103,0.0007013994784146434,3.733132748215753,427,455,462,492,529
house-bills_m2_hetb,0.75,case_II,473,20,0.802885894043567,617.0,10.0,0.0003736091300177825,0.0006883292847830539,1.9711410595643297,615,456,651,504,776
house-bills_m2_hetb,0.75,case_II,474,200,0.8882296412968325,825.95,37.0,0.008311596363340997,0.0023409118639888416,4.135503272017199,578,35,30,39,483
house-bills_m2_hetb,0.75,case_II,475,20,0.9058341532080582,0.0,9.0,0.00048344807248709834,0.0006492931326953572,0.8474926211274766,991,505,595,555,1055
house-bills_m2_hetb,0.75,case_II,476,200,0.903896393587496,-18.315,25.0,0.004098969356289336,0.0016073454180497448,2.402590160312601,1384,94,98,101,705
house-bills_m2_hetb,0.75,case_II,477,20,0.09763379946487272,1175.0,5.0,9.996286124837369e-05,0.00039840873657018717,4.5118310026756365,434,818,966,896,455
house-bills_m2_hetb,0.75,case_II,478,20,0.3764060873778814,1284.05,16.0,0.0010575019070867234,0.0010299990976439474,9.977502601953898,398,232,389,273,192
house-bills_m2_hetb,0.75,case_II,479,200,0.45639208349041915,2037.785,28.0,0.0033142790480127342,0.001735009858204349,15.221021662268264,252,72,134,82,90
house-bills_m2_hetb,0.75,case_II,480,20,0.8916854039669163,268.15,5.0,8.079215100856613e-05,0.00038498892798203936,0.5415729801654184,720,819,1001,933,1174
house-bills_m2_hetb,0.75,case_II,481,200,0.4192536193798634,6253.585,48.0,0.009822564593523595,0.0029077741090176184,27.875826269766556,22,10,23,12,21
house-bills_m2_hetb,0.75,case_II,482,20,0.2649121033591305,1759.8,19.0,0.0019001016852744992,0.001241073979050183,13.96667003617652,288,169,240,189,105
house-bills_m2_hetb,0.75,case_II,483,20,0.019858773159258325,2944.15,11.0,0.0003891118260953438,0.0007177088532672804,10.781553495248158,120,404,643,483,163
house-bills_m2_hetb,0.75,case_II,484,20,0.28875427776216545,2703.75,15.0,0.0009624238521849823,0.0009626970497227214,10.668685833567519,148,257,414,309,167
house-bills_m2_hetb,0.75,case_II,485,20,0.7807241847334279,0.0,6.0,0.00014942379952238518,0.0004784561371509228,1.3156548915994328,992,707,875,784,924
house-bills_m2_hetb,0.75,case_II,486,200,0.020170938059851595,3458.155,18.0,0.0011407368858857797,0.001160740985359976,17.63692311492267,78,190,362,222,61
house-bills_m2_hetb,0.75,case_II,487,200,0.16499392794848766,2926.18,25.0,0.005178850916561755,0.0016839463998786321,20.87515180128781,124,95,69,87,34
house-bills_m2_hetb,0.75,case_II,488,20,0.3109684208465644,-522.85,4.0,7.84638951933489e-05,0.0003467690170191844,2.7561263166137424,1461,912,1012,979,648
house-bills_m2_hetb,0.75,case_II,489,200,0.5320110718845206,1356.21,22.0,0.0022976867716587527,0.0014129173694438753,10.295756418540547,385,123,206,141,180
house-bills_m2_hetb,0.75,case_II,490,20,0.3630433181948137,1043.8,1.0,0.0,0.00016948737870943736,0.6369566818051863,507,1284,1312,1332,1135
house-bills_m2_hetb,0.75,case_II,491,20,0.8826396945897659,0.0,5.0,9.871222994241152e-05,0.0004061387484293824,0.5868015270511706,993,820,968,880,1155
house-bills_m2_hetb,0.75,case_II,492,20,0.20747762885186438,-231.7,5.0,7.692409824378923e-05,0.00039524679280764216,3.962611855740678,1441,821,1015,902,502
house-bills_m2_hetb,0.75,case_II,493,20,0.5616344004190236,1520.2,19.0,0.001636844559720221,0.0011880623775472187,8.328946392038553,335,170,274,211,248
house-bills_m2_hetb,0.75,case_II,494,20,0.7778175051376995,1145.95,11.0,0.0009771963949868033,0.000774494998531763,2.444007443485305,452,405,410,445,698
house-bills_m2_hetb,0.75,case_II,495,20,0.9296082290939864,101.75,5.0,7.950196852497057e-05,0.0004178168153887937,0.3519588545300678,788,822,1006,867,1245
house-bills_m2_hetb,0.75,case_II,496,20,0.8734802733413756,35.05,16.0,0.002083814537305991,0.0010821915725822526,2.024315626537991,816,233,223,254,765
house-bills_m2_hetb,0.75,case_II,497,20,0.13552100374068055,1719.55,12.0,0.00037777429769603546,0.0007976713241106682,10.373747955111833,295,364,650,427,177
house-bills_m2_hetb,0.75,case_II,498,20,0.7918000796455894,676.6,6.0,6.391131491262609e-05,0.00043448966715484085,1.2491995221264636,598,708,1043,841,938
house-bills_m2_hetb,0.75,case_II,499,20,0.6753462694980112,158.85,11.0,0.0007951799252171035,0.0007547671499977349,3.5711910355218763,745,406,469,458,552
house-bills_m2_hetb,0.75,case_II,500,20,0.4216035573870036,45.6,5.0,0.0003073309579624988,0.00043476231420189193,2.891982213064982,802,823,703,839,623
house-bills_m2_hetb,0.75,case_II,501,20,0.02556709896246312,660.75,10.0,0.0005605494476366408,0.0006769806391739732,9.744329010375369,603,457,560,519,198
house-bills_m2_hetb,0.75,case_II,502,200,0.16798147095798632,9202.21,43.0,0.009139666106381098,0.002638031800031925,35.77679674880659,9,19,25,20,8
house-bills_m2_hetb,0.75,case_II,503,20,0.7494608262320578,0.0,2.0,1.5826331632162816e-05,0.00024248399674468003,0.5010783475358844,994,1143,1193,1189,1188
house-bills_m2_hetb,0.75,case_II,504,20,0.08400476777677468,686.8,3.0,6.172915052445343e-05,0.00029121230379723764,2.747985696669676,592,1009,1050,1098,651
house-bills_m2_hetb,0.75,case_II,505,200,0.3126499249880641,2963.525,23.0,0.0012932954451495265,0.001390860774388821,15.809051725274525,119,114,329,151,80
house-bills_m2_hetb,0.75,case_II,506,20,0.25521243827660445,1362.05,16.0,0.0013084281275797538,0.0010798393818637149,11.916600987574329,384,234,325,256,136
house-bills_m2_hetb,0.75,case_II,507,20,0.7461008968986407,0.0,2.0,1.1589136718669387e-05,0.00023381841267276684,0.5077982062027186,995,1144,1207,1213,1185
house-bills_m2_hetb,0.75,case_II,508,20,0.3590598291763175,1168.7,15.0,0.0011405564398803683,0.0010141919050580658,9.614102562355237,440,258,363,283,203
house-bills_m2_hetb,0.75,case_II,509,20,0.08718824098875189,1483.65,8.0,0.00030960675214891545,0.0005870140338448369,7.302494072089985,342,554,701,615,287
house-bills_m2_hetb,0.75,case_II,510,200,0.3704421018161166,2392.03,12.0,0.0006859077841739517,0.0007698456532056903,7.554694778206601,197,365,511,449,276
house-bills_m2_hetb,0.75,case_II,511,20,0.3268298767186818,316.15,5.0,0.00021303528131426302,0.00042611561608222486,3.365850616406591,704,824,804,855,571
house-bills_m2_hetb,0.75,case_II,512,20,0.7170213673193974,1675.95,3.0,6.975271007580828e-05,0.000282307334631809,0.8489358980418079,303,1010,1027,1114,1052
house-bills_m2_hetb,0.75,case_II,513,20,0.32012222019868797,673.5,11.0,0.0015282157019827203,0.0008774956859730832,7.478655577814433,600,407,284,362,280
house-bills_m2_hetb,0.75,case_II,514,200,0.6936156490920399,2477.245,29.0,0.005149999378904641,0.0018457606640422286,8.885146176330844,178,65,70,67,228
house-bills_m2_hetb,0.75,case_II,515,20,0.538594453433759,351.25,16.0,0.001507608698085805,0.0010466716324570254,7.382488745059856,684,235,288,267,281
house-bills_m2_hetb,0.75,case_II,516,20,0.8877328287244716,0.0,12.0,0.0007252772120226843,0.0008161260873540747,1.3472060553063412,996,366,491,411,917
house-bills_m2_hetb,0.75,case_II,517,20,0.7333651729435877,0.0,15.0,0.0008250278656451541,0.00095388070644204,3.999522405846184,997,259,463,311,495
house-bills_m2_hetb,0.75,case_II,518,20,0.4079187425363865,3572.35,15.0,0.0017871675772156862,0.0010360988095549082,8.881218861954203,66,260,254,271,229
house-bills_m2_hetb,0.75,case_II,519,200,0.4849095181984443,2431.335,30.0,0.0046037733253727845,0.0018958405069139656,15.45271445404667,186,58,81,62,86
house-bills_m2_hetb,0.75,case_II,520,20,0.4713857598653367,1920.95,13.0,0.000625019922142213,0.0008544742907525689,6.8719851217506225,267,325,535,383,307
house-bills_m2_hetb,0.75,case_II,521,20,0.871702397518525,1304.05,7.0,0.0001677073793075354,0.000496295422384274,0.8980832173703253,393,625,856,761,1035
house-bills_m2_hetb,0.75,case_II,522,20,0.1380361717125459,0.0,5.0,7.528927506797528e-05,0.0003977207126527314,4.309819141437271,998,825,1018,899,470
house-bills_m2_hetb,0.75,case_II,523,20,0.4242300124285143,0.0,2.0,2.8761985259516497e-06,0.00023928288315125303,1.1515399751429714,999,1145,1243,1201,960
house-bills_m2_hetb,0.75,case_II,524,20,0.5349120574812903,0.0,1.0,0.0,0.00016506769955898753,0.46508794251870966,1000,1285,1313,1357,1205
house-bills_m2_hetb,0.75,case_II,525,20,0.43622283223869607,539.45,5.0,0.00029648558930019196,0.000440324267832414,2.8188858388065197,635,826,716,831,632
house-bills_m2_hetb,0.75,case_II,526,20,0.5980284679987804,8.85,12.0,0.0005705231155412262,0.000820066206984233,4.823658384014635,821,367,555,405,432
house-bills_m2_hetb,0.75,case_II,527,20,0.49884309541984917,1003.1,7.0,0.00018248318139449648,0.0005253619887257545,3.508098332061056,540,626,836,703,558
house-bills_m2_hetb,0.75,case_II,528,20,0.4136957426619674,-152.55,13.0,0.00143004339037178,0.0008950110168351442,7.621955345394424,1413,326,303,348,275
house-bills_m2_hetb,0.75,case_II,529,200,0.6868129726159958,741.075,5.0,0.00013005345915121315,0.0003986838180169681,1.5659351369200207,586,827,917,895,869
house-bills_m2_hetb,0.75,case_II,530,20,0.329322465708467,584.45,14.0,0.0010366990275539345,0.0009341110592312665,9.389485480081461,622,285,395,320,213
house-bills_m2_hetb,0.75,case_II,531,20,0.6069010136690235,3561.8,8.0,0.0002119686141496065,0.0005652536100836931,3.144791890647812,70,555,805,646,594
house-bills_m2_hetb,0.75,case_II,532,20,0.7285583473338744,0.0,10.0,0.0008891882717743214,0.0007413173028491385,2.7144165266612563,1001,458,440,468,657
house-bills_m2_hetb,0.75,case_II,533,20,0.13064663579388291,0.0,8.0,0.00041129117570963655,0.000643712763761435,6.954826913648937,1002,556,635,561,300
house-bills_m2_hetb,0.75,case_II,534,20,0.326452101504932,554.95,13.0,0.0010927168680322336,0.0009272749325952605,8.756122680435885,631,327,381,327,236
house-bills_m2_hetb,0.75,case_II,535,20,0.9447045555986052,0.0,5.0,4.087174448239336e-05,0.00038707011701979445,0.2764772220069739,1003,828,1103,926,1272
house-bills_m2_hetb,0.75,case_II,536,20,0.9660212875626245,0.0,2.0,6.0582307115634505e-06,0.00022216840359148805,0.06795742487475098,1004,1146,1231,1248,1361
house-bills_m2_hetb,0.75,case_II,537,20,0.9923887631356604,0.0,2.0,5.964146555059598e-06,0.00022078952977158174,0.015222473728679242,1005,1147,1233,1250,1373
house-bills_m2_hetb,0.75,case_II,538,200,0.042525833888270914,3408.24,15.0,0.000981799761408967,0.0009475998462945929,14.362112491675937,84,261,406,313,100
house-bills_m2_hetb,0.75,case_II,539,200,0.8265087689118491,1061.745,49.0,0.024047799890192748,0.00354938598844887,8.501070323319395,492,8,2,5,245
house-bills_m2_hetb,0.75,case_II,540,20,0.9352758069942098,0.0,5.0,0.00012498594147893727,0.0004107102996668109,0.3236209650289512,1006,829,926,873,1261
house-bills_m2_hetb,0.75,case_II,541,0,0.9019444400552439,0.0,0.0,0.0,0.00010743061772605194,0.0,1007,1407,1314,1407,1407
house-bills_m2_hetb,0.75,case_II,542,20,0.7149413034806142,-2799.75,17.0,0.002263371850663417,0.0011413539296347148,4.845997840829558,1488,206,210,231,428
house-bills_m2_hetb,0.75,case_II,543,20,0.6756193428878896,-2881.15,15.0,0.0006689888240324659,0.0009301515131325477,4.865709856681656,1490,262,519,323,427
house-bills_m2_hetb,0.75,case_II,544,20,0.7196066164883864,111.85,10.0,0.00027702842583238895,0.0006767068668457343,2.803933835116136,776,459,737,521,639
house-bills_m2_hetb,0.75,case_II,545,20,0.5748858181470116,1185.65,18.0,0.002107879929876651,0.0011947536075334227,7.652055273353792,432,191,221,207,274
house-bills_m2_hetb,0.75,case_II,546,200,0.7884200798433164,435.625,24.0,0.00357611392490519,0.0015957737518273066,5.077918083760406,663,105,120,103,413
house-bills_m2_hetb,0.75,case_II,547,200,0.5019296038006482,2709.795,26.0,0.002611606480317189,0.0015732037626417501,12.949830301183146,146,84,177,107,117
house-bills_m2_hetb,0.75,case_II,548,20,0.22593749989122835,1257.8,7.0,0.00023845780042490276,0.0005247993061447583,5.418437500761401,417,627,780,706,390
house-bills_m2_hetb,0.75,case_II,549,200,0.09434902497816688,4333.02,19.0,0.001735897489016262,0.0012144920252865734,17.20736852541483,45,171,264,200,66
house-bills_m2_hetb,0.75,case_II,550,20,0.9082557233023724,337.7,12.0,0.0013175806445027164,0.0008366905644961752,1.1009313203715316,692,368,323,397,973
house-bills_m2_hetb,0.75,case_II,551,20,0.7548789814030864,551.0,1.0,0.0,0.00016707895742016824,0.2451210185969136,632,1286,1315,1347,1290
house-bills_m2_hetb,0.75,case_II,552,20,0.17724193576034308,592.1,1.0,0.0,0.0001682448089503884,0.8227580642396569,619,1287,1316,1339,1063
house-bills_m2_hetb,0.75,case_II,553,20,0.8224582773234224,0.0,9.0,0.0006256500351366329,0.0006511942919870633,1.5978755040891988,1008,506,534,554,858
house-bills_m2_hetb,0.75,case_II,554,0,0.30034675292417745,0.0,0.0,0.0,0.00010743061772605194,0.0,1009,1408,1317,1408,1408
house-bills_m2_hetb,0.75,case_II,555,20,0.6356549721085979,2963.85,10.0,0.0011077604936367933,0.0007220345240439038,3.6434502789140213,118,460,373,479,544
house-bills_m2_hetb,0.75,case_II,556,20,0.35615285774869865,337.7,7.0,0.00020597345315785117,0.0005314291645257456,4.506929995759109,693,628,810,696,456
house-bills_m2_hetb,0.75,case_II,557,200,0.21416308633064296,2893.6,17.0,0.0016962030081487472,0.0010883332851170616,13.35922753237907,127,207,268,252,113
house-bills_m2_hetb,0.75,case_II,558,200,0.17560876378281154,3439.27,18.0,0.0029029562381738456,0.0012488936522725867,14.839042251909392,80,192,163,187,98
house-bills_m2_hetb,0.75,case_II,559,0,0.07095031074440761,0.0,0.0,0.0,0.00010743061772605194,0.0,1010,1409,1318,1409,1409
house-bills_m2_hetb,0.75,case_II,560,200,0.07443855639465857,12561.455,45.0,0.015489131896502598,0.002959982615296094,41.650264962240364,4,13,10,10,3
house-bills_m2_hetb,0.75,case_II,561,20,0.06909021073258215,-51.1,2.0,2.698631842465942e-05,0.00024195511976651671,1.8618195785348357,1394,1148,1146,1191,801
house-bills_m2_hetb,0.75,case_II,562,20,0.08991876663737164,1365.25,8.0,8.444404824036275e-05,0.0005346163332408739,7.280649866901027,383,557,993,691,289
house-bills_m2_hetb,0.75,case_II,563,20,0.8340292890000545,0.0,5.0,0.00025926055107296567,0.00040939008417033567,0.8298535549997277,1011,830,754,876,1061
house-bills_m2_hetb,0.75,case_II,564,20,0.5178083255163458,-2340.15,13.0,0.0014556315931687693,0.0008992433580219538,6.268491768287505,1487,328,301,345,330
house-bills_m2_hetb,0.75,case_II,565,20,0.12858401479946935,2588.8,6.0,0.0002863048327105195,0.0004626181938016279,5.228495911203184,166,709,727,808,405
house-bills_m2_hetb,0.75,case_II,566,200,0.5249946488828098,1566.015,22.0,0.0018481109511643845,0.001362655500590712,10.450117724578185,329,124,248,158,173
house-bills_m2_hetb,0.75,case_II,567,20,0.5426298015540887,-267.6,3.0,6.487259654968725e-05,0.00029545343443486633,1.372110595337734,1446,1011,1041,1088,909
house-bills_m2_hetb,0.75,case_II,568,20,0.4965920349441739,198.15,4.0,4.876975731325042e-05,0.00033092165835848223,2.0136318602233043,734,913,1078,1016,769
house-bills_m2_hetb,0.75,case_II,569,200,0.20648636461693026,3308.67,16.0,0.0008374842577913384,0.0010091080927923622,12.696218166129116,92,236,456,285,121
house-bills_m2_hetb,0.75,case_II,570,20,0.43439788722453043,-49.85,6.0,0.00012464347211947843,0.00046738746312565663,3.3936126766528174,1392,710,928,802,567
house-bills_m2_hetb,0.75,case_II,571,20,0.8708564535693805,-3363.75,20.0,0.0032362542329722587,0.0013345256012090526,2.5828709286123908,1492,154,140,166,673
house-bills_m2_hetb,0.75,case_II,572,200,0.3837354777850742,1612.715,16.0,0.001641355769753668,0.0010806829475438907,9.860232355438812,321,237,273,255,196
house-bills_m2_hetb,0.75,case_II,573,200,0.5039852429121634,2663.97,30.0,0.007895725300171177,0.0020327625976834236,14.880442712635098,152,59,36,54,97
house-bills_m2_hetb,0.75,case_II,574,20,0.9302423990750158,0.0,7.0,0.00026365814144738056,0.0005348746213118729,0.48830320647488923,1012,629,750,690,1195
house-bills_m2_hetb,0.75,case_II,575,200,0.23280139794441634,2229.985,12.0,0.0007116773326795915,0.0008067556932289238,9.206383224667004,212,369,498,421,224
house-bills_m2_hetb,0.75,case_II,576,20,0.7255076868062386,0.0,7.0,0.0005660190079859369,0.0005501175720728107,1.92144619235633,1013,630,558,667,788
house-bills_m2_hetb,0.75,case_II,577,200,0.4838413345039069,5002.82,39.0,0.008430091218617427,0.002513434771036886,20.130187954347633,34,30,28,30,39
house-bills_m2_hetb,0.75,case_II,578,20,0.7873679132996416,539.45,16.0,0.00475976018701312,0.0012748021285917714,3.402113387205734,636,238,78,177,565
house-bills_m2_hetb,0.75,case_II,579,20,0.3596735148257848,2547.4,19.0,0.002314463699409203,0.0012538197160508785,12.16620321831009,171,172,204,185,129
house-bills_m2_hetb,0.75,case_II,580,20,0.5423586148739377,3003.05,11.0,0.0005721509336372188,0.0007518893819863349,5.034055236386686,114,408,553,460,418
house-bills_m2_hetb,0.75,case_II,581,20,0.36828594365148837,1043.8,8.0,0.00034205861283658384,0.0005881472040142515,5.053712450788093,508,558,673,613,416
house-bills_m2_hetb,0.75,case_II,582,20,0.8661492404529617,0.0,2.0,2.4428458708253443e-05,0.0002335796174625703,0.2677015190940766,1014,1149,1154,1214,1276
house-bills_m2_hetb,0.75,case_II,583,20,0.9148178896585872,0.0,8.0,0.00048255600005540016,0.0005815216233109742,0.6814568827313021,1015,559,596,624,1120
house-bills_m2_hetb,0.75,case_II,584,200,0.6318212838540919,17.85,24.0,0.0058050733982489685,0.001671996215305469,8.836289187501794,817,106,58,89,233
house-bills_m2_hetb,0.75,case_II,585,20,0.9810202364628207,0.0,13.0,0.0012680463025630188,0.0008857942166659256,0.2467369259833314,1016,329,332,357,1287
house-bills_m2_hetb,0.75,case_II,586,20,0.7320556819078485,337.7,8.0,0.0003308121654406643,0.000575556072399991,2.1435545447372117,694,560,680,630,749
house-bills_m2_hetb,0.75,case_II,587,20,0.8304239319682308,0.0,2.0,4.747851889884281e-05,0.00023221573936902293,0.33915213606353833,1017,1150,1084,1221,1252
house-bills_m2_hetb,0.75,case_II,588,20,0.8947206498619251,0.0,14.0,0.0012321386813761723,0.000912689467044467,1.4739109019330483,1018,286,338,336,883
house-bills_m2_hetb,0.75,case_II,589,20,0.27190576176612025,41.15,3.0,3.252352706670198e-05,0.00027642585953102677,2.1842827147016393,807,1012,1124,1128,740
house-bills_m2_hetb,0.75,case_II,590,20,0.986677930317109,0.0,3.0,1.4646912637889606e-05,0.00027789961442601567,0.039966209048672874,1019,1013,1198,1123,1366
house-bills_m2_hetb,0.75,case_II,591,200,0.39041402334281483,2557.255,23.0,0.003973140433465902,0.0015335461545764927,14.02047746311526,169,115,103,114,103
house-bills_m2_hetb,0.75,case_II,592,20,0.49721254381585167,337.7,11.0,0.000926769145845618,0.0008011773570015976,5.530662018025632,695,409,427,425,383
house-bills_m2_hetb,0.75,case_II,593,20,0.18032373166299687,1263.95,7.0,0.00032254630718850987,0.0005591270912419212,5.7377338783590215,411,631,689,654,361
house-bills_m2_hetb,0.75,case_II,594,20,0.8214787850033072,0.0,5.0,0.00017722247007429098,0.00042548742846941685,0.8926060749834641,1020,831,840,856,1038
house-bills_m2_hetb,0.75,case_II,595,20,0.3368976266911904,0.0,4.0,9.067671564531295e-05,0.00035373631562584285,2.6524094932352384,1021,914,981,973,667
house-bills_m2_hetb,0.75,case_II,596,20,0.6893444454848344,518.0,2.0,2.6159349556181474e-05,0.00024675326533140263,0.6213111090303312,641,1151,1150,1176,1144
house-bills_m2_hetb,0.75,case_II,597,20,0.21835559486831246,1220.1,8.0,0.00026115996484824444,0.0005598975074102071,6.2531552410535,426,561,753,653,332
house-bills_m2_hetb,0.75,case_II,598,20,0.35136306055512956,-1.05,12.0,0.0017539237614005638,0.0008578711387246449,7.783643273338445,1383,370,260,380,271
house-bills_m2_hetb,0.75,case_II,599,20,0.38424448628290675,-739.6,8.0,0.00036214069290811917,0.000582290324752586,4.926044109736746,1477,562,658,622,422
house-bills_m2_hetb,0.75,case_II,600,20,0.23662399393571287,1086.85,20.0,0.00240859376657017,0.001335613156111316,15.267520121285742,477,155,196,165,89
house-bills_m2_hetb,0.75,case_II,601,20,0.035063442069188544,193.65,5.0,0.00012260429835204728,0.0003888441396638232,4.824682789654057,738,832,934,917,431
house-bills_m2_hetb,0.75,case_II,602,20,0.7702089160972269,0.0,3.0,7.133205991678998e-06,0.0002798504426331917,0.6893732517083194,1022,1014,1227,1119,1116
house-bills_m2_hetb,0.75,case_II,603,20,0.9503546630566793,0.0,2.0,3.697047556614819e-05,0.0002312147968731639,0.09929067388664148,1023,1152,1113,1223,1352
house-bills_m2_hetb,0.75,case_II,604,200,0.22624785755627508,6497.095,37.0,0.008964165629949809,0.0024202010290771403,28.62882927041782,20,36,26,35,19
house-bills_m2_hetb,0.75,case_II,605,20,0.16265136497070776,490.45,9.0,0.0005780808996011448,0.0006764313323339726,7.53613771526363,650,507,549,523,278
house-bills_m2_hetb,0.75,case_II,606,20,0.34760417535557775,0.0,9.0,0.0008913215529530136,0.0007444924229715688,5.8715624217998,1024,508,438,464,350
house-bills_m2_hetb,0.75,case_II,607,20,0.0827660016297126,2337.9,12.0,0.0006778531858037208,0.0008048685009471764,11.00680798044345,202,371,515,423,159
house-bills_m2_hetb,0.75,case_II,608,20,0.6497328757632396,0.0,2.0,9.697372691017129e-06,0.00022561873128265232,0.7005342484735209,1025,1153,1214,1235,1110
house-bills_m2_hetb,0.75,case_II,609,200,0.36855251919960996,1755.375,16.0,0.0012989593385147476,0.0010951460859873502,10.10315969280624,289,239,328,247,186
house-bills_m2_hetb,0.75,case_II,610,20,0.5624785542668137,2433.95,9.0,0.0005499882166069205,0.0006467747948968164,3.9376930115986766,185,509,566,557,505
house-bills_m2_hetb,0.75,case_II,611,20,0.9058499863649655,337.7,7.0,0.0002387647492098574,0.0005245167410918483,0.6590500954452415,696,632,779,707,1128
house-bills_m2_hetb,0.75,case_II,612,20,0.8615793288939493,0.0,9.0,0.0005334635003705564,0.0006372970805737253,1.2457860399544565,1026,510,572,569,941
house-bills_m2_hetb,0.75,case_II,613,0,0.9216768590469784,0.0,0.0,0.0,0.00010743061772605194,0.0,1027,1410,1319,1410,1410
house-bills_m2_hetb,0.75,case_II,614,20,0.9350577167713908,0.0,1.0,0.0,0.0001617598807590857,0.06494228322860918,1028,1288,1320,1377,1362
house-bills_m2_hetb,0.75,case_II,615,20,0.5898193600864983,1043.8,7.0,0.0001439656717106889,0.0005064850494158324,2.871264479394512,509,633,889,749,625
house-bills_m2_hetb,0.75,case_II,616,0,0.5023002858629506,0.0,0.0,0.0,0.00010743061772605194,0.0,1029,1411,1321,1411,1411
house-bills_m2_hetb,0.75,case_II,617,200,0.03761516563706968,2165.585,10.0,0.0004305117957551316,0.0006781969320559612,9.623848343629303,226,461,621,517,200
house-bills_m2_hetb,0.75,case_II,618,20,0.10244131138007828,1630.7,7.0,0.0003988940197643078,0.0005478123878947995,6.282910820339452,318,634,639,671,329
house-bills_m2_hetb,0.75,case_II,619,20,0.5239233948745965,-163.8,3.0,9.115903166284559e-05,0.0002954304411587663,1.4282298153762105,1422,1015,979,1089,896
house-bills_m2_hetb,0.75,case_II,620,20,0.8560083046111611,951.5,12.0,0.0007176714424956483,0.0008093367997076874,1.7279003446660672,549,372,495,417,830
house-bills_m2_hetb,0.75,case_II,621,20,0.4326345607117319,111.85,3.0,3.301645810247686e-05,0.00030278722010063477,1.7020963178648043,777,1016,1122,1066,839
house-bills_m2_hetb,0.75,case_II,622,200,0.0037293622863878717,6232.75,19.0,0.0014746344101457744,0.0012395499257242132,18.92914211655863,23,173,295,190,54
house-bills_m2_hetb,0.75,case_II,623,20,0.2123031061951699,1282.55,4.0,5.497006945376037e-05,0.000342424013093678,3.1507875752193204,402,915,1060,998,592
house-bills_m2_hetb,0.75,case_II,624,20,0.7599704182197689,111.85,6.0,9.307308686742935e-05,0.00044310479394837833,1.440177490681387,778,711,976,828,893
house-bills_m2_hetb,0.75,case_II,625,20,0.15841798852977795,2449.45,14.0,0.0011525319789271083,0.0009078206619460229,11.782148160583109,180,287,359,339,138
house-bills_m2_hetb,0.75,case_II,626,200,0.1995763351554023,2020.51,13.0,0.001360841424826721,0.0009253102650132011,10.40550764297977,256,330,312,328,175
house-bills_m2_hetb,0.75,case_II,627,20,0.28553606420344835,1043.8,4.0,0.00021789634171442992,0.00039619506807605327,2.8578557431862066,510,916,800,901,627
house-bills_m2_hetb,0.75,case_II,628,20,0.6092833765614685,649.15,11.0,0.0005415526700726182,0.0007349756924267715,4.297882857823847,607,410,570,470,472
house-bills_m2_hetb,0.75,case_II,629,20,0.8364055547707432,1154.8,16.0,0.0010096303620741147,0.0010412006057841886,2.617511123668109,448,240,402,269,669
house-bills_m2_hetb,0.75,case_II,630,200,0.2188948374279186,8616.04,44.0,0.008819393553077448,0.0027342338057756883,34.36862715317158,11,17,27,18,11
house-bills_m2_hetb,0.75,case_II,631,20,0.5994678737814576,2997.6,6.0,0.00019852395314984013,0.00045457208258555025,2.4031927573112544,115,712,819,819,704
house-bills_m2_hetb,0.75,case_II,632,20,0.5299406131466844,1869.95,8.0,0.0003064882506778931,0.0005660938204441686,3.760475094826525,272,563,705,645,524
house-bills_m2_hetb,0.75,case_II,633,20,0.4448642064761482,-170.0,3.0,2.870044020256314e-05,0.00027487027918129275,1.6654073805715552,1425,1017,1139,1131,849
house-bills_m2_hetb,0.75,case_II,634,20,0.5804205236557797,268.2,5.0,2.8719216377349212e-05,0.00038588063789811444,2.0978973817211015,719,833,1138,929,758
house-bills_m2_hetb,0.75,case_II,635,20,0.8141185235724825,1043.8,4.0,3.0014396207566966e-05,0.00033127866844789324,0.74352590571007,511,917,1135,1015,1096
house-bills_m2_hetb,0.75,case_II,636,20,0.2174880566784605,0.0,1.0,0.0,0.00016903775123386133,0.7825119433215395,1030,1289,1322,1335,1077
house-bills_m2_hetb,0.75,case_II,637,20,0.49723415087942624,1065.5,17.0,0.001389294086897746,0.0011161433421246123,8.547019435049753,489,208,308,240,242
house-bills_m2_hetb,0.75,case_II,638,20,0.09792056114612835,3172.3,12.0,0.0008162352344894568,0.0008096499787705933,10.82495326624646,105,373,466,416,162
house-bills_m2_hetb,0.75,case_II,639,20,0.5132375550687044,1809.85,11.0,0.0006552484679806555,0.00074437077576545,5.354386894244252,282,411,523,465,394
house-bills_m2_hetb,0.75,case_II,640,20,0.7910078573202679,0.0,5.0,0.00011967706735217265,0.00038904506848379543,1.0449607133986605,1031,834,939,916,988
house-bills_m2_hetb,0.75,case_II,641,20,0.9985588906517041,0.0,15.0,0.0016732522153099273,0.0010097254213563948,0.02161664022443832,1032,263,269,284,1369
house-bills_m2_hetb,0.75,case_II,642,0,0.4756930540857839,0.0,0.0,0.0,0.00010743061772605194,0.0,1033,1412,1323,1412,1412
house-bills_m2_hetb,0.75,case_II,643,20,0.29660340069975666,1261.6,5.0,4.5072512547746776e-05,0.0003989375782958172,3.5169829965012167,414,835,1090,893,557
house-bills_m2_hetb,0.75,case_II,644,20,0.5795035819171939,0.0,4.0,0.0002533828643583506,0.0004057328066353799,1.6819856723312245,1034,918,757,883,845
house-bills_m2_hetb,0.75,case_II,645,20,0.37175205481064844,1595.75,3.0,0.00010544546999600628,0.0003026041966409859,1.8847438355680546,325,1018,955,1067,797
house-bills_m2_hetb,0.75,case_II,646,0,0.11700238911955996,0.0,0.0,0.0,0.00010743061772605194,0.0,1035,1413,1324,1413,1413
house-bills_m2_hetb,0.75,case_II,647,20,0.5244985720304953,651.3,6.0,0.00046992085314965956,0.0005191285386246873,2.853008567817028,605,713,602,720,629
house-bills_m2_hetb,0.75,case_II,648,20,0.7991356910058783,-615.1,14.0,0.0037818014293232887,0.0010907419449975476,2.8121003259177035,1473,288,112,249,634
house-bills_m2_hetb,0.75,case_II,649,20,0.8911272873731255,665.3,5.0,0.00018944277074631473,0.0004188319777698187,0.5443635631343724,601,836,828,866,1170
house-bills_m2_hetb,0.75,case_II,650,20,0.9781111877004136,0.0,6.0,0.0001952898424136519,0.00046832203892132956,0.13133287379751835,1036,714,822,800,1341
house-bills_m2_hetb,0.75,case_II,651,20,0.367724622858563,1295.0,16.0,0.0021173398790143814,0.0010892750692781403,10.116406034262992,395,241,218,251,185
house-bills_m2_hetb,0.75,case_II,652,200,0.2516651775815243,4050.45,21.0,0.004060864729381975,0.0014844445522966031,15.71503127078799,54,138,101,126,81
house-bills_m2_hetb,0.75,case_II,653,0,0.11082077354630926,0.0,0.0,0.0,0.00010743061772605194,0.0,1037,1414,1325,1414,1414
house-bills_m2_hetb,0.75,case_II,654,20,0.43623191729940924,2626.5,17.0,0.002558725532725604,0.0011193387892621742,9.584057405910043,163,209,183,239,204
house-bills_m2_hetb,0.75,case_II,655,20,0.8070271602470545,1014.6,5.0,0.00010477595111073962,0.00038355428884463076,0.9648641987647277,537,837,957,938,1015
house-bills_m2_hetb,0.75,case_II,656,20,0.23464478762451768,531.2,12.0,0.0009273664579397505,0.0008294109911636486,9.184262548505789,639,374,426,399,225
house-bills_m2_hetb,0.75,case_II,657,0,0.8495664980662655,0.0,0.0,0.0,0.00010743061772605194,0.0,1038,1415,1326,1415,1415
house-bills_m2_hetb,0.75,case_II,658,20,0.7117370178186778,1326.75,17.0,0.0014885140957537804,0.0011337739186219593,4.900470697082477,391,210,291,235,426
house-bills_m2_hetb,0.75,case_II,659,20,0.2009428205260435,0.0,3.0,3.211076097722961e-05,0.00027959920321339734,2.3971715384218695,1039,1019,1126,1120,706
house-bills_m2_hetb,0.75,case_II,660,0,0.6317515391392956,0.0,0.0,0.0,0.00010743061772605194,0.0,1040,1416,1327,1416,1416
house-bills_m2_hetb,0.75,case_II,661,20,0.8196921827935082,111.85,12.0,0.0009744485076312906,0.0008275721964899366,2.1636938064779017,779,375,412,400,745
house-bills_m2_hetb,0.75,case_II,662,200,0.9328703661209736,153.355,49.0,0.017172086246355776,0.003303371971456891,3.289352060072292,752,9,8,9,576
house-bills_m2_hetb,0.75,case_II,663,20,0.1622147636965876,2253.45,9.0,0.0010289765403525592,0.000676751238076586,7.540067126730712,211,511,397,520,277
house-bills_m2_hetb,0.75,case_II,664,200,0.8220151936558258,371.33,39.0,0.010265170387562564,0.0025068944838673155,6.941407447422796,678,31,20,31,303
house-bills_m2_hetb,0.75,case_II,665,20,0.775849087831725,0.0,1.0,0.0,0.0001743645645200476,0.22415091216827498,1041,1290,1328,1313,1301
house-bills_m2_hetb,0.75,case_II,666,200,0.24372164064158708,5177.755,33.0,0.010185296866419993,0.002302380765257338,24.957185858827625,32,50,21,41,24
house-bills_m2_hetb,0.75,case_II,667,20,0.29458141066814314,1263.95,15.0,0.0009752715874508765,0.0009684896347458977,10.581278839977854,412,264,411,305,169
house-bills_m2_hetb,0.75,case_II,668,20,0.9570840322522522,111.85,7.0,0.00021574497266023396,0.0005172378166275825,0.30041177423423426,780,635,801,724,1264
house-bills_m2_hetb,0.75,case_II,669,200,0.3620160579603561,1808.68,14.0,0.0017266369711157353,0.000983657510476777,8.931775188555015,284,289,266,296,227
house-bills_m2_hetb,0.75,case_II,670,20,0.28897610525044326,1393.25,20.0,0.0034766970911879135,0.00139921634235973,14.220477894991134,366,156,128,145,101
house-bills_m2_hetb,0.75,case_II,671,20,0.7200111192047169,-152.55,9.0,0.00035624152482286803,0.0006186748101461697,2.5198999271575477,1414,512,663,587,686
house-bills_m2_hetb,0.75,case_II,672,20,0.13290601045995287,2570.15,14.0,0.0007870274983423148,0.000972883978609055,12.13931585356066,168,290,473,302,130
house-bills_m2_hetb,0.75,case_II,673,20,0.4831693166218948,188.85,3.0,5.238176609598306e-05,0.0002861170983616499,1.5504920501343156,741,1020,1065,1106,871
house-bills_m2_hetb,0.75,case_II,674,20,0.3581331262376146,453.45,1.0,0.0,0.00016748061109455535,0.6418668737623854,659,1291,1329,1345,1133
house-bills_m2_hetb,0.75,case_II,675,20,0.5439863429623552,74.9,19.0,0.003613239803228569,0.0014740145431243559,8.664259483715252,791,174,118,131,239
house-bills_m2_hetb,0.75,case_II,676,20,0.6032501438505057,592.1,2.0,2.4710853788331005e-05,0.00022351693971030918,0.7934997122989886,620,1154,1153,1243,1069
house-bills_m2_hetb,0.75,case_II,677,20,0.6401074539004775,111.85,3.0,2.4177714378199796e-05,0.0002840470872620985,1.0796776382985676,781,1021,1156,1111,980
house-bills_m2_hetb,0.75,case_II,678,0,0.4323990581888032,0.0,0.0,0.0,0.00010743061772605194,0.0,1042,1417,1330,1417,1417
house-bills_m2_hetb,0.75,case_II,679,20,0.8869324087540136,0.0,14.0,0.001625747340607587,0.0009740542244969716,1.58294627744381,1043,291,275,300,865
house-bills_m2_hetb,0.75,case_II,680,20,0.8356760923639591,0.0,3.0,3.088448651623406e-05,0.0002740581495372591,0.49297172290812263,1044,1022,1132,1132,1192
house-bills_m2_hetb,0.75,case_II,681,20,0.9333577853920362,0.0,6.0,0.00014465379984910366,0.0005216972934159608,0.39985328764778294,1045,715,886,713,1229
house-bills_m2_hetb,0.75,case_II,682,0,0.4459056416232484,0.0,0.0,0.0,0.00010743061772605194,0.0,1046,1418,1331,1418,1418
house-bills_m2_hetb,0.75,case_II,683,200,0.7300859144743024,1332.495,26.0,0.005928211156820428,0.0018540135386142507,7.017766223668138,390,85,56,65,297
house-bills_m2_hetb,0.75,case_II,684,20,0.43069578678627296,0.0,3.0,4.0896920347786794e-05,0.00028903118027189824,1.7079126396411812,1047,1023,1102,1100,837
house-bills_m2_hetb,0.75,case_II,685,20,0.27878275453064916,-152.55,11.0,0.0008318475142436601,0.0007841898212894653,7.933389700162859,1415,412,461,435,262
house-bills_m2_hetb,0.75,case_II,686,20,0.6518864471172541,1368.7,13.0,0.0017548769499421183,0.0009279055693618586,4.525476187475697,381,331,259,325,454
house-bills_m2_hetb,0.75,case_II,687,20,0.9459871575106307,0.0,16.0,0.003858472343014253,0.001218031381873493,0.8642054798299093,1048,242,108,199,1046
house-bills_m2_hetb,0.75,case_II,688,20,0.8043078809051966,895.0,5.0,0.00019668703130424505,0.00040587593437684,0.9784605954740172,567,838,821,882,1007
house-bills_m2_hetb,0.75,case_II,689,20,0.28520177437201744,3525.35,5.0,0.0001652627114105983,0.0004109338174667199,3.573991128139913,72,839,860,872,550
house-bills_m2_hetb,0.75,case_II,690,20,0.22810575636153718,0.0,1.0,0.0,0.0001788140080149197,0.7718942436384628,1049,1292,1332,1298,1081
house-bills_m2_hetb,0.75,case_II,691,20,0.771645461188267,0.0,2.0,2.3676519092804563e-05,0.00024203562174222347,0.4567090776234659,1050,1155,1161,1190,1207
house-bills_m2_hetb,0.75,case_II,692,0,0.70512847943679,0.0,0.0,0.0,0.00010743061772605194,0.0,1051,1419,1333,1419,1419
house-bills_m2_hetb,0.75,case_II,693,0,0.8636017462548002,0.0,0.0,0.0,0.00010743061772605194,0.0,1052,1420,1334,1420,1420
house-bills_m2_hetb,0.75,case_II,694,20,0.14636161095889433,1262.65,15.0,0.001556815822445939,0.0010225835504156114,12.804575835616586,413,265,282,276,118
house-bills_m2_hetb,0.75,case_II,695,0,0.8616792361529133,0.0,0.0,0.0,0.00010743061772605194,0.0,1053,1421,1335,1421,1421
house-bills_m2_hetb,0.75,case_II,696,20,0.4326254526587491,0.0,1.0,0.0,0.00016219630028844388,0.5673745473412509,1054,1293,1336,1372,1161
house-bills_m2_hetb,0.75,case_II,697,20,0.2733454783925543,1056.65,3.0,0.00012735751061889909,0.0003147546225053545,2.179963564822337,493,1024,921,1038,742
house-bills_m2_hetb,0.75,case_II,698,20,0.34324466249262875,0.0,2.0,3.0453368278618496e-05,0.0002464906460041377,1.3135106750147425,1055,1156,1133,1177,925
house-bills_m2_hetb,0.75,case_II,699,200,0.993503904012744,-29.745,23.0,0.0023694337693324404,0.0015064981907810732,0.1494102077068875,1389,116,199,119,1334
house-bills_m2_hetb,0.75,case_II,700,20,0.9560321250196621,0.0,10.0,0.00039954393170133867,0.0006690066842971063,0.4396787498033794,1056,462,638,531,1214
house-bills_m2_hetb,0.75,case_II,701,20,0.08374603548012094,0.0,1.0,0.0,0.00019834477386227988,0.9162539645198791,1057,1294,1337,1262,1029
house-bills_m2_hetb,0.75,case_II,702,0,0.3151884677170894,0.0,0.0,0.0,0.00010743061772605194,0.0,1058,1422,1338,1422,1422
house-bills_m2_hetb,0.75,case_II,703,20,0.7195790246564682,0.0,2.0,3.4331244888023685e-05,0.00024144665736086494,0.5608419506870637,1059,1157,1118,1193,1166
house-bills_m2_hetb,0.75,case_II,704,20,0.035325131608288984,1145.95,4.0,0.00010185021495437926,0.00035158939418398626,3.858699473566844,453,919,963,975,515
house-bills_m2_hetb,0.75,case_II,705,20,0.035923654437162944,944.95,6.0,0.00017247168628115427,0.00045215094920242956,5.784458073377023,552,716,849,822,359
house-bills_m2_hetb,0.75,case_II,706,200,0.04489029342183237,4258.765,16.0,0.0020467164841902704,0.001136162065207559,15.281755305250682,49,243,226,234,88
house-bills_m2_hetb,0.75,case_II,707,20,0.8684448332578513,-342.35,13.0,0.0009049810832960026,0.000880314779156499,1.7102171676479334,1451,332,434,360,836
house-bills_m2_hetb,0.75,case_II,708,200,0.333732439660985,4712.96,26.0,0.004113558105122261,0.0016797428473175207,17.32295656881439,38,86,96,88,64
house-bills_m2_hetb,0.75,case_II,709,20,0.31873983277151186,1158.8,12.0,0.0015033709336551493,0.0008920510992172624,8.175122006741859,444,376,289,351,254
house-bills_m2_hetb,0.75,case_II,710,0,0.7933438210501507,0.0,0.0,0.0,0.00010743061772605194,0.0,1060,1423,1339,1423,1423
house-bills_m2_hetb,0.75,case_II,711,0,0.3185662914766022,0.0,0.0,0.0,0.00010743061772605194,0.0,1061,1424,1340,1424,1424
house-bills_m2_hetb,0.75,case_II,712,20,0.7384308555952237,1342.15,3.0,4.131272396728543e-05,0.0002780701047753908,0.7847074332143289,387,1025,1098,1122,1074
house-bills_m2_hetb,0.75,case_II,713,200,0.3693407284032201,185.65,9.0,0.0002749856766424458,0.0006405715160453568,5.67593344437102,743,513,740,563,370
house-bills_m2_hetb,0.75,case_II,714,0,0.29751931337916526,0.0,0.0,0.0,0.00010743061772605194,0.0,1062,1425,1341,1425,1425
house-bills_m2_hetb,0.75,case_II,715,20,0.3872265142953374,1833.5,13.0,0.0007499441221522965,0.0009027564183945922,7.966055314160614,278,333,483,343,260
house-bills_m2_hetb,0.75,case_II,716,20,0.16803724260680775,2137.65,7.0,0.00021443795352620325,0.0005122619127054455,5.8237393017523456,233,636,802,736,355
house-bills_m2_hetb,0.75,case_II,717,20,0.07501114630738015,246.75,4.0,0.00012295691424659674,0.0003363748617720412,3.6999554147704794,723,920,930,1007,537
house-bills_m2_hetb,0.75,case_II,718,20,0.8712014465037485,-212.25,6.0,0.00020395203069024277,0.0004700660614296334,0.7727913209775088,1431,717,814,797,1080
house-bills_m2_hetb,0.75,case_II,719,20,0.8683831797645515,153.0,14.0,0.0011121870208153457,0.0009630956136072142,1.8426354832962792,755,292,371,307,804
house-bills_m2_hetb,0.75,case_II,720,20,0.46082134286350085,2105.15,12.0,0.00117923735964413,0.0008444869362600777,6.47014388563799,241,377,349,393,322
house-bills_m2_hetb,0.75,case_II,721,20,0.6883762257244914,1403.95,14.0,0.0020980670440401933,0.0010169766076830362,4.36273283985712,362,293,222,281,467
house-bills_m2_hetb,0.75,case_II,722,20,0.862649616262373,1145.95,20.0,0.003913158833301143,0.0015307801622072078,2.7470076747525396,454,157,106,115,653
house-bills_m2_hetb,0.75,case_II,723,20,0.39072337589762884,0.0,6.0,0.000138292103921469,0.00046148428888081246,3.655659744614227,1063,718,897,811,543
house-bills_m2_hetb,0.75,case_II,724,20,0.7118103284257594,0.0,2.0,1.6408817557729865e-05,0.0002474261691285179,0.5763793431484812,1064,1158,1189,1173,1159
house-bills_m2_hetb,0.75,case_II,725,20,0.7547914201079906,130.8,12.0,0.0009860760506839375,0.0008233635794137368,2.9425029587041127,762,378,404,403,618
house-bills_m2_hetb,0.75,case_II,726,20,0.0780746100305868,2437.05,2.0,2.80314910377555e-06,0.00024395146376225658,1.8438507799388264,183,1159,1245,1184,803
house-bills_m2_hetb,0.75,case_II,727,20,0.1381620728272963,1232.65,6.0,0.00036419254764872904,0.0005160189440341659,5.171027563036223,424,719,655,729,409
house-bills_m2_hetb,0.75,case_II,728,20,0.7503299824856386,0.0,9.0,0.00048767980168464036,0.0007026826173938316,2.2470301576292524,1065,514,591,490,732
house-bills_m2_hetb,0.75,case_II,729,200,0.7056489373809989,1493.78,24.0,0.005031917776092405,0.001622326887032645,7.064425502856027,339,107,74,98,295
house-bills_m2_hetb,0.75,case_II,730,20,0.18526748198019183,388.0,7.0,0.00024107702073594586,0.0005095366526670806,5.703127626138658,674,637,774,741,366
house-bills_m2_hetb,0.75,case_II,731,20,0.8267319229556759,337.7,13.0,0.001048954219185036,0.0008992174208442929,2.2524850015762135,697,334,391,346,730
house-bills_m2_hetb,0.75,case_II,732,0,0.8009011709823957,0.0,0.0,0.0,0.00010743061772605194,0.0,1066,1426,1342,1426,1426
house-bills_m2_hetb,0.75,case_II,733,20,0.332743528625158,1505.1,1.0,0.0,0.0001691278156472259,0.667256471374842,336,1295,1343,1334,1126
house-bills_m2_hetb,0.75,case_II,734,20,0.3402819990903042,-212.25,2.0,8.73928480263857e-06,0.00022489995989182299,1.3194360018193916,1432,1160,1218,1237,923
house-bills_m2_hetb,0.75,case_II,735,20,0.11057199333425483,-572.9,1.0,0.0,0.00016196662336432342,0.8894280066657452,1470,1296,1344,1375,1039
house-bills_m2_hetb,0.75,case_II,736,20,0.4454831559739022,0.0,1.0,0.0,0.00017235106018955847,0.5545168440260978,1067,1297,1345,1323,1168
house-bills_m2_hetb,0.75,case_II,737,200,0.10976126007862752,4371.715,20.0,0.00531818787336159,0.001482416440254866,17.80477479842745,44,158,66,127,59
house-bills_m2_hetb,0.75,case_II,738,20,0.5434071419217806,-131.65,1.0,0.0,0.0001922935336957089,0.45659285807821937,1403,1298,1346,1273,1208
house-bills_m2_hetb,0.75,case_II,739,20,0.6245833168710772,-163.8,3.0,3.2220706453523386e-05,0.0002794214151091458,1.1262500493867686,1423,1026,1125,1121,965
house-bills_m2_hetb,0.75,case_II,740,20,0.5819411427086918,114.1,11.0,0.0008560601387041368,0.0007838585470418648,4.59864743020439,770,413,452,436,448
house-bills_m2_hetb,0.75,case_II,741,200,0.07164854385164288,3410.33,19.0,0.006066402351832276,0.0016161103484546332,17.638677666818786,83,175,53,99,60
house-bills_m2_hetb,0.75,case_II,742,20,0.6216704469983908,453.45,13.0,0.0007794055729296067,0.0009328319525960105,4.91828418902092,660,335,475,321,424
house-bills_m2_hetb,0.75,case_II,743,200,0.7522149311552978,615.945,22.0,0.003018225575763471,0.0014574649290980302,5.451271514583448,616,125,153,137,388
house-bills_m2_hetb,0.75,case_II,744,20,0.1418532078034277,608.15,4.0,8.364082446025272e-05,0.0003444022774548578,3.4325871687862892,617,921,995,992,564
house-bills_m2_hetb,0.75,case_II,745,20,0.5950767958664359,1675.95,8.0,0.00029729845737960987,0.0005949221910973775,3.2393856330685127,304,564,715,606,580
house-bills_m2_hetb,0.75,case_II,746,20,0.8190554752387017,1017.25,8.0,0.00017356537247938662,0.0005803573358201133,1.4475561980903864,536,565,847,625,890
house-bills_m2_hetb,0.75,case_II,747,200,0.1936194413797031,2120.505,17.0,0.0017548906821924749,0.0011466332932611155,13.708469496545048,237,211,258,230,108
house-bills_m2_hetb,0.75,case_II,748,20,0.9134149207965668,1043.8,5.0,0.00010113990835359542,0.0004032660457154464,0.43292539601716584,512,840,965,887,1218
house-bills_m2_hetb,0.75,case_II,749,20,0.9719140814140141,0.0,20.0,0.0018488193363631008,0.0013370713468026105,0.5617183717197172,1068,159,246,163,1165
house-bills_m2_hetb,0.75,case_II,750,20,0.7116445561732289,3183.75,18.0,0.003644365500704622,0.0014959764083541727,5.19039798888188,103,193,115,122,407
house-bills_m2_hetb,0.75,case_II,751,20,0.8720357680246629,0.0,6.0,0.000171704876721026,0.0004813564066317535,0.7677853918520228,1069,720,850,780,1082
house-bills_m2_hetb,0.75,case_II,752,20,0.2717827135360652,-909.6,2.0,9.646449105768441e-05,0.0002704608078626471,1.4564345729278696,1478,1161,973,1139,886
house-bills_m2_hetb,0.75,case_II,753,20,0.6649683870363727,1598.7,8.0,0.000566793852688848,0.0006063169725863217,2.680252903709018,324,566,557,594,663
house-bills_m2_hetb,0.75,case_II,754,0,0.9261442544579103,0.0,0.0,0.0,0.00010743061772605194,0.0,1070,1427,1347,1427,1427
house-bills_m2_hetb,0.75,case_II,755,20,0.044729020745856274,2707.6,13.0,0.000588271925857942,0.0008693153162468773,12.418522730303868,147,336,545,365,126
house-bills_m2_hetb,0.75,case_II,756,20,0.8208245363224256,111.85,1.0,0.0,0.00016426244305712707,0.17917546367757442,782,1299,1348,1366,1318
house-bills_m2_hetb,0.75,case_II,757,20,0.2369231670586005,3202.5,14.0,0.0028896139950575148,0.0010880702620071627,10.683075661179593,99,294,165,253,165
house-bills_m2_hetb,0.75,case_II,758,20,0.8011131119296838,0.0,5.0,7.50527032013325e-05,0.000387147360660647,0.9944344403515809,1071,841,1019,925,1001
house-bills_m2_hetb,0.75,case_II,759,20,0.6424195402459892,0.0,6.0,0.00019242692317655047,0.0004731470832697518,2.1454827585240643,1072,721,827,794,748
house-bills_m2_hetb,0.75,case_II,760,200,0.8015446039715485,423.005,22.0,0.004597061670761095,0.001648255869675243,4.366018712625934,666,126,82,92,466
house-bills_m2_hetb,0.75,case_II,761,20,0.4009949802868912,0.0,6.0,0.00022689033900824342,0.00046372256639493927,3.5940301182786527,1073,722,793,806,549
house-bills_m2_hetb,0.75,case_II,762,20,0.4502160475125643,41.15,2.0,1.2518345089234238e-05,0.0002474846166767052,1.0995679049748714,808,1162,1206,1172,974
house-bills_m2_hetb,0.75,case_II,763,20,0.9242973251731486,704.55,12.0,0.0011747555001028517,0.0008659295580952277,0.9084320979222174,590,379,352,367,1031
house-bills_m2_hetb,0.75,case_II,764,20,0.07123370061253664,2681.1,3.0,5.302626519839557e-05,0.0002881023875637534,2.78629889816239,150,1027,1063,1103,643
house-bills_m2_hetb,0.75,case_II,765,20,0.15620072680258767,0.0,2.0,3.6984098635795126e-05,0.00022625488213544632,1.6875985463948247,1074,1163,1112,1233,844
house-bills_m2_hetb,0.75,case_II,766,20,0.9728324105112391,1393.25,18.0,0.002496947101419698,0.0012112449437522233,0.48901661079769543,367,194,186,202,1194
house-bills_m2_hetb,0.75,case_II,767,200,0.9132513066775165,935.29,61.0,0.020873576505286474,0.003983552038495105,5.291670292671492,557,4,5,3,401
house-bills_m2_hetb,0.75,case_II,768,20,0.14686805427228156,0.0,3.0,4.62307779973998e-05,0.00028501891873993824,2.559395837183155,1075,1028,1086,1109,676
house-bills_m2_hetb,0.75,case_II,769,20,0.9734592170118911,-212.25,18.0,0.0020736376564376904,0.0012063717974095424,0.47773409378596043,1433,195,224,203,1201
house-bills_m2_hetb,0.75,case_II,770,200,0.2654554315187777,3726.025,26.0,0.006515550688423007,0.0018448768821876813,19.09815878051178,60,87,48,68,50
house-bills_m2_hetb,0.75,case_II,771,20,0.892106866269302,0.0,1.0,0.0,0.00017228087012501438,0.10789313373069798,1076,1300,1349,1325,1349
house-bills_m2_hetb,0.75,case_II,772,20,0.9047752275802584,2638.9,17.0,0.0036281075854980816,0.0012216173522922528,1.6188211311356069,158,212,116,198,853
house-bills_m2_hetb,0.75,case_II,773,20,0.02374579364467,0.0,2.0,1.819810644387055e-05,0.00023585174731408917,1.95250841271066,1077,1164,1180,1210,780
house-bills_m2_hetb,0.75,case_II,774,20,0.009711634968144423,607.45,3.0,9.068154612603016e-05,0.00028789737031365947,2.970865095095567,618,1029,980,1104,612
house-bills_m2_hetb,0.75,case_II,775,200,0.32699486130282873,2636.8,23.0,0.002953371585212058,0.0014994481310011305,15.479118190034939,160,117,160,120,84
house-bills_m2_hetb,0.75,case_II,776,20,0.9311784773555225,-152.55,16.0,0.0019121635827848886,0.001103702985629666,1.10114436231164,1416,244,238,245,972
house-bills_m2_hetb,0.75,case_II,777,20,0.7913436883497563,0.0,8.0,0.0005750966704955476,0.000616260329340335,1.6692504932019494,1078,567,551,589,848
house-bills_m2_hetb,0.75,case_II,778,20,0.38685097846012906,-49.55,6.0,0.0003586130022004019,0.0005001840519652998,3.6788941292392257,1391,723,661,755,541
house-bills_m2_hetb,0.75,case_II,779,20,0.8580108138212066,0.0,5.0,0.0001849948298823782,0.00043908514522359983,0.7099459308939671,1079,842,833,834,1106
house-bills_m2_hetb,0.75,case_II,780,200,0.30756183029200757,3450.755,20.0,0.0031841037041671367,0.0013290631037952967,13.84876339415985,79,160,143,167,106
house-bills_m2_hetb,0.75,case_II,781,20,0.3474174026041087,2213.25,12.0,0.0007001561391921246,0.0008174617661640962,7.830991168750696,216,380,505,408,268
house-bills_m2_hetb,0.75,case_II,782,200,0.1904783218387498,3120.365,13.0,0.0008694091133711858,0.0008859255985565839,10.523781816096253,109,337,447,356,170
house-bills_m2_hetb,0.75,case_II,783,20,0.9595511044269075,0.0,7.0,0.00013379922243867456,0.0005079445395582142,0.2831422690116475,1080,638,909,746,1267
house-bills_m2_hetb,0.75,case_II,784,20,0.8036306332035066,0.0,4.0,0.000501136365739822,0.0004155258720496619,0.7854774671859737,1081,922,582,868,1073
house-bills_m2_hetb,0.75,case_II,785,0,0.4624248054107556,0.0,0.0,0.0,0.00010743061772605194,0.0,1082,1428,1350,1428,1428
house-bills_m2_hetb,0.75,case_II,786,200,0.2642765705883787,1466.945,14.0,0.0013969216454119298,0.001021414527451741,10.300128011762698,349,295,306,278,179
house-bills_m2_hetb,0.75,case_II,787,20,0.9659796005287031,0.0,18.0,0.0034639464030399593,0.0012681233201949937,0.6123671904833436,1083,196,129,182,1150
house-bills_m2_hetb,0.75,case_II,788,20,0.3968199655598801,-983.85,7.0,0.0002909071739269133,0.0005401785175398178,4.222260241080839,1480,639,724,680,477
house-bills_m2_hetb,0.75,case_II,789,20,0.21070556446684796,1550.4,8.0,0.0002044335351201514,0.0005617128950223776,6.314355484265216,331,568,813,651,328
house-bills_m2_hetb,0.75,case_II,790,20,0.4246563813836979,1043.8,10.0,0.00034772948375497804,0.0007171061332106753,5.753436186163022,513,463,667,485,360
house-bills_m2_hetb,0.75,case_II,791,20,0.7191217102511182,1043.8,2.0,1.3080327831245767e-05,0.00022218430546339015,0.5617565794977637,514,1165,1204,1247,1164
house-bills_m2_hetb,0.75,case_II,792,200,0.770684798983071,870.39,34.0,0.007391408789953879,0.0023430120188120645,7.796716834575587,572,44,40,38,270
house-bills_m2_hetb,0.75,case_II,793,200,0.10898555213649419,3832.965,17.0,0.0013508592014610616,0.001103610543127989,15.1472456136796,57,213,314,246,92
house-bills_m2_hetb,0.75,case_II,794,200,0.9459307675537619,295.435,25.0,0.004519191835034107,0.001778166582813535,1.3517308111559516,708,96,85,78,915
house-bills_m2_hetb,0.75,case_II,795,20,0.6745707526164916,762.25,8.0,0.00022563292403281562,0.0005759172555247186,2.6034339790680674,581,569,794,628,672
house-bills_m2_hetb,0.75,case_II,796,20,0.06249576206556828,951.2,5.0,0.0001228457393989277,0.00040466894748628925,4.687521189672158,550,843,931,884,439
house-bills_m2_hetb,0.75,case_II,797,20,0.8374364376590171,2639.7,8.0,0.00027596979198518624,0.0005722571871450163,1.3005084987278632,157,570,738,635,928
house-bills_m2_hetb,0.75,case_II,798,20,0.9719037368942256,0.0,7.0,0.0004250016285619308,0.0005172531982764921,0.1966738417404208,1084,640,627,723,1310
house-bills_m2_hetb,0.75,case_II,799,20,0.8377476422704673,0.0,6.0,0.0003380513669444118,0.0004889969232903091,0.9735141463771964,1085,724,675,769,1010
house-bills_m2_hetb,0.75,case_II,800,200,0.009784879294458815,4197.035,21.0,0.0031585241232116312,0.0013857310290451234,20.794517534816364,51,139,145,152,35
house-bills_m2_hetb,0.75,case_II,801,20,0.4730889081790549,0.0,1.0,0.0,0.00018962366891814224,0.5269110918209451,1086,1301,1351,1276,1178
house-bills_m2_hetb,0.75,case_II,802,20,0.5891737739594198,1257.8,8.0,0.00033071048611865814,0.0005972310338957975,3.2866098083246413,418,571,681,603,577
house-bills_m2_hetb,0.75,case_II,803,20,0.8879986937026283,-212.25,7.0,0.00032228605755507884,0.000518919009878699,0.7840091440816019,1434,641,690,721,1075
house-bills_m2_hetb,0.75,case_II,804,20,0.5027604854148191,-22.45,11.0,0.0008772769491030982,0.000759385301212115,5.46963466043699,1387,414,443,455,387
house-bills_m2_hetb,0.75,case_II,805,20,0.07732381538240052,2189.75,10.0,0.0009805588763397931,0.0007699947666890626,9.226761846175995,222,464,407,448,222
house-bills_m2_hetb,0.75,case_II,806,20,0.933525505036036,0.0,3.0,0.00017479899363133776,0.0003282340624164747,0.19942348489189188,1087,1030,845,1019,1308
house-bills_m2_hetb,0.75,case_II,807,20,0.9517357978163641,569.1,17.0,0.002986029945348819,0.0011936430177225009,0.8204914371218106,625,214,156,209,1064
house-bills_m2_hetb,0.75,case_II,808,20,0.4861622150139764,0.0,2.0,1.0228228268574826e-05,0.0002509358339348065,1.0276755699720472,1088,1166,1211,1160,994
house-bills_m2_hetb,0.75,case_II,809,200,0.053442736483329756,2633.685,12.0,0.0005568685106890608,0.0008154818169516534,11.358687162200043,161,381,561,412,151
house-bills_m2_hetb,0.75,case_II,810,20,0.8388906791646739,0.0,11.0,0.0004257909554399969,0.000768000635694741,1.7722025291885877,1089,415,625,452,818
house-bills_m2_hetb,0.75,case_II,811,200,0.7416726764410203,255.71,7.0,0.0002456232572814555,0.0005094599218831971,1.808291264912858,722,642,768,742,809
house-bills_m2_hetb,0.75,case_II,812,20,0.9712340798009209,0.0,20.0,0.0029630347569665153,0.0013707693355708298,0.5753184039815817,1090,161,159,156,1160
house-bills_m2_hetb,0.75,case_II,813,200,0.0073136945373993845,4707.49,18.0,0.0014782638980158623,0.0011468309522537554,17.86835349832681,39,197,294,229,58
house-bills_m2_hetb,0.75,case_II,814,20,0.43549444952009686,943.4,7.0,0.0002509227777191685,0.0005089211018109438,3.951538853359322,556,643,761,743,504
house-bills_m2_hetb,0.75,case_II,815,200,0.28380239863237033,3385.805,25.0,0.005776566337781536,0.0018008304439567618,17.90494003419074,87,97,59,75,57
house-bills_m2_hetb,0.75,case_II,816,20,0.1077050956833312,1739.7,6.0,0.00017767455560150822,0.00046720476609811825,5.353769425900013,292,725,839,803,396
house-bills_m2_hetb,0.75,case_II,817,20,0.7351346026730965,-564.0,6.0,0.001062106527567518,0.0005370836792974644,1.589192383961421,1468,726,386,687,863
house-bills_m2_hetb,0.75,case_II,818,20,0.34121491637706414,2410.65,3.0,2.4150754614777377e-05,0.000283980782806905,1.9763552508688076,190,1031,1157,1112,774
house-bills_m2_hetb,0.75,case_II,819,200,0.03896913912115796,11507.13,36.0,0.011066997338159924,0.0025639544110363337,34.59711099163832,5,42,17,27,10
house-bills_m2_hetb,0.75,case_II,820,200,0.13362680572640495,8162.82,37.0,0.008124670490375838,0.0023967326109420794,32.05580818812302,13,37,32,37,13
house-bills_m2_hetb,0.75,case_II,821,20,0.8060002972277002,-564.0,13.0,0.0013506484364897472,0.0009170889411608102,2.5219961360398977,1469,338,315,333,683
house-bills_m2_hetb,0.75,case_II,822,20,0.60587101798938,1145.95,5.0,0.0001833948121174675,0.0004025734213650489,1.9706449100530998,455,844,835,888,777
house-bills_m2_hetb,0.75,case_II,823,20,0.21505062517361473,1155.65,5.0,8.948099357102875e-05,0.0003882308020898066,3.9247468741319262,447,845,982,923,509
house-bills_m2_hetb,0.75,case_II,824,20,0.6960422280017734,1043.8,5.0,0.00010531895383798404,0.0003979327051701233,1.5197888599911331,515,846,956,898,875
house-bills_m2_hetb,0.75,case_II,825,200,0.13040479371277058,5704.825,23.0,0.0040698603604999274,0.001568896622297771,20.000689744606277,27,118,100,109,40
house-bills_m2_hetb,0.75,case_II,826,0,0.6731877575019788,0.0,0.0,0.0,0.00010743061772605194,0.0,1091,1429,1352,1429,1429
house-bills_m2_hetb,0.75,case_II,827,20,0.6550402554226945,0.0,5.0,3.266564505924914e-05,0.00039880278931544967,1.7247987228865274,1092,847,1123,894,832
house-bills_m2_hetb,0.75,case_II,828,20,0.0055257315325957235,2442.05,15.0,0.0017467501416100306,0.0010741750938150249,14.917114027011063,182,266,261,258,96
house-bills_m2_hetb,0.75,case_II,829,20,0.5115154737487803,662.35,15.0,0.0021137853812970534,0.0011406600820305778,7.327267893768296,602,267,219,232,283
house-bills_m2_hetb,0.75,case_II,830,20,0.7263154319326705,479.8,6.0,0.0001308382540079214,0.0004550531577714852,1.6421074084039773,652,727,914,817,850
house-bills_m2_hetb,0.75,case_II,831,20,0.7585337396231457,1078.6,14.0,0.0022646287039179646,0.001058485357602265,3.3805276452759596,484,296,209,263,570
house-bills_m2_hetb,0.75,case_II,832,20,0.7057083392270682,511.0,7.0,0.0001929574758249025,0.0005299118016663895,2.0600416254105225,647,644,826,697,764
house-bills_m2_hetb,0.75,case_II,833,20,0.8850456138709182,0.0,2.0,6.950151526859815e-06,0.0002483396993061862,0.22990877225816364,1093,1167,1230,1168,1298
house-bills_m2_hetb,0.75,case_II,834,20,0.7562078404723139,355.9,8.0,0.001143686252298261,0.0006532791079196636,1.9503372762214886,681,572,361,551,781
house-bills_m2_hetb,0.75,case_II,835,20,0.9219899000274794,479.8,3.0,4.579496765297551e-05,0.00029500376920450354,0.23403029991756186,653,1032,1088,1090,1295
house-bills_m2_hetb,0.75,case_II,836,20,0.414807003582114,-400.8,5.0,0.00029745295382978954,0.0004560641496703773,2.9259649820894302,1456,848,714,815,620
house-bills_m2_hetb,0.75,case_II,837,20,0.03416098666515466,1599.4,6.0,0.00018683913284234507,0.00045503477049179655,5.7950340800090725,322,728,831,818,357
house-bills_m2_hetb,0.75,case_II,838,20,0.1810034150072165,0.0,4.0,7.903522901877902e-05,0.00034673297550144903,3.275986339971134,1094,923,1007,980,578
house-bills_m2_hetb,0.75,case_II,839,200,0.28778228138605877,3177.805,17.0,0.002728940458203292,0.0012329702814244422,12.107701216437,104,215,170,192,131
house-bills_m2_hetb,0.75,case_II,840,200,0.041791613803324745,2555.595,10.0,0.000930953772228246,0.000744165410790059,9.582083861966753,170,465,423,466,205
house-bills_m2_hetb,0.75,case_II,841,20,0.10815954185604848,-117.55,2.0,9.691990426750873e-06,0.0002260524919123854,1.783680916287903,1401,1168,1215,1234,814
house-bills_m2_hetb,0.75,case_II,842,200,0.5187791211329045,3663.23,25.0,0.006390827131630833,0.0017871333561838769,12.030521971677388,62,98,49,77,132
house-bills_m2_hetb,0.75,case_II,843,20,0.25248938313188884,0.0,1.0,0.0,0.00017194326880351203,0.7475106168681112,1095,1302,1353,1327,1095
house-bills_m2_hetb,0.75,case_II,844,200,0.2855351348958012,2208.335,21.0,0.004229982417457626,0.0014296897685377623,15.003762167188174,219,140,94,138,95
house-bills_m2_hetb,0.75,case_II,845,0,0.7414695266286413,0.0,0.0,0.0,0.00010743061772605194,0.0,1096,1430,1354,1430,1430
house-bills_m2_hetb,0.75,case_II,846,20,0.854679634313597,0.0,13.0,0.001727868547410721,0.0009695234924255584,1.8891647539232397,1097,339,265,304,795
house-bills_m2_hetb,0.75,case_II,847,20,0.8620398082340321,0.0,1.0,0.0,0.00016557008018762602,0.13796019176596785,1098,1303,1355,1354,1340
house-bills_m2_hetb,0.75,case_II,848,20,0.3706215974025555,2874.3,19.0,0.0066544207659719416,0.0014750932064797847,11.958189649351445,131,176,45,129,135
house-bills_m2_hetb,0.75,case_II,849,20,0.709630073307115,111.85,5.0,0.0002694076183282373,0.00047455377516633234,1.4518496334644249,783,849,744,790,888
house-bills_m2_hetb,0.75,case_II,850,20,0.8523046329128582,0.0,7.0,0.0002412810015719525,0.0005115660396485826,1.0338675696099928,1099,645,773,739,992
house-bills_m2_hetb,0.75,case_II,851,20,0.1509575400611467,2305.85,12.0,0.0018235163387705917,0.0009014794320093113,10.18850951926624,203,382,250,344,183
house-bills_m2_hetb,0.75,case_II,852,20,0.20055366747212444,1196.8,15.0,0.0021820904173098744,0.0011219249467560011,11.991694987918134,430,268,214,237,134
house-bills_m2_hetb,0.75,case_II,853,20,0.6479602930950665,0.0,2.0,1.8699820205018987e-05,0.00022394663334377563,0.7040794138098669,1100,1169,1179,1241,1108
house-bills_m2_hetb,0.75,case_II,854,20,0.26555035992042053,198.15,2.0,9.192591514235623e-06,0.000228937170282631,1.468899280159159,735,1170,1217,1228,884
house-bills_m2_hetb,0.75,case_II,855,200,0.1926771538050761,1437.395,5.0,0.0001205642712134792,0.00039141124839947355,4.036614230974619,354,850,937,909,489
house-bills_m2_hetb,0.75,case_II,856,20,0.36752022732257306,843.15,9.0,0.0006290627981272833,0.0006602923404254408,5.6923179540968425,576,515,532,543,367
house-bills_m2_hetb,0.75,case_II,857,20,0.015983247172232207,3567.0,9.0,0.00046012999827995695,0.0006677724804273197,8.85615077544991,68,516,608,535,231
house-bills_m2_hetb,0.75,case_II,858,20,0.4383192764607815,50.0,7.0,0.00038228970470752265,0.0005608608621931493,3.9317650647745293,798,646,647,652,507
house-bills_m2_hetb,0.75,case_II,859,20,0.04726994221033787,1627.1,9.0,0.0012927385007979893,0.0007512225395806684,8.57457052010696,320,517,330,461,241
house-bills_m2_hetb,0.75,case_II,860,200,0.2447102483994975,1065.455,8.0,0.0007554517229208722,0.0006575920329011026,6.04231801280402,490,573,480,544,339
house-bills_m2_hetb,0.75,case_II,861,20,0.21754220086133835,0.0,7.0,0.001919399261704548,0.0006524007268740766,5.477204593970631,1101,647,236,553,386
house-bills_m2_hetb,0.75,case_II,862,200,0.32944523387845637,1663.975,17.0,0.0024755866780654698,0.001205738407013895,11.399431024066242,312,216,189,204,150
house-bills_m2_hetb,0.75,case_II,863,200,0.12538995648273654,2503.515,21.0,0.004690434482619452,0.0015169383379767473,18.366810913862533,174,141,79,118,56
house-bills_m2_hetb,0.75,case_II,864,20,0.47119641642445664,-231.7,7.0,0.00035787083106783243,0.0005437077183055804,3.7016250850288035,1442,648,662,674,536
house-bills_m2_hetb,0.75,case_II,865,20,0.6878566433246712,717.2,9.0,0.0007988648593047858,0.0006556604330583745,2.809290210077959,588,518,468,547,636
house-bills_m2_hetb,0.75,case_II,866,20,0.338928923504192,41.15,12.0,0.0008649780447666615,0.0008480615721450995,7.932852917949695,809,383,448,389,263
house-bills_m2_hetb,0.75,case_II,867,20,0.9271932187857495,0.0,5.0,0.00025047059069205693,0.00043015961266691476,0.36403390607125274,1102,851,762,848,1239
house-bills_m2_hetb,0.75,case_II,868,20,0.8597668788883609,0.0,6.0,0.0003936285810803632,0.0005203419056456534,0.8413987266698346,1103,729,641,719,1058
house-bills_m2_hetb,0.75,case_II,869,0,0.3060151354329368,0.0,0.0,0.0,0.00010743061772605194,0.0,1104,1431,1356,1431,1431
house-bills_m2_hetb,0.75,case_II,870,200,0.03890040352214308,14361.04,39.0,0.009531394909917097,0.0026869785232883927,37.48288426263642,3,32,24,19,6
house-bills_m2_hetb,0.75,case_II,871,20,0.7681917007692237,0.0,1.0,0.0,0.00017452329244712806,0.23180829923077628,1105,1304,1357,1312,1296
house-bills_m2_hetb,0.75,case_II,872,20,0.24001231290508984,0.0,7.0,0.0005545654416248889,0.0005781676355832589,5.319913809664371,1106,649,562,627,397
house-bills_m2_hetb,0.75,case_II,873,20,0.3321610405787516,1223.7,12.0,0.0016593934232077931,0.0008604009597806249,8.01406751305498,425,384,271,376,258
house-bills_m2_hetb,0.75,case_II,874,0,0.5793352263468351,0.0,0.0,0.0,0.00010743061772605194,0.0,1107,1432,1358,1432,1432
house-bills_m2_hetb,0.75,case_II,875,20,0.998879676887163,0.0,5.0,0.00015519910260366115,0.0004096536651039043,0.005601615564185258,1108,852,870,875,1376
house-bills_m2_hetb,0.75,case_II,876,20,0.29967756661199185,-20.6,7.0,0.000422636369187088,0.000538823083962545,4.902257033716057,1386,650,628,682,425
house-bills_m2_hetb,0.75,case_II,877,20,0.4685230029239946,189.75,1.0,0.0,0.00016380186859809366,0.5314769970760054,740,1305,1359,1368,1176
house-bills_m2_hetb,0.75,case_II,878,200,0.6274508828630837,1569.135,28.0,0.005617500465482539,0.002071307861752323,10.431375279833656,328,73,61,53,174
house-bills_m2_hetb,0.75,case_II,879,20,0.6833723791568794,944.95,6.0,0.00042168179381411587,0.0004965846414292148,1.8997657250587234,553,730,629,760,791
house-bills_m2_hetb,0.75,case_II,880,20,0.21216618344980043,1988.75,3.0,0.0001381839865723688,0.0003122747954960395,2.363501449650599,258,1033,898,1042,717
house-bills_m2_hetb,0.75,case_II,881,20,0.595321747502258,1175.0,5.0,0.0001095483080152685,0.00040017951512282695,2.02339126248871,435,853,948,892,766
house-bills_m2_hetb,0.75,case_II,882,20,0.5441064429064965,592.1,1.0,0.0,0.00016489919969432486,0.45589355709350354,621,1306,1360,1359,1209
house-bills_m2_hetb,0.75,case_II,883,20,0.6585798628076089,198.15,4.0,0.00010291273717531917,0.00034615705233283125,1.3656805487695642,736,924,961,982,913
house-bills_m2_hetb,0.75,case_II,884,20,0.11499697503324902,1264.8,4.0,9.711120994159677e-05,0.0003424779594943404,3.540012099867004,409,925,971,997,555
house-bills_m2_hetb,0.75,case_II,885,200,0.12629451593687702,2416.625,14.0,0.0038667905599125045,0.0012043212736327958,12.231876776883722,188,297,107,205,128
house-bills_m2_hetb,0.75,case_II,886,20,0.9755274904159574,0.0,14.0,0.002173837348911642,0.0010640404397590285,0.34261513417659595,1109,298,215,262,1251
house-bills_m2_hetb,0.75,case_II,887,20,0.8213015645453736,0.0,1.0,0.0,0.00017414920094424948,0.17869843545462638,1110,1307,1361,1315,1319
house-bills_m2_hetb,0.75,case_II,888,20,0.8275573150954998,0.0,6.0,0.0007900376356081675,0.000532312374284272,1.0346561094270013,1111,731,472,694,990
house-bills_m2_hetb,0.75,case_II,889,20,0.9341044081009071,0.0,3.0,7.903500752950847e-05,0.00030039736109321044,0.19768677569727866,1112,1034,1008,1074,1309
house-bills_m2_hetb,0.75,case_II,890,20,0.9606477600179142,-596.85,8.0,0.0003600243823459291,0.0005830478449318322,0.3148179198566865,1471,574,660,621,1262
house-bills_m2_hetb,0.75,case_II,891,0,0.39348753209993237,0.0,0.0,0.0,0.00010743061772605194,0.0,1113,1433,1362,1433,1433
house-bills_m2_hetb,0.75,case_II,892,20,0.7540671762368577,41.15,12.0,0.0014714421873376173,0.0009237259570823718,2.9511938851577075,810,385,296,329,617
house-bills_m2_hetb,0.75,case_II,893,20,0.6416200925555191,1145.95,12.0,0.0014592249706549343,0.0009071340189781713,4.300558889333771,456,386,298,340,471
house-bills_m2_hetb,0.75,case_II,894,20,0.5598502694613712,-606.1,4.0,5.0190759770163666e-05,0.00033808945187949256,1.7605989221545153,1472,926,1072,1004,820
house-bills_m2_hetb,0.75,case_II,895,20,0.6793483833215337,324.9,10.0,0.0007276994071217567,0.0007943807225617561,3.206516166784663,703,466,490,430,585
house-bills_m2_hetb,0.75,case_II,896,20,0.3194334511245228,-732.25,7.0,0.000490427414336384,0.000542705094941831,4.76396584212834,1476,651,588,677,434
house-bills_m2_hetb,0.75,case_II,897,20,0.8621787179353753,0.0,7.0,0.0002815955730821141,0.000526615892935653,0.9647489744523732,1114,652,734,701,1016
house-bills_m2_hetb,0.75,case_II,898,20,0.4070223282075782,3162.8,16.0,0.003561923026861334,0.0012978807131939943,9.487642748678748,107,245,121,170,209
house-bills_m2_hetb,0.75,case_II,899,20,0.14817868771045173,2358.95,11.0,0.0004171046727929408,0.0007594940363203828,9.370034435185032,201,416,631,454,215
house-bills_m2_hetb,0.75,case_II,900,20,0.010980851013860038,0.0,1.0,0.0,0.00016209743221159292,0.98901914898614,1115,1308,1363,1374,1003
house-bills_m2_hetb,0.75,case_II,901,20,0.6391893320658769,1145.95,6.0,0.0004000960275915269,0.0005122221132245342,2.1648640076047387,457,732,637,737,744
house-bills_m2_hetb,0.75,case_II,902,20,0.23163168896492548,1501.6,12.0,0.0007478682326932073,0.0008192176851226252,9.220419732420893,337,387,484,406,223
house-bills_m2_hetb,0.75,case_II,903,20,0.9560655599081945,-2799.75,6.0,0.00043058465216229923,0.0005540351406220646,0.2636066405508328,1489,733,620,663,1278
house-bills_m2_hetb,0.75,case_II,904,20,0.19500445741210803,1267.45,2.0,1.2974047334033235e-05,0.00023096904632158478,1.609991085175784,407,1171,1205,1224,856
house-bills_m2_hetb,0.75,case_II,905,20,0.3161794080516598,1145.95,1.0,0.0,0.00017039465716712284,0.6838205919483402,458,1309,1364,1330,1118
house-bills_m2_hetb,0.75,case_II,906,20,0.9841316837334273,0.0,1.0,0.0,0.00017641654617737136,0.015868316266572702,1116,1310,1365,1301,1372
house-bills_m2_hetb,0.75,case_II,907,0,0.5198546202904285,0.0,0.0,0.0,0.00010743061772605194,0.0,1117,1434,1366,1434,1434
house-bills_m2_hetb,0.75,case_II,908,0,0.9220245989560005,0.0,0.0,0.0,0.00010743061772605194,0.0,1118,1435,1367,1435,1435
house-bills_m2_hetb,0.75,case_II,909,20,0.781437673828669,-19.8,17.0,0.0014884391634742368,0.0011937154167531356,3.715559544912627,1385,217,292,208,531
house-bills_m2_hetb,0.75,case_II,910,200,0.11896569346946495,2291.52,13.0,0.002119820855246014,0.0009899799607196384,11.453445984896955,206,340,217,294,147
house-bills_m2_hetb,0.75,case_II,911,200,0.2159834369804282,5769.555,29.0,0.005336083832881582,0.0019496899419539637,22.73648032756758,26,66,65,59,30
house-bills_m2_hetb,0.75,case_II,912,20,0.3871775574072005,130.8,3.0,4.9997874896488646e-05,0.0002913567359083903,1.8384673277783985,763,1035,1074,1096,805
house-bills_m2_hetb,0.75,case_II,913,20,0.8809562507227594,-152.55,7.0,0.0004587798091597422,0.0005665463931728268,0.8333062449406842,1417,653,610,643,1060
house-bills_m2_hetb,0.75,case_II,914,20,0.3339882823452316,337.7,5.0,7.450443239132202e-05,0.000388742045465569,3.3300585882738423,698,854,1020,919,575
house-bills_m2_hetb,0.75,case_II,915,200,0.46308203855432406,3495.965,29.0,0.006807736706905086,0.0020967129955861653,15.570620881924603,74,67,44,50,82
house-bills_m2_hetb,0.75,case_II,916,20,0.48076548201932423,3151.45,9.0,0.001369881871121212,0.0007207840143108831,4.673110661826082,108,519,310,480,441
house-bills_m2_hetb,0.75,case_II,917,20,0.3247552471025198,1675.95,2.0,2.198121194685891e-05,0.00023447830493078303,1.3504895057949604,305,1172,1170,1212,916
house-bills_m2_hetb,0.75,case_II,918,20,0.7864852844832143,1105.85,7.0,0.00047782295224956174,0.000550066775051881,1.4946030086174997,476,654,598,668,880
house-bills_m2_hetb,0.75,case_II,919,20,0.05482672756618123,1243.7,6.0,0.0001564502008435445,0.0005172064391207189,5.671039634602913,423,734,869,725,371
house-bills_m2_hetb,0.75,case_II,920,20,0.22591016124709584,2095.1,11.0,0.0018727503581044023,0.0008463389577410922,8.514988226281945,243,417,242,392,243
house-bills_m2_hetb,0.75,case_II,921,20,0.8250852070925885,2834.4,14.0,0.00234773137077323,0.0010924909468760587,2.4488071007037613,136,299,202,248,696
house-bills_m2_hetb,0.75,case_II,922,20,0.6163417034041984,0.0,1.0,0.0,0.00016928321940154695,0.38365829659580164,1119,1311,1368,1333,1234
house-bills_m2_hetb,0.75,case_II,923,20,0.51182482978383,2461.8,17.0,0.0032836492876321738,0.0013816734981902225,8.29897789367489,179,218,136,153,250
house-bills_m2_hetb,0.75,case_II,924,20,0.36950796376287187,0.0,1.0,0.0,0.00016679055739886873,0.6304920362371281,1120,1312,1369,1349,1139
house-bills_m2_hetb,0.75,case_II,925,200,0.13013957679285992,2111.155,13.0,0.0008102142691233991,0.0008619672166641307,11.30818550169282,238,341,467,374,152
house-bills_m2_hetb,0.75,case_II,926,20,0.45678430920336455,0.0,2.0,8.060954573950463e-05,0.00029123706591530193,1.086431381593271,1121,1173,1003,1097,978
house-bills_m2_hetb,0.75,case_II,927,20,0.9870944758123702,0.0,10.0,0.00040471120548118386,0.0007252714214938715,0.12905524187629802,1122,467,636,476,1343
house-bills_m2_hetb,0.75,case_II,928,20,0.5950884747622851,41.15,6.0,0.00048782163560631296,0.0005021897812998506,2.4294691514262894,811,735,590,752,700
house-bills_m2_hetb,0.75,case_II,929,20,0.5765793507415918,838.85,5.0,0.00013791899964555134,0.00043681221145418507,2.1171032462920407,577,855,899,837,756
house-bills_m2_hetb,0.75,case_II,930,0,0.9901185849563509,0.0,0.0,0.0,0.00010743061772605194,0.0,1123,1436,1370,1436,1436
house-bills_m2_hetb,0.75,case_II,931,20,0.8854033802553948,0.0,8.0,0.0006087934555511853,0.0006242337800680256,0.9167729579568418,1124,575,540,582,1027
house-bills_m2_hetb,0.75,case_II,932,20,0.9991993182784583,0.0,11.0,0.001094489409954879,0.0007967741600165239,0.008807498936958535,1125,418,378,428,1375
house-bills_m2_hetb,0.75,case_II,933,20,0.9536333395616265,-212.25,3.0,6.554932873081337e-05,0.00029987555197563773,0.13909998131512036,1435,1036,1039,1078,1338
house-bills_m2_hetb,0.75,case_II,934,200,0.6674968517385982,1681.795,22.0,0.0024961643875103497,0.0014743448040225782,7.31506926175084,301,127,187,130,286
house-bills_m2_hetb,0.75,case_II,935,20,0.30531219366045614,1537.4,5.0,0.00015699416434559018,0.00042063231055086963,3.473439031697719,332,856,868,862,562
house-bills_m2_hetb,0.75,case_II,936,20,0.6281431780271564,2720.2,15.0,0.002111252520340419,0.001105523417521638,5.5778523295926545,145,269,220,244,378
house-bills_m2_hetb,0.75,case_II,937,200,0.3482098358137734,4523.26,27.0,0.005043294616236983,0.0018906509374020258,17.598334433028118,42,79,73,64,62
house-bills_m2_hetb,0.75,case_II,938,20,0.810769530791913,0.0,1.0,0.0,0.0001627626125405258,0.18923046920808695,1126,1313,1371,1371,1314
house-bills_m2_hetb,0.75,case_II,939,200,0.13730046107575478,1456.405,13.0,0.001514098273213772,0.000979181415999823,11.215094006015187,352,342,287,298,154
house-bills_m2_hetb,0.75,case_II,940,20,0.46254633347853047,993.95,7.0,0.0004747438632596245,0.0005575113316877731,3.762175665650287,543,655,599,657,523
house-bills_m2_hetb,0.75,case_II,941,20,0.8407760221468864,401.5,7.0,0.00032940611676316015,0.0005577066404095981,1.1145678449717953,672,656,682,655,967
house-bills_m2_hetb,0.75,case_II,942,0,0.4545120864552048,0.0,0.0,0.0,0.00010743061772605194,0.0,1127,1437,1372,1437,1437
house-bills_m2_hetb,0.75,case_II,943,20,0.6010178494198809,-51.1,7.0,0.0005445994830486779,0.0005952498104624922,2.7928750540608336,1395,657,569,605,641
house-bills_m2_hetb,0.75,case_II,944,20,0.09828293798468302,855.65,6.0,0.00023966667445264784,0.0004738181994226225,5.410302372091902,575,736,776,791,392
house-bills_m2_hetb,0.75,case_II,945,20,0.28510498345644497,1043.8,1.0,0.0,0.00016516299244779216,0.714895016543555,516,1314,1373,1355,1105
house-bills_m2_hetb,0.75,case_II,946,20,0.954485228687717,0.0,11.0,0.0011617803871176683,0.0008125562513874941,0.5006624844351129,1128,419,354,414,1190
house-bills_m2_hetb,0.75,case_II,947,20,0.6569395453324917,515.2,5.0,0.00038002192973239554,0.00043318335605172225,1.7153022733375418,642,857,648,843,833
house-bills_m2_hetb,0.75,case_II,948,20,0.36493916872495114,1381.5,20.0,0.0034246902822940824,0.0014769587167333962,12.701216625500978,377,162,130,128,120
house-bills_m2_hetb,0.75,case_II,949,20,0.5168811759658247,1286.0,20.0,0.003039999660144361,0.0014911950429397668,9.662376480683506,397,163,151,124,199
house-bills_m2_hetb,0.75,case_II,950,20,0.7748685781334842,625.5,3.0,0.00012643223297970012,0.00036204704026232776,0.6753942655995474,612,1037,924,963,1123
house-bills_m2_hetb,0.75,case_II,951,200,0.7874703499468639,-25.69,22.0,0.004030444735618726,0.0016348127248247814,4.675652301168993,1388,128,102,97,440
house-bills_m2_hetb,0.75,case_II,952,20,0.8279679389790622,0.0,2.0,1.7144840128778506e-06,0.00022451851003815298,0.34406412204187564,1129,1174,1247,1238,1249
house-bills_m2_hetb,0.75,case_II,953,20,0.28964267879754757,987.45,3.0,5.139171159282667e-05,0.0002878273141194329,2.1310719636073574,546,1038,1068,1105,753
house-bills_m2_hetb,0.75,case_II,954,20,0.2383059387980907,431.7,2.0,1.4981604088120143e-05,0.0002306870790971007,1.5233881224038186,664,1175,1197,1225,873
house-bills_m2_hetb,0.75,case_II,955,20,0.6385084824992602,-212.25,1.0,0.0,0.00016654653403437185,0.3614915175007398,1436,1315,1374,1350,1240
house-bills_m2_hetb,0.75,case_II,956,20,0.5272006473755549,0.0,3.0,6.221170913107627e-05,0.00029879787978067545,1.4183980578733353,1130,1039,1049,1079,899
house-bills_m2_hetb,0.75,case_II,957,20,0.5648867514980614,-400.7,8.0,0.0008196707730956476,0.0006852925980885416,3.4809059880155084,1455,576,464,506,561
house-bills_m2_hetb,0.75,case_II,958,20,0.21461491820405376,2189.75,4.0,0.0001400892919003839,0.00038919377563123407,3.141540327183785,223,927,894,915,595
house-bills_m2_hetb,0.75,case_II,959,20,0.31862412816540064,0.0,2.0,9.83888298996983e-06,0.00022658894757931697,1.3627517436691987,1131,1176,1212,1231,914
house-bills_m2_hetb,0.75,case_II,960,20,0.7520531805662839,0.0,11.0,0.0008480707050701598,0.0008254854092165491,2.727415013770877,1132,420,454,402,655
house-bills_m2_hetb,0.75,case_II,961,20,0.3583232572055379,-51.1,6.0,0.00025350404162475355,0.000471775269001948,3.8500604567667724,1396,737,756,795,517
house-bills_m2_hetb,0.75,case_II,962,20,0.7574855506164321,0.0,1.0,0.0,0.00016765225281087864,0.24251444938356792,1133,1316,1375,1343,1292
house-bills_m2_hetb,0.75,case_II,963,20,0.046644662826228145,3081.3,13.0,0.0009619038605297035,0.0009054164716143434,12.393619383259034,111,343,415,342,127
house-bills_m2_hetb,0.75,case_II,964,20,0.9508661797045698,8.85,10.0,0.00115871394417088,0.0007838222560307114,0.4913382029543023,822,468,356,437,1193
house-bills_m2_hetb,0.75,case_II,965,20,0.20807303868888805,1960.05,17.0,0.0026506357410348096,0.001274766991103808,13.462758342288904,262,219,174,178,112
house-bills_m2_hetb,0.75,case_II,966,200,0.4782076330508558,994.335,13.0,0.0018398888208397213,0.0009833526373897118,6.783300770338875,542,344,249,297,313
house-bills_m2_hetb,0.75,case_II,967,20,0.9208852532322118,0.0,6.0,0.001094210900832288,0.0005382963897639394,0.4746884806067291,1134,738,380,684,1202
house-bills_m2_hetb,0.75,case_II,968,20,0.2534796826385556,2228.8,9.0,0.0007020525095694238,0.0007323399711954621,6.718682856252999,213,520,504,472,315
house-bills_m2_hetb,0.75,case_II,969,20,0.22738427258263005,3071.55,13.0,0.0018933784445467276,0.0010434141245437955,10.04400445642581,112,345,241,268,188
house-bills_m2_hetb,0.75,case_II,970,20,0.9856407059323568,0.0,6.0,0.00034558744732150233,0.0005575418840149325,0.08615576440585948,1135,739,670,656,1356
house-bills_m2_hetb,0.75,case_II,971,20,0.9044301672206757,0.0,7.0,0.00028614142463450324,0.0005563571166697531,0.66898882945527,1136,658,730,660,1124
house-bills_m2_hetb,0.75,case_II,972,20,0.5322461972191177,0.0,7.0,0.0006341959692967788,0.000591075705368549,3.274276619466176,1137,659,531,609,579
house-bills_m2_hetb,0.75,case_II,973,20,0.06102194505896941,3229.45,10.0,0.0010152347618278409,0.0008044426389050259,9.389780549410306,97,469,399,424,212
house-bills_m2_hetb,0.75,case_II,974,20,0.6046687082088471,2043.15,15.0,0.0022545648029931894,0.0011604950831360567,5.929969376867294,251,270,211,223,343
house-bills_m2_hetb,0.75,case_II,975,20,0.25157818757670636,224.25,11.0,0.0009431899892085173,0.0007761784036824636,8.23263993665623,730,421,419,443,253
house-bills_m2_hetb,0.75,case_II,976,0,0.21401047590498223,0.0,0.0,0.0,0.00010743061772605194,0.0,1138,1438,1376,1438,1438
house-bills_m2_hetb,0.75,case_II,977,0,0.9321430366726655,0.0,0.0,0.0,0.00010743061772605194,0.0,1139,1439,1377,1439,1439
house-bills_m2_hetb,0.75,case_II,978,200,0.6194232422172982,2208.665,27.0,0.004810498161116588,0.0018521507159967668,10.275572460132949,218,80,76,66,181
house-bills_m2_hetb,0.75,case_II,979,20,0.4440395249769181,-163.8,2.0,1.0669609047485243e-05,0.00022560852804796326,1.1119209500461638,1424,1177,1209,1236,969
house-bills_m2_hetb,0.75,case_II,980,20,0.06265885858566367,1042.15,20.0,0.003588567248231448,0.0014574706420393017,18.746822828286728,530,164,119,136,55
house-bills_m2_hetb,0.75,case_II,981,20,0.37162139860301047,944.95,15.0,0.0030282063413182856,0.0011654951748734264,9.425679020954844,554,271,152,218,211
house-bills_m2_hetb,0.75,case_II,982,20,0.863983149761172,0.0,3.0,0.00012664789548481046,0.0003242449789759063,0.4080505507164841,1140,1040,923,1023,1227
house-bills_m2_hetb,0.75,case_II,983,20,0.30267628262469704,3010.75,8.0,0.0003550532378386906,0.0006392402409184492,5.578589739002424,113,577,664,566,377
house-bills_m2_hetb,0.75,case_II,984,0,0.3227942730688419,0.0,0.0,0.0,0.00010743061772605194,0.0,1141,1440,1378,1440,1440
house-bills_m2_hetb,0.75,case_II,985,20,0.6068560668114126,439.55,3.0,6.785094952437206e-05,0.0003057315820882239,1.1794317995657622,662,1041,1031,1055,955
house-bills_m2_hetb,0.75,case_II,986,20,0.2521406786205266,126.75,3.0,6.231440917933374e-05,0.00030578917457019955,2.2435779641384204,764,1042,1048,1054,734
house-bills_m2_hetb,0.75,case_II,987,20,0.5569347628095851,648.45,7.0,0.00023090515942719215,0.000532698451242002,3.1014566603329046,608,660,791,693,601
house-bills_m2_hetb,0.75,case_II,988,20,0.7686825338221793,0.0,7.0,0.0006989618308159544,0.0005833018984335181,1.6192222632447448,1142,661,506,620,852
house-bills_m2_hetb,0.75,case_II,989,20,0.28667377665442717,2491.55,3.0,5.2989378973681596e-05,0.0002972862669656949,2.1399786700367187,175,1043,1064,1083,750
house-bills_m2_hetb,0.75,case_II,990,20,0.4727508707947953,1282.75,10.0,0.0008334183322307831,0.0008084252661336298,5.272491292052047,400,470,458,418,402
house-bills_m2_hetb,0.75,case_II,991,20,0.5762673366342947,0.0,7.0,0.0009689474534567071,0.0006374956129326689,2.9661286435599368,1143,662,413,568,613
house-bills_m2_hetb,0.75,case_II,992,20,0.36333139144527404,0.0,2.0,3.798804285399433e-05,0.0002379002734280745,1.273337217109452,1144,1178,1108,1204,933
house-bills_m2_hetb,0.75,case_II,993,0,0.2236183745546042,0.0,0.0,0.0,0.00010743061772605194,0.0,1145,1441,1379,1441,1441
house-bills_m2_hetb,0.75,case_II,994,200,0.11440186701749833,5494.885,26.0,0.008002873305088852,0.001994355349008877,23.025551457545042,30,88,33,57,29
house-bills_m2_hetb,0.75,case_II,995,20,0.5654837920917276,-277.7,14.0,0.002582304339702128,0.0010898087735290779,6.083226910715814,1448,300,180,250,338
house-bills_m2_hetb,0.75,case_II,996,20,0.937429217870874,0.0,3.0,8.444773615033183e-05,0.00030853928793653977,0.1877123463873781,1146,1044,992,1049,1315
house-bills_m2_hetb,0.75,case_II,997,20,0.01876620250744898,3242.05,6.0,0.00029413729379490505,0.0004888548477709085,5.887402784955306,96,740,719,771,347
house-bills_m2_hetb,0.75,case_II,998,20,0.8656634618701456,0.0,3.0,6.677577162575595e-05,0.0003023630366025058,0.40300961438956306,1147,1045,1035,1070,1228
house-bills_m2_hetb,0.75,case_II,999,20,0.9624731102430444,0.0,3.0,7.229150427395283e-05,0.00029152148340509415,0.11258066927086685,1148,1046,1025,1095,1348
house-bills_m2_hetb,0.75,case_II,1000,0,0.5423265014841474,0.0,0.0,0.0,0.00010743061772605194,0.0,1149,1442,1380,1442,1442
house-bills_m2_hetb,0.75,case_II,1001,20,0.9678834584478819,0.0,6.0,0.00022421260253471166,0.000494403156894604,0.19269924931270843,1150,741,795,763,1311
house-bills_m2_hetb,0.75,case_II,1002,20,0.7047824365175038,1043.8,3.0,7.413387026697336e-05,0.0003302310515980318,0.8856526904474885,517,1047,1021,1017,1040
house-bills_m2_hetb,0.75,case_II,1003,20,0.5452252080293496,0.0,2.0,4.1889187547813425e-05,0.00024778168069768824,0.9095495839413008,1151,1179,1095,1171,1030
house-bills_m2_hetb,0.75,case_II,1004,20,0.4636750178949943,1043.8,9.0,0.0007764552249263269,0.0007096681012655013,4.826924838945051,518,521,476,487,430
house-bills_m2_hetb,0.75,case_II,1005,20,0.46639900693368985,135.35,6.0,0.0005324000534205823,0.0005257285994314476,3.201605958397861,760,742,573,702,587
house-bills_m2_hetb,0.75,case_II,1006,20,0.6819967270741285,569.1,7.0,0.0005844566196325498,0.0005932417297997126,2.2260229104811007,626,663,548,608,737
house-bills_m2_hetb,0.75,case_II,1007,20,0.2345053687759503,1043.8,3.0,4.91280927042908e-05,0.0003096864404602723,2.296483893672149,519,1048,1076,1047,724
house-bills_m2_hetb,0.75,case_II,1008,20,0.7154011245036019,0.0,1.0,0.0,0.00016756901291635262,0.28459887549639806,1152,1317,1381,1344,1266
house-bills_m2_hetb,0.75,case_II,1009,20,0.49098973702747406,-131.65,2.0,1.8001130835610286e-05,0.00023770093116484763,1.0180205259450519,1404,1180,1181,1205,995
house-bills_m2_hetb,0.75,case_II,1010,20,0.6746622185381884,8.85,4.0,0.0002861524973570522,0.00040701443479421954,1.3013511258472463,823,928,729,879,927
house-bills_m2_hetb,0.75,case_II,1011,20,0.9408617504122403,188.85,6.0,0.0001478291544679899,0.0004622245216383846,0.35482949752655824,742,743,880,809,1244
house-bills_m2_hetb,0.75,case_II,1012,20,0.23345368179203074,0.0,1.0,0.0,0.00019107457367810297,0.7665463182079693,1153,1318,1382,1274,1085
house-bills_m2_hetb,0.75,case_II,1013,20,0.4032255184610195,-212.25,4.0,0.00014094336746197243,0.00034933110297268185,2.387097926155922,1437,929,891,978,711
house-bills_m2_hetb,0.75,case_II,1014,200,0.27516012897522324,2583.495,24.0,0.005279590348506307,0.0017020805914702516,17.39615690459464,167,108,68,84,63
house-bills_m2_hetb,0.75,case_II,1015,20,0.05267641471713158,0.0,1.0,0.0,0.00017490408713282963,0.9473235852828684,1154,1319,1383,1310,1022
house-bills_m2_hetb,0.75,case_II,1016,200,0.6220897071828432,1818.09,31.0,0.007293211326029857,0.0023251203687621714,11.715219077331861,280,55,41,40,139
house-bills_m2_hetb,0.75,case_II,1017,200,0.628520015007522,571.25,10.0,0.0005457367968321425,0.0007687213295901665,3.7147998499247805,624,471,568,450,532
house-bills_m2_hetb,0.75,case_II,1018,20,0.9994108501412067,0.0,9.0,0.001114094796702522,0.0006939109439418499,0.005302348729139927,1155,522,369,499,1377
house-bills_m2_hetb,0.75,case_II,1019,20,0.6010269037381571,2104.25,6.0,0.0002427077269071643,0.00047501199700293963,2.3938385775710573,242,744,772,788,707
house-bills_m2_hetb,0.75,case_II,1020,20,0.3961064626087849,-451.3,4.0,0.00012359303791938396,0.00034648223107403855,2.4155741495648604,1458,930,929,981,702
house-bills_m2_hetb,0.75,case_II,1021,20,0.9011587193387256,1599.4,17.0,0.0014584161197841075,0.0011635759886884818,1.6803017712416648,323,220,300,220,846
house-bills_m2_hetb,0.75,case_II,1022,20,0.015384321194436668,1366.05,9.0,0.0007519220612434693,0.0007016138331291706,8.86154110925007,382,523,482,491,230
house-bills_m2_hetb,0.75,case_II,1023,200,0.3027069692435673,746.67,10.0,0.0011569086424015002,0.0008512372809620719,6.972930307564327,584,472,357,387,299
house-bills_m2_hetb,0.75,case_II,1024,20,0.7519290472142671,0.0,4.0,8.353587671597015e-05,0.0003850801096945361,0.9922838111429315,1156,931,996,931,1002
house-bills_m2_hetb,0.75,case_II,1025,20,0.16148701352167416,0.0,2.0,2.3632022597888882e-05,0.0002392976473803037,1.6770259729566517,1157,1181,1162,1200,847
house-bills_m2_hetb,0.75,case_II,1026,20,0.3612359751794584,2933.75,5.0,0.00016448442378946137,0.00042054351477504844,3.193820124102708,122,858,862,863,590
house-bills_m2_hetb,0.75,case_II,1027,20,0.8490636365580233,1163.9,5.0,0.00016131950382684102,0.0004424539260583824,0.7546818172098835,442,859,866,829,1088
house-bills_m2_hetb,0.75,case_II,1028,20,0.34467464934512926,60.75,6.0,0.0003260200364214319,0.0005372838792058933,3.9319521039292242,793,745,687,685,506
house-bills_m2_hetb,0.75,case_II,1029,20,0.24296070893438404,0.0,2.0,2.59108913870172e-06,0.00023198898995100816,1.514078582131232,1158,1182,1246,1222,876
house-bills_m2_hetb,0.75,case_II,1030,20,0.8905882682808496,0.0,6.0,0.0006853393744575881,0.0005682185518718813,0.6564703903149025,1159,746,513,640,1129
house-bills_m2_hetb,0.75,case_II,1031,20,0.07741720527461937,275.05,1.0,0.0,0.00016219014974283826,0.9225827947253806,714,1320,1384,1373,1026
house-bills_m2_hetb,0.75,case_II,1032,20,0.856691807280719,743.8,6.0,0.00016970189292311974,0.0005153142940409004,0.8598491563156858,585,747,853,730,1048
house-bills_m2_hetb,0.75,case_II,1033,20,0.3153846173974736,1145.95,6.0,0.0002639433988612731,0.00049856852961202,4.107692295615158,459,748,749,757,485
house-bills_m2_hetb,0.75,case_II,1034,200,0.2077847171545707,987.205,12.0,0.0019740389935405437,0.0009278790073280847,9.506583394145151,547,388,232,326,207
house-bills_m2_hetb,0.75,case_II,1035,0,0.4878787630597822,0.0,0.0,0.0,0.00010743061772605194,0.0,1160,1443,1385,1443,1443
house-bills_m2_hetb,0.75,case_II,1036,20,0.4834181147525649,1370.95,4.0,6.356550892954364e-05,0.00036310938566863106,2.0663275409897404,380,932,1045,962,763
house-bills_m2_hetb,0.75,case_II,1037,20,0.9646969872568616,0.0,5.0,0.0011760944630205942,0.0004853053536745328,0.17651506371569203,1161,860,351,775,1322
house-bills_m2_hetb,0.75,case_II,1038,20,0.7525046995401022,-163.1,7.0,0.0010408595901705185,0.0006009782405138062,1.7324671032192844,1421,664,394,599,826
house-bills_m2_hetb,0.75,case_II,1039,20,0.4601224335495554,1787.8,3.0,7.284981072815783e-05,0.00030307432573938953,1.619632699351334,286,1049,1023,1064,851
house-bills_m2_hetb,0.75,case_II,1040,20,0.559448179377736,2024.75,10.0,0.0013938103464528652,0.0008084252524040464,4.40551820622264,255,473,307,419,463
house-bills_m2_hetb,0.75,case_II,1041,20,0.31836826713065125,2918.3,17.0,0.003047860026769255,0.001323947578016045,11.587739458778929,125,221,150,169,142
house-bills_m2_hetb,0.75,case_II,1042,20,0.9827215923343974,0.0,11.0,0.0010111291050979168,0.0009098302907306719,0.19006248432162887,1162,422,401,338,1313
house-bills_m2_hetb,0.75,case_II,1043,0,0.3859388031179065,0.0,0.0,0.0,0.00010743061772605194,0.0,1163,1444,1386,1444,1444
house-bills_m2_hetb,0.75,case_II,1044,20,0.8856894269797009,0.0,3.0,8.575122913343908e-05,0.0003810201527431256,0.34293171906089737,1164,1050,988,941,1250
house-bills_m2_hetb,0.75,case_II,1045,20,0.6560771856866561,3566.35,19.0,0.0031839405211668845,0.0014711815847620294,6.534533471953535,69,177,144,134,320
house-bills_m2_hetb,0.75,case_II,1046,20,0.9161440724365804,0.0,4.0,0.00029890610470366527,0.00041203833457359646,0.33542371025367856,1165,933,712,871,1254
house-bills_m2_hetb,0.75,case_II,1047,20,0.35456766068046186,-268.0,1.0,0.0,0.0001804577427710315,0.6454323393195381,1447,1321,1387,1290,1132
house-bills_m2_hetb,0.75,case_II,1048,20,0.4166964266045845,993.4,9.0,0.0011300967629384478,0.0007252883084024745,5.2497321605587395,544,524,366,475,404
house-bills_m2_hetb,0.75,case_II,1049,0,0.36932696309575497,0.0,0.0,0.0,0.00010743061772605194,0.0,1166,1445,1388,1445,1445
house-bills_m2_hetb,0.75,case_II,1050,20,0.8270428182013859,0.0,3.0,4.579745928034669e-05,0.0002967441959663408,0.5188715453958422,1167,1051,1087,1085,1182
house-bills_m2_hetb,0.75,case_II,1051,20,0.9531227652913029,0.0,9.0,0.0012046235814599643,0.0007768524877362561,0.4218951123782738,1168,525,346,442,1222
house-bills_m2_hetb,0.75,case_II,1052,20,0.8245693322036489,0.0,4.0,0.00010671190708710751,0.0003716334714124284,0.7017226711854043,1169,934,952,950,1109
house-bills_m2_hetb,0.75,case_II,1053,20,0.4514212725251594,-1663.45,4.0,5.319417880894799e-05,0.0003547845627097628,2.1943149098993624,1482,935,1062,971,738
house-bills_m2_hetb,0.75,case_II,1054,20,0.8290967274280593,0.0,9.0,0.0007580809323478116,0.0007563474888195439,1.5381294531474663,1170,526,479,457,872
house-bills_m2_hetb,0.75,case_II,1055,20,0.7301863689728796,0.0,3.0,6.690881127759675e-05,0.0003026029853990955,0.8094408930813612,1171,1052,1034,1068,1066
house-bills_m2_hetb,0.75,case_II,1056,20,0.5191332376501886,0.0,1.0,0.0,0.00017324460149699823,0.4808667623498114,1172,1322,1389,1321,1198
house-bills_m2_hetb,0.75,case_II,1057,20,0.1834950095969402,42.85,1.0,0.0,0.00016720445043104018,0.8165049904030598,803,1323,1390,1346,1065
house-bills_m2_hetb,0.75,case_II,1058,20,0.23787093344647192,0.0,1.0,0.0,0.00017077365411734545,0.7621290665535281,1173,1324,1391,1329,1086
house-bills_m2_hetb,0.75,case_II,1059,20,0.7037642552418423,2133.85,8.0,0.00039335838749560327,0.0006053111651914784,2.369885958065262,234,578,642,595,715
house-bills_m2_hetb,0.75,case_II,1060,20,0.19873940697533266,2410.6,12.0,0.001789333656103142,0.0009220234486921908,9.615127116296009,191,389,253,330,202
house-bills_m2_hetb,0.75,case_II,1061,20,0.5603459846190683,0.0,4.0,0.00016250696605552982,0.0003843665331387375,1.758616061523727,1174,936,864,935,821
house-bills_m2_hetb,0.75,case_II,1062,20,0.8041887075195945,0.0,6.0,0.00016948988711392539,0.0004901960147223886,1.1748677548824331,1175,749,854,766,956
house-bills_m2_hetb,0.75,case_II,1063,20,0.6538980773741612,0.0,5.0,0.00012874301484595127,0.0004773183766885021,1.7305096131291942,1176,861,919,785,827
house-bills_m2_hetb,0.75,case_II,1064,20,0.6097557171857994,0.0,2.0,4.758198236664181e-05,0.00024558573739119703,0.7804885656284013,1177,1183,1083,1178,1078
house-bills_m2_hetb,0.75,case_II,1065,20,0.25773336337177877,0.0,2.0,3.6513304438460804e-05,0.00022650223255069076,1.4845332732564425,1178,1184,1115,1232,882
house-bills_m2_hetb,0.75,case_II,1066,200,0.11993596861316602,1721.075,8.0,0.0005526273195494605,0.0006760683567731646,7.040512251094672,294,579,563,524,296
house-bills_m2_hetb,0.75,case_II,1067,20,0.03390984974676814,2510.2,4.0,0.00023347184985715453,0.00038648455517082693,3.8643606010129274,173,937,787,928,513
house-bills_m2_hetb,0.75,case_II,1068,20,0.04634009356838287,2152.7,6.0,0.0001933000035272757,0.0004900319234827143,5.721959438589703,227,750,824,767,364
house-bills_m2_hetb,0.75,case_II,1069,20,0.23176246053087213,0.0,3.0,0.00010643937582851718,0.00034301309338256836,2.3047126184073834,1179,1053,953,995,723
house-bills_m2_hetb,0.75,case_II,1070,20,0.5576826791052716,1675.95,6.0,0.0012302413985455247,0.0006001203606431336,2.6539039253683705,306,751,339,600,666
house-bills_m2_hetb,0.75,case_II,1071,200,0.42368026115931967,2121.065,15.0,0.003484321160273693,0.0011790328369222346,8.644796082610204,236,272,126,213,240
house-bills_m2_hetb,0.75,case_II,1072,20,0.20409893083653274,2601.6,5.0,0.0001023488956514675,0.00043876201577291334,3.979505345817336,164,862,962,835,497
house-bills_m2_hetb,0.75,case_II,1073,20,0.3026871386777993,41.15,1.0,0.0,0.0001749779670640741,0.6973128613222007,812,1325,1392,1309,1111
house-bills_m2_hetb,0.75,case_II,1074,20,0.4612512907545262,2824.55,11.0,0.001336814716599003,0.0009131302374754866,5.926235801700212,137,423,317,335,344
house-bills_m2_hetb,0.75,case_II,1075,20,0.798942229904156,0.0,3.0,0.00019312721875086117,0.0003559848509654557,0.6031733102875321,1180,1054,825,970,1151
house-bills_m2_hetb,0.75,case_II,1076,20,0.6559291488966292,1261.6,7.0,0.0006402105071361819,0.000644292360198394,2.4084959577235954,415,665,528,559,703
house-bills_m2_hetb,0.75,case_II,1077,20,0.04090553084403159,3082.2,13.0,0.0014834830447137503,0.001022554114785531,12.46822809902759,110,346,293,277,125
house-bills_m2_hetb,0.75,case_II,1078,20,0.4815189960665327,2415.65,14.0,0.0029472060733809744,0.0011073462408104165,7.258734055068542,189,301,161,242,290
house-bills_m2_hetb,0.75,case_II,1079,200,0.18599714086190788,3763.86,21.0,0.003523148483094302,0.0015305967386566594,17.094060041899933,58,142,123,116,68
house-bills_m2_hetb,0.75,case_II,1080,20,0.8548328677142727,0.0,5.0,0.0003373572793001642,0.0004806759343325053,0.7258356614286365,1181,863,676,782,1104
house-bills_m2_hetb,0.75,case_II,1081,20,0.8849042337673497,2901.35,19.0,0.003240312523749936,0.0013377282436977836,2.186819558420355,126,178,139,162,739
house-bills_m2_hetb,0.75,case_II,1082,20,0.5546647111131409,2657.25,21.0,0.004310521494048426,0.0015369691211342734,9.352041066624041,154,143,89,113,216
house-bills_m2_hetb,0.75,case_II,1083,20,0.7364080424825971,139.8,14.0,0.0020050924726886378,0.0010511833775242766,3.690287405243641,759,302,228,265,540
house-bills_m2_hetb,0.75,case_II,1084,20,0.686781002516244,500.45,4.0,6.395285426842366e-05,0.0003508199958301613,1.2528759899350241,649,938,1042,976,937
house-bills_m2_hetb,0.75,case_II,1085,20,0.8168348678564569,679.6,11.0,0.0011604037888652565,0.0008583610027429611,2.0148164535789745,596,424,355,378,768
house-bills_m2_hetb,0.75,case_II,1086,20,0.2788157443291197,0.0,2.0,1.578207210325101e-05,0.00024982873479099845,1.4423685113417606,1182,1185,1194,1161,892
house-bills_m2_hetb,0.75,case_II,1087,20,0.2292883141352593,1250.7,12.0,0.0022118511756793486,0.0009195240818858998,9.24854023037689,422,390,213,331,220
house-bills_m2_hetb,0.75,case_II,1088,20,0.7463090556139563,8.85,1.0,0.0,0.00016127239178239083,0.25369094438604367,824,1326,1393,1378,1284
house-bills_m2_hetb,0.75,case_II,1089,20,0.9590819260938425,0.0,3.0,9.32378090457798e-06,0.0002903926833349715,0.12275422171847261,1183,1055,1216,1099,1344
house-bills_m2_hetb,0.75,case_II,1090,20,0.2298178228373562,3423.95,4.0,0.0006908126079288629,0.00041044670786852743,3.0807287086505752,82,939,509,874,602
house-bills_m2_hetb,0.75,case_II,1091,20,0.5677739835398896,-2120.15,7.0,0.0005216876907271952,0.0006014498677919031,3.0255821152207725,1486,666,577,598,607
house-bills_m2_hetb,0.75,case_II,1092,20,0.5442195125318621,157.9,4.0,0.00018124277293920848,0.00038413471395464525,1.8231219498725517,748,940,837,936,807
house-bills_m2_hetb,0.75,case_II,1093,20,0.37355822339510825,-49.85,3.0,0.00022075183277976958,0.00032416386007383174,1.8793253298146753,1393,1056,798,1024,799
house-bills_m2_hetb,0.75,case_II,1094,20,0.7502377867354061,0.0,4.0,0.00013668114613396,0.00040452986659035984,0.9990488530583757,1184,941,903,885,1000
house-bills_m2_hetb,0.75,case_II,1095,20,0.13176634767583828,1854.2,11.0,0.0013069288577762781,0.0008891977144150418,9.55057017556578,274,425,326,354,206
house-bills_m2_hetb,0.75,case_II,1096,20,0.3717770738280922,1273.65,5.0,0.00017381421712796058,0.00043861400517379275,3.141114630859539,405,864,846,836,596
house-bills_m2_hetb,0.75,case_II,1097,0,0.43106722859240665,0.0,0.0,0.0,0.00010743061772605194,0.0,1185,1446,1394,1446,1446
house-bills_m2_hetb,0.75,case_II,1098,20,0.9529997793113488,0.0,6.0,0.0005260365606805261,0.0005171828111048761,0.28200132413190704,1186,752,575,726,1268
house-bills_m2_hetb,0.75,case_II,1099,20,0.6843037903798886,1393.25,2.0,2.8648549463002472e-05,0.00024264161770210294,0.6313924192402227,368,1186,1141,1188,1138
house-bills_m2_hetb,0.75,case_II,1100,20,0.7109588786233508,50.0,16.0,0.0026115989006639186,0.0012475005229380704,4.624657942026387,799,246,178,188,444
house-bills_m2_hetb,0.75,case_II,1101,20,0.9997911436030891,0.0,12.0,0.0012680440376954447,0.0009861210125808098,0.0025062767629311367,1187,391,333,295,1378
house-bills_m2_hetb,0.75,case_II,1102,200,0.22677870502962583,2212.905,11.0,0.002006050264833031,0.0008801387221318648,8.505434244674117,217,426,227,361,244
house-bills_m2_hetb,0.75,case_II,1103,20,0.6035266324041912,8.85,14.0,0.0018636296350345383,0.0011405021590640669,5.550627146341323,825,303,244,233,380
house-bills_m2_hetb,0.75,case_II,1104,20,0.10766169576238527,3380.75,6.0,0.00023618469498843948,0.0005102560571226012,5.354029825425688,88,753,784,740,395
house-bills_m2_hetb,0.75,case_II,1105,20,0.1624966741586189,0.0,3.0,5.107813896062518e-05,0.0003370720126380912,2.512509977524143,1188,1057,1071,1006,687
house-bills_m2_hetb,0.75,case_II,1106,20,0.6961278409738247,41.15,10.0,0.001177584812694242,0.0008255913720339678,3.0387215902617526,813,474,350,401,606
house-bills_m2_hetb,0.75,case_II,1107,20,0.8259834276770187,0.0,2.0,8.060148685100455e-05,0.0003245555889047861,0.3480331446459626,1189,1187,1004,1022,1247
house-bills_m2_hetb,0.75,case_II,1108,20,0.6357975895967353,0.0,1.0,0.0,0.00021600872450359894,0.36420241040326473,1190,1327,1395,1253,1238
house-bills_m2_hetb,0.75,case_II,1109,20,0.5797828945619068,1659.7,6.0,0.00044578884911455576,0.0005515944436516249,2.5213026326285592,313,754,615,664,684
house-bills_m2_hetb,0.75,case_II,1110,20,0.790630726295852,1497.25,19.0,0.00318414842220893,0.0014941780171327686,3.978016200378813,338,179,142,123,498
house-bills_m2_hetb,0.75,case_II,1111,20,0.9562374211517235,0.0,6.0,0.00027586720075679916,0.0005321345612410403,0.262575473089659,1191,755,739,695,1280
house-bills_m2_hetb,0.75,case_II,1112,20,0.9255221732521834,0.0,8.0,0.0006884835792930342,0.0006807196878540227,0.5958226139825324,1192,580,510,515,1153
house-bills_m2_hetb,0.75,case_II,1113,20,0.8087770068293173,0.0,1.0,0.0,0.00017017561668442285,0.1912229931706827,1193,1328,1396,1331,1312
house-bills_m2_hetb,0.75,case_II,1114,20,0.43211790449718324,1002.25,9.0,0.000626441548628533,0.0006809350413817697,5.110938859525351,541,527,533,513,411
house-bills_m2_hetb,0.75,case_II,1115,20,0.7663340080029579,0.0,2.0,7.077450652589287e-06,0.0002486617920505397,0.46733198399408415,1194,1188,1228,1166,1203
house-bills_m2_hetb,0.75,case_II,1116,20,0.23383231231873414,-111.4,4.0,0.0001294944256017797,0.0003806048511885166,3.0646707507250635,1400,942,918,942,603
house-bills_m2_hetb,0.75,case_II,1117,20,0.904048678156823,0.0,8.0,0.0012398088008438767,0.0007780006724266343,0.767610574745416,1195,581,336,441,1083
house-bills_m2_hetb,0.75,case_II,1118,20,0.2797343041595618,1675.95,3.0,5.8398486827898685e-05,0.000315963890773771,2.1607970875213147,307,1058,1052,1037,746
house-bills_m2_hetb,0.75,case_II,1119,20,0.9803847111856009,0.0,3.0,4.6984548300495545e-05,0.0003679267192857261,0.05884586644319734,1196,1059,1085,957,1363
house-bills_m2_hetb,0.75,case_II,1120,20,0.3016832549624413,566.95,2.0,8.706322880154716e-06,0.00024879228607180325,1.3966334900751174,629,1189,1219,1165,904
house-bills_m2_hetb,0.75,case_II,1121,20,0.2640832767535498,2673.55,10.0,0.0011134613823984877,0.0008651747941857582,7.359167232464502,151,475,370,370,282
house-bills_m2_hetb,0.75,case_II,1122,0,0.33632744203837084,0.0,0.0,0.0,0.00010743061772605194,0.0,1197,1447,1397,1447,1447
house-bills_m2_hetb,0.75,case_II,1123,20,0.48514189513888084,717.2,7.0,0.0003114295647344729,0.0006149518416533536,3.604006734027834,589,667,698,590,547
house-bills_m2_hetb,0.75,case_II,1124,0,0.20020064347059952,0.0,0.0,0.0,0.00010743061772605194,0.0,1198,1448,1398,1448,1448
house-bills_m2_hetb,0.75,case_II,1125,200,0.2637231920312685,5076.61,27.0,0.006367141638511901,0.0019990091888825398,19.87947381515575,33,81,50,55,41
house-bills_m2_hetb,0.75,case_II,1126,20,0.8842365683840808,157.9,6.0,0.000439958380907562,0.0005435367236004563,0.6945805896955151,749,756,617,676,1114
house-bills_m2_hetb,0.75,case_II,1127,20,0.9313198157180763,0.0,6.0,0.00025301847492477787,0.00048153397549349883,0.4120811056915421,1199,757,758,779,1226
house-bills_m2_hetb,0.75,case_II,1128,20,0.15537988261243885,-3067.35,6.0,0.00032605504099998163,0.0005370844403845168,5.067720704325367,1491,758,686,686,414
house-bills_m2_hetb,0.75,case_II,1129,20,0.44135122642601954,1697.35,4.0,0.000199692133097962,0.00038998681474214163,2.234595094295922,298,943,815,912,736
house-bills_m2_hetb,0.75,case_II,1130,20,0.4198464085418141,157.9,3.0,8.560132180280388e-05,0.0003217276467023636,1.7404607743745577,750,1060,990,1027,824
house-bills_m2_hetb,0.75,case_II,1131,20,0.8282891159533825,0.0,11.0,0.0013299367178235277,0.000941271005296352,1.8888197245127925,1200,427,318,315,796
house-bills_m2_hetb,0.75,case_II,1132,20,0.6604139492479763,676.6,2.0,8.631578416948143e-06,0.00024063094196945478,0.6791721015040475,599,1190,1220,1194,1121
house-bills_m2_hetb,0.75,case_II,1133,20,0.40804167563976634,126.75,3.0,0.00014560815425051607,0.00033380321113799123,1.7758749730807009,765,1061,884,1012,816
house-bills_m2_hetb,0.75,case_II,1134,20,0.788695792970943,378.9,10.0,0.0006420847831171205,0.0007606876004296067,2.1130420702905695,676,476,526,453,757
house-bills_m2_hetb,0.75,case_II,1135,20,0.6051509888335281,0.0,3.0,8.67173632909201e-05,0.00031091222764532067,1.1845470334994155,1201,1062,986,1043,953
house-bills_m2_hetb,0.75,case_II,1136,20,0.20936109624633992,1040.65,3.0,0.00012675125507059882,0.00032861244995891354,2.3719167112609805,532,1063,922,1018,714
house-bills_m2_hetb,0.75,case_II,1137,20,0.7926281560532956,0.0,1.0,0.0,0.00016779153347354359,0.20737184394670438,1202,1329,1399,1341,1306
house-bills_m2_hetb,0.75,case_II,1138,20,0.46563751648228835,3473.55,2.0,3.711572735278854e-05,0.00023304546328545536,1.0687249670354233,77,1191,1111,1215,982
house-bills_m2_hetb,0.75,case_II,1139,0,0.8869505002259676,0.0,0.0,0.0,0.00010743061772605194,0.0,1203,1449,1400,1449,1449
house-bills_m2_hetb,0.75,case_II,1140,20,0.6652286902850271,1052.65,12.0,0.0016489011835379565,0.0009372701964868048,4.017255716579675,497,392,272,317,492
house-bills_m2_hetb,0.75,case_II,1141,20,0.15114610711820997,157.9,3.0,4.3679468575728606e-05,0.0003043122576547715,2.54656167864537,751,1064,1094,1058,678
house-bills_m2_hetb,0.75,case_II,1142,20,0.7566756965413822,244.05,7.0,0.0004304141995696701,0.0005822527075274566,1.7032701242103245,725,668,622,623,838
house-bills_m2_hetb,0.75,case_II,1143,20,0.5812057528556136,0.0,10.0,0.0013229397003531166,0.0008892797141629554,4.187942471443864,1204,477,322,353,480
house-bills_m2_hetb,0.75,case_II,1144,200,0.5415794581404321,1461.545,8.0,0.001099535068341864,0.0006904174822462047,3.6673643348765435,351,582,377,502,542
house-bills_m2_hetb,0.75,case_II,1145,20,0.41973755475915164,1674.75,7.0,0.0010612596503816794,0.0006233290069252845,4.061837116685939,310,669,388,583,488
house-bills_m2_hetb,0.75,case_II,1146,20,0.66289024476234,1169.45,11.0,0.0008893851884885145,0.000886166377277458,3.7082073076142597,439,428,439,355,534
house-bills_m2_hetb,0.75,case_II,1147,20,0.06328978822527409,0.0,3.0,9.761909143941233e-05,0.0003207184658185314,2.8101306353241777,1205,1065,970,1029,635
house-bills_m2_hetb,0.75,case_II,1148,0,0.5038335624770842,0.0,0.0,0.0,0.00010743061772605194,0.0,1206,1450,1401,1450,1450
house-bills_m2_hetb,0.75,case_II,1149,20,0.935506718815235,0.0,8.0,0.0006730419663106596,0.0006606613928310591,0.5159462494781204,1207,583,517,541,1183
house-bills_m2_hetb,0.75,case_II,1150,20,0.20486713721755923,1324.95,5.0,0.0003286094775866615,0.0004679410429670825,3.975664313912204,392,865,683,801,499
house-bills_m2_hetb,0.75,case_II,1151,20,0.13701339389061706,1470.5,6.0,0.00016051667753261438,0.0004883108725667572,5.177919636656298,348,759,867,772,408
house-bills_m2_hetb,0.75,case_II,1152,20,0.4105203445189851,1669.3,4.0,0.00016469654114871426,0.0003870342991816332,2.3579186219240595,311,944,861,927,718
house-bills_m2_hetb,0.75,case_II,1153,20,0.5195104419443821,-195.8,6.0,0.0004591278501602372,0.0005143885123542188,2.8829373483337073,1427,760,609,733,624
house-bills_m2_hetb,0.75,case_II,1154,200,0.3765258345746637,868.025,16.0,0.002813524436809776,0.0012311695909345338,9.97558664680538,573,247,167,193,193
house-bills_m2_hetb,0.75,case_II,1155,20,0.4839410295657812,1334.8,11.0,0.0009801151602597152,0.0009343594291562489,5.6766486747764064,389,429,408,319,369
house-bills_m2_hetb,0.75,case_II,1156,20,0.6746681273088498,0.0,2.0,7.55700934409498e-06,0.00024543098373412784,0.6506637453823003,1208,1192,1224,1179,1130
house-bills_m2_hetb,0.75,case_II,1157,20,0.7927785685533543,1825.55,11.0,0.0011661001869590598,0.0008712334407011685,2.279435745913103,279,430,353,364,725
house-bills_m2_hetb,0.75,case_II,1158,20,0.05159148688475812,0.0,1.0,0.0,0.00017954700367961538,0.9484085131152419,1209,1330,1402,1294,1020
house-bills_m2_hetb,0.75,case_II,1159,20,0.3817122140834397,337.7,3.0,0.00032770033147482073,0.0003691891147637262,1.854863357749681,699,1066,684,954,802
house-bills_m2_hetb,0.75,case_II,1160,20,0.6192309160099487,8.85,4.0,0.00013504584095757016,0.00040157540927477145,1.523076335960205,826,945,905,890,874
house-bills_m2_hetb,0.75,case_II,1161,20,0.020915660466826913,1041.65,3.0,0.00011766018848245746,0.00034025702523244575,2.9372530185995194,531,1067,940,1002,619
house-bills_m2_hetb,0.75,case_II,1162,20,0.9491960858054639,0.0,1.0,0.0,0.00018719511089313118,0.050803914194536115,1210,1331,1403,1282,1365
house-bills_m2_hetb,0.75,case_II,1163,20,0.6408209766622542,-131.65,4.0,0.0002868941059204855,0.0003648563002810345,1.436716093350983,1405,946,726,961,894
house-bills_m2_hetb,0.75,case_II,1164,200,0.4850036743611498,1137.25,8.0,0.0004449732894869059,0.0006293570863377189,4.119970605110802,468,584,616,576,484
house-bills_m2_hetb,0.75,case_II,1165,0,0.44831430189919064,0.0,0.0,0.0,0.00010743061772605194,0.0,1211,1451,1404,1451,1451
house-bills_m2_hetb,0.75,case_II,1166,20,0.1472576819398338,3169.75,7.0,0.0014591954008621566,0.0006791337859876887,5.969196226421164,106,670,299,516,342
house-bills_m2_hetb,0.75,case_II,1167,20,0.06625500308532317,3488.2,15.0,0.0029980664674059253,0.0012360595836029729,14.006174953720153,75,273,154,191,104
house-bills_m2_hetb,0.75,case_II,1168,20,0.6809667073821352,1675.95,5.0,0.00026517919262092327,0.0004979326285153693,1.595166463089324,308,866,747,758,859
house-bills_m2_hetb,0.75,case_II,1169,20,0.9239861394890241,0.0,10.0,0.0005218957435068507,0.0007509714052734139,0.7601386051097592,1212,478,576,462,1087
house-bills_m2_hetb,0.75,case_II,1170,20,0.79236850187799,0.0,6.0,0.0004197696212261896,0.0005439904742097184,1.24578898873206,1213,761,630,673,940
house-bills_m2_hetb,0.75,case_II,1171,20,0.02145433492155102,1043.8,2.0,1.5717298676212718e-05,0.00024854690344843,1.957091330156898,520,1193,1195,1167,779
house-bills_m2_hetb,0.75,case_II,1172,20,0.03896848194408775,3370.25,4.0,0.00030714235122071565,0.00042625446319537316,3.844126072223649,89,947,704,854,518
house-bills_m2_hetb,0.75,case_II,1173,20,0.5126584980908546,2401.6,8.0,0.0013616621296025503,0.0007326218367351482,3.898732015273163,195,585,311,471,511
house-bills_m2_hetb,0.75,case_II,1174,20,0.5732641256148879,0.0,1.0,0.0,0.00019237186616836367,0.42673587438511207,1214,1332,1405,1272,1221
house-bills_m2_hetb,0.75,case_II,1175,20,0.6063464038688403,1055.45,8.0,0.0004672109598507584,0.0006334931072271346,3.1492287690492775,496,586,606,573,593
house-bills_m2_hetb,0.75,case_II,1176,20,0.8760248254439775,118.0,13.0,0.0018651134876281992,0.0010311925608565394,1.6116772692282921,767,347,243,272,855
house-bills_m2_hetb,0.75,case_II,1177,20,0.897865788127695,0.0,6.0,0.0004907421363759788,0.0005883630877531138,0.6128052712338299,1215,762,587,612,1149
house-bills_m2_hetb,0.75,case_II,1178,20,0.9892944308928157,0.0,2.0,1.7583935569067724e-05,0.0002820275485305185,0.021411138214368686,1216,1194,1184,1115,1370
house-bills_m2_hetb,0.75,case_II,1179,20,0.3336362814836187,1145.95,5.0,0.0010475999303004744,0.0005636202265931203,3.3318185925819064,460,867,392,648,574
house-bills_m2_hetb,0.75,case_II,1180,0,0.4685438744054826,0.0,0.0,0.0,0.00010743061772605194,0.0,1217,1452,1406,1452,1452
house-bills_m2_hetb,0.75,case_II,1181,20,0.9936293129383679,0.0,5.0,0.0002327860789139306,0.0004889789221118281,0.03185343530816065,1218,868,789,770,1367
house-bills_m2_hetb,0.75,case_II,1182,20,0.7003627951620519,646.25,3.0,9.96603838418933e-05,0.0003194068089216517,0.8989116145138443,609,1068,967,1032,1034
house-bills_m2_hetb,0.75,case_II,1183,200,0.05743491502267484,2405.995,16.0,0.003518700172709444,0.0013922259197826092,15.081041359637203,192,248,124,149,94
house-bills_m2_hetb,0.75,case_II,1184,20,0.9095515927383747,1393.25,6.0,0.001431224059735748,0.0006095436265105281,0.5426904435697517,369,763,302,592,1172
house-bills_m2_hetb,0.75,case_II,1185,0,0.6166727366896131,0.0,0.0,0.0,0.00010743061772605194,0.0,1219,1453,1407,1453,1453
house-bills_m2_hetb,0.75,case_II,1186,20,0.19371225176752527,1145.95,1.0,0.0,0.00019037287441445243,0.8062877482324747,461,1333,1408,1275,1068
house-bills_m2_hetb,0.75,case_II,1187,20,0.34772905472451865,153.0,4.0,0.0001443746161675317,0.00039314516083788795,2.6090837811019254,756,948,887,906,671
house-bills_m2_hetb,0.75,case_II,1188,0,0.5776592921086124,0.0,0.0,0.0,0.00010743061772605194,0.0,1220,1454,1409,1454,1454
house-bills_m2_hetb,0.75,case_II,1189,20,0.6527664441151828,719.25,4.0,5.1280091829034425e-05,0.0003702240081416053,1.3889342235392688,587,949,1070,951,906
house-bills_m2_hetb,0.75,case_II,1190,20,0.410728475381375,0.0,4.0,0.00011098736716315077,0.00039313442235505323,2.3570860984745,1221,950,946,907,719
house-bills_m2_hetb,0.75,case_II,1191,20,0.7443590959461956,58.3,3.0,2.286034827857424e-05,0.0003137203929162197,0.7669227121614131,794,1069,1164,1039,1084
house-bills_m2_hetb,0.75,case_II,1192,20,0.5328265257248977,144.05,3.0,5.271402995103266e-06,0.0002980077943349125,1.4015204228253069,758,1070,1237,1081,901
house-bills_m2_hetb,0.75,case_II,1193,20,0.9747578061892133,0.0,3.0,9.290458323846858e-05,0.0003346792377178917,0.07572658143236022,1222,1071,977,1010,1359
house-bills_m2_hetb,0.75,case_II,1194,20,0.8534960630493873,0.0,3.0,2.1045290713720874e-05,0.00030557431851465446,0.4395118108518381,1223,1072,1173,1056,1215
house-bills_m2_hetb,0.75,case_II,1195,0,0.1500965432951359,0.0,0.0,0.0,0.00010743061772605194,0.0,1224,1455,1410,1455,1455
house-bills_m2_hetb,0.75,case_II,1196,200,0.10308769141213059,2688.16,13.0,0.0023693931861824727,0.0011498982789107596,11.659860011642301,149,348,200,228,140
house-bills_m2_hetb,0.75,case_II,1197,20,0.8535295930326651,0.0,6.0,0.00029750679180737656,0.0005489585064095949,0.8788224418040096,1225,764,713,670,1041
house-bills_m2_hetb,0.75,case_II,1198,20,0.6077306724577283,289.7,8.0,0.0009187382430533554,0.0007091513911946179,3.138154620338174,710,587,430,488,597
house-bills_m2_hetb,0.75,case_II,1199,20,0.9762235664604278,0.0,1.0,0.0,0.00021148622535421637,0.02377643353957215,1226,1334,1411,1254,1368
house-bills_m2_hetb,0.75,case_II,1200,20,0.43583477946261906,0.0,1.0,0.0,0.00017564004081816812,0.5641652205373809,1227,1335,1412,1305,1163
house-bills_m2_hetb,0.75,case_II,1201,20,0.17929837332666654,1043.8,8.0,0.0006386527605968999,0.0006764593931295752,6.565613013386668,521,588,530,522,319
house-bills_m2_hetb,0.75,case_II,1202,200,0.036988346375273595,1978.155,13.0,0.0019698448835094133,0.0010058328868186848,12.519151497121443,260,349,233,287,123
house-bills_m2_hetb,0.75,case_II,1203,20,0.7685847217103081,0.0,3.0,6.675620142058039e-05,0.00031746967327546817,0.6942458348690757,1228,1073,1036,1035,1115
house-bills_m2_hetb,0.75,case_II,1204,20,0.08351792936692681,41.15,1.0,0.0,0.0001791104868900051,0.9164820706330732,814,1336,1413,1297,1028
house-bills_m2_hetb,0.75,case_II,1205,20,0.6439031526829808,0.0,1.0,0.0,0.00016454609115709913,0.3560968473170192,1229,1337,1414,1361,1243
house-bills_m2_hetb,0.75,case_II,1206,20,0.5635435668373796,1704.9,5.0,0.00023787305798259655,0.00043960449044258543,2.1822821658131017,297,869,781,833,741
house-bills_m2_hetb,0.75,case_II,1207,20,0.739568320401929,1078.6,6.0,0.001077248845814679,0.0005716020352828022,1.562590077588426,485,765,385,637,870
house-bills_m2_hetb,0.75,case_II,1208,20,0.943891263002008,0.0,3.0,5.681205849896883e-06,0.000346116820208649,0.16832621099397604,1230,1074,1234,983,1326
house-bills_m2_hetb,0.75,case_II,1209,200,0.2365214903841666,1558.45,22.0,0.0034784669846390378,0.0016108462085041681,16.796527211548334,330,129,127,100,71
house-bills_m2_hetb,0.75,case_II,1210,20,0.48260409269594995,927.65,9.0,0.0007951152752304401,0.0007709563962773223,4.656563165736451,559,528,470,446,442
house-bills_m2_hetb,0.75,case_II,1211,20,0.7515620687294599,0.0,2.0,1.7362703908582197e-05,0.0002547678512470952,0.4968758625410803,1231,1195,1185,1155,1191
house-bills_m2_hetb,0.75,case_II,1212,20,0.2023581685917818,1523.1,3.0,1.7877768227934624e-05,0.00030792347646970493,2.3929254942246545,334,1075,1182,1051,708
house-bills_m2_hetb,0.75,case_II,1213,20,0.09201162349282421,3184.1,11.0,0.0012122340983859385,0.0008658367381220758,9.987872141578933,102,431,341,368,191
house-bills_m2_hetb,0.75,case_II,1214,0,0.13802298660687173,0.0,0.0,0.0,0.00010743061772605194,0.0,1232,1456,1415,1456,1456
house-bills_m2_hetb,0.75,case_II,1215,20,0.9316879857781158,1078.6,4.0,0.00019959523447093301,0.0004059882258140626,0.2732480568875366,486,951,816,881,1274
house-bills_m2_hetb,0.75,case_II,1216,20,0.7894252030152007,0.0,1.0,0.0,0.00020098336405140535,0.2105747969847993,1233,1338,1416,1260,1304
house-bills_m2_hetb,0.75,case_II,1217,20,0.20041085074884135,0.0,4.0,9.433146861772893e-05,0.0004298972833794689,3.1983565970046346,1234,952,974,850,588
house-bills_m2_hetb,0.75,case_II,1218,20,0.015889729835988797,3528.2,6.0,0.00030138163523381003,0.0005232866220543925,5.904661620984067,71,766,711,710,345
house-bills_m2_hetb,0.75,case_II,1219,20,0.6378190116729733,-152.55,3.0,6.359466119961874e-05,0.000304113724315902,1.08654296498108,1418,1076,1044,1060,977
house-bills_m2_hetb,0.75,case_II,1220,20,0.3219068800907684,0.0,1.0,0.0,0.00016694062585513993,0.6780931199092316,1235,1339,1417,1348,1122
house-bills_m2_hetb,0.75,case_II,1221,20,0.227954613732546,3295.85,8.0,0.0005006401844478173,0.0006298694171247228,6.176363090139632,93,589,583,575,336
house-bills_m2_hetb,0.75,case_II,1222,20,0.19955563729380799,1043.8,4.0,0.00047204628506459443,0.00045836002202752574,3.201777450824768,522,953,601,812,586
house-bills_m2_hetb,0.75,case_II,1223,20,0.47222536358040956,0.0,3.0,6.756772555629556e-05,0.00036638067804446825,1.5833239092587714,1236,1077,1032,960,864
house-bills_m2_hetb,0.75,case_II,1224,20,0.3422514539903797,0.0,3.0,8.882249986418985e-05,0.0003185010959369756,1.9732456380288608,1237,1078,983,1033,775
house-bills_m2_hetb,0.75,case_II,1225,20,0.9402172918894702,0.0,4.0,0.00017123210159747994,0.0003741024115010343,0.23913083244211908,1238,954,851,949,1293
house-bills_m2_hetb,0.75,case_II,1226,20,0.5658874773949365,0.0,1.0,0.0,0.00018373876922561004,0.4341125226050635,1239,1340,1418,1287,1217
house-bills_m2_hetb,0.75,case_II,1227,20,0.9001261446978802,0.0,1.0,0.0,0.00017384162996643749,0.09987385530211979,1240,1341,1419,1319,1351
house-bills_m2_hetb,0.75,case_II,1228,20,0.9246386652645656,0.0,1.0,0.0,0.0001966198475783307,0.07536133473543438,1241,1342,1420,1265,1360
house-bills_m2_hetb,0.75,case_II,1229,20,0.9001324900548501,0.0,4.0,5.128972969928373e-05,0.00038558626451021467,0.3994700397805997,1242,955,1069,930,1230
house-bills_m2_hetb,0.75,case_II,1230,20,0.4983454905287332,0.0,1.0,0.0,0.0001746361958581763,0.5016545094712668,1243,1343,1421,1311,1186
house-bills_m2_hetb,0.75,case_II,1231,20,0.5832895646919062,0.0,1.0,0.0,0.00017226743023904348,0.4167104353080938,1244,1344,1422,1326,1223
house-bills_m2_hetb,0.75,case_II,1232,20,0.5342589017236986,198.15,1.0,0.0,0.00016504589774262671,0.4657410982763014,737,1345,1423,1358,1204
house-bills_m2_hetb,0.75,case_II,1233,20,0.020263480737328754,1434.4,9.0,0.0008581388068583281,0.0007199722963619575,8.817628673364041,356,529,450,481,235
house-bills_m2_hetb,0.75,case_II,1234,20,0.9464100576900565,8.85,7.0,0.0003454648905012782,0.0005663143681483943,0.3751295961696046,827,671,671,644,1236
house-bills_m2_hetb,0.75,case_II,1235,20,0.1510903531028005,2840.45,6.0,0.0003981859877030857,0.0005687997594252815,5.0934578813831966,135,767,640,639,412
house-bills_m2_hetb,0.75,case_II,1236,20,0.5534559105858134,512.5,10.0,0.0009421408146515131,0.000796692160615458,4.4654408941418655,646,479,420,429,459
house-bills_m2_hetb,0.75,case_II,1237,20,0.682647856788838,1052.65,2.0,5.000875225343257e-06,0.0002768486875012017,0.634704286422324,498,1196,1239,1124,1136
house-bills_m2_hetb,0.75,case_II,1238,20,0.7863061131620858,0.0,5.0,0.0005013908696740505,0.00047556273525113765,1.0684694341895713,1245,870,581,787,983
house-bills_m2_hetb,0.75,case_II,1239,200,0.5422231796108453,2444.085,34.0,0.01141886160533422,0.0026372177464756117,15.56441189323126,181,45,16,21,83
house-bills_m2_hetb,0.75,case_II,1240,20,0.6391108790301397,2067.95,18.0,0.0026798888774694153,0.0013526620094065065,6.496004177457484,246,198,173,159,321
house-bills_m2_hetb,0.75,case_II,1241,20,0.8271093594992666,0.0,10.0,0.0009460842434621909,0.000805360150447444,1.7289064050073344,1246,480,417,422,828
house-bills_m2_hetb,0.75,case_II,1242,20,0.6435283568596154,0.0,5.0,0.00014267146115843615,0.0004458474124562152,1.7823582157019229,1247,871,890,824,815
house-bills_m2_hetb,0.75,case_II,1243,20,0.6668418155384968,617.1,3.0,6.348782436671401e-05,0.0002969045660667927,0.9994745533845097,614,1079,1046,1084,998
house-bills_m2_hetb,0.75,case_II,1244,20,0.8540520560504438,891.25,13.0,0.0008633685749083714,0.0009621670619050936,1.8973232713442312,569,350,449,310,792
house-bills_m2_hetb,0.75,case_II,1245,0,0.07341166691553269,0.0,0.0,0.0,0.00010743061772605194,0.0,1248,1457,1424,1457,1457
house-bills_m2_hetb,0.75,case_II,1246,20,0.518521050809158,0.0,2.0,1.768880124024226e-05,0.00024154977766399353,0.962957898381684,1249,1197,1183,1192,1017
house-bills_m2_hetb,0.75,case_II,1247,200,0.026552023761241883,1123.78,7.0,0.0003273158744589541,0.0005390645562240336,6.8141358336713065,469,672,685,681,311
house-bills_m2_hetb,0.75,case_II,1248,20,0.15138617134312948,230.0,3.0,8.026194389772263e-05,0.00033636552067880675,2.5458414859706116,727,1080,1005,1008,679
house-bills_m2_hetb,0.75,case_II,1249,200,0.028506414216959763,281.53,3.0,3.81811889503021e-05,0.0003213166802364535,2.9144807573491205,712,1081,1107,1028,621
house-bills_m2_hetb,0.75,case_II,1250,20,0.8662414965178878,1043.8,5.0,0.00031714697993948777,0.0005222226398055653,0.6687925174105608,523,872,694,712,1125
house-bills_m2_hetb,0.75,case_II,1251,20,0.32973821800273906,1145.95,6.0,0.0012428193513437126,0.0006027309541747333,4.021570691983566,462,768,335,596,491
house-bills_m2_hetb,0.75,case_II,1252,20,0.5211312073463263,0.0,2.0,1.0638229920565023e-05,0.00023933044277003572,0.9577375853073473,1250,1198,1210,1199,1019
house-bills_m2_hetb,0.75,case_II,1253,20,0.7872579379890905,0.0,13.0,0.002702979948222923,0.0011133401448070637,2.765646806141824,1251,351,172,241,646
house-bills_m2_hetb,0.75,case_II,1254,20,0.688896824749785,453.45,2.0,0.00014776117306151087,0.00030195231904653146,0.62220635050043,661,1199,881,1071,1143
house-bills_m2_hetb,0.75,case_II,1255,20,0.9263145604956078,0.0,6.0,0.0002719867524632102,0.0005181897901995201,0.4421126370263533,1252,769,742,722,1212
house-bills_m2_hetb,0.75,case_II,1256,20,0.4898036887229915,0.0,7.0,0.0007851479110561963,0.0006607723522856303,3.5713741789390596,1253,673,474,540,551
house-bills_m2_hetb,0.75,case_II,1257,20,0.7024378150343941,513.75,6.0,0.00031063278687451035,0.0005723767954078729,1.7853731097936356,645,770,699,634,813
house-bills_m2_hetb,0.75,case_II,1258,20,0.8677546688910042,0.0,6.0,0.0008318857891063706,0.0006575173877371669,0.793471986653975,1254,771,460,546,1070
house-bills_m2_hetb,0.75,case_II,1259,20,0.10719702303854828,1037.9,5.0,0.00023661446095354566,0.0004935750157563292,4.464014884807258,534,873,783,764,461
house-bills_m2_hetb,0.75,case_II,1260,20,0.46985515887472173,2774.9,10.0,0.0006487944721679294,0.0007751090750394617,5.301448411252783,142,481,525,444,400
house-bills_m2_hetb,0.75,case_II,1261,0,0.08799425840450004,0.0,0.0,0.0,0.00010743061772605194,0.0,1255,1458,1425,1458,1458
house-bills_m2_hetb,0.75,case_II,1262,20,0.5569643621342539,0.0,1.0,0.0,0.00017231850665058032,0.44303563786574607,1256,1346,1426,1324,1211
house-bills_m2_hetb,0.75,case_II,1263,20,0.3133533464336471,2122.4,1.0,0.0,0.00016578365063595502,0.6866466535663529,235,1347,1427,1353,1117
house-bills_m2_hetb,0.75,case_II,1264,20,0.8404982731519823,0.0,1.0,0.0,0.0001848135771963442,0.15950172684801767,1257,1348,1428,1286,1330
house-bills_m2_hetb,0.75,case_II,1265,20,0.46838086950284186,1264.8,10.0,0.0007036274881957261,0.0008517304875724788,5.316191304971581,410,482,503,386,398
house-bills_m2_hetb,0.75,case_II,1266,0,0.16289530068774005,0.0,0.0,0.0,0.00010743061772605194,0.0,1258,1459,1429,1459,1459
house-bills_m2_hetb,0.75,case_II,1267,20,0.8733791351470347,0.0,2.0,4.975989024636016e-05,0.0002513611726558632,0.2532417297059306,1259,1200,1075,1158,1285
house-bills_m2_hetb,0.75,case_II,1268,20,0.4258654966885558,41.15,2.0,5.012858016590458e-05,0.000273424841183302,1.1482690066228884,815,1201,1073,1133,962
house-bills_m2_hetb,0.75,case_II,1269,20,0.0197112421874458,1115.1,6.0,0.0015162495469565208,0.0005976989265713792,5.881732546875325,473,772,286,601,348
house-bills_m2_hetb,0.75,case_II,1270,20,0.26868885858700964,2637.15,8.0,0.0013244380465607037,0.000711569248791825,5.850489131303923,159,590,321,486,352
house-bills_m2_hetb,0.75,case_II,1271,200,0.38309942181000145,1159.15,16.0,0.002431874134184545,0.0012563361475783257,9.870409251039977,443,249,193,183,195
house-bills_m2_hetb,0.75,case_II,1272,20,0.026244320734822302,2807.6,6.0,0.0009400010030296517,0.0006172867452922254,5.842534075591066,139,773,421,588,354
house-bills_m2_hetb,0.75,case_II,1273,20,0.1401115351915322,356.4,3.0,8.07797624613017e-05,0.0003440373082684618,2.5796653944254033,680,1082,1002,993,674
house-bills_m2_hetb,0.75,case_II,1274,200,0.2965088687873769,460.08,4.0,0.0001977782035350721,0.0003892053825083527,2.8139645248504923,655,956,820,914,633
house-bills_m2_hetb,0.75,case_II,1275,20,0.33758329515841157,2189.75,6.0,0.0003327787361941506,0.000635066554135795,3.9745002290495304,224,774,679,571,501
house-bills_m2_hetb,0.75,case_II,1276,20,0.4375794644216485,2942.15,8.0,0.0011280050372153363,0.0006603943316595879,4.499364284626812,121,591,367,542,457
house-bills_m2_hetb,0.75,case_II,1277,0,0.29761781440687995,0.0,0.0,0.0,0.00010743061772605194,0.0,1260,1460,1430,1460,1460
house-bills_m2_hetb,0.75,case_II,1278,20,0.32066824126940385,416.55,5.0,0.0006097350494916599,0.0005357433260057277,3.3966587936529806,667,874,539,688,566
house-bills_m2_hetb,0.75,case_II,1279,20,0.4620787748246554,4.9,3.0,0.00043483596417914994,0.00034979965523510524,1.6137636755260338,828,1083,619,977,854
house-bills_m2_hetb,0.75,case_II,1280,20,0.3519327463102876,650.5,7.0,0.0007547597478407349,0.0006252841314402201,4.536470775827987,606,674,481,580,452
house-bills_m2_hetb,0.75,case_II,1281,20,0.7497859477666411,0.0,3.0,6.5297491367069e-05,0.00031706718069462797,0.7506421567000767,1261,1084,1040,1036,1093
house-bills_m2_hetb,0.75,case_II,1282,20,0.781070814915798,0.0,8.0,0.0007423716081345787,0.0006807781116950259,1.751433480673616,1262,592,487,514,822
house-bills_m2_hetb,0.75,case_II,1283,200,0.017665963847056765,1945.06,9.0,0.0006827608039325542,0.0006863262382796882,8.841006325376489,265,530,514,505,232
house-bills_m2_hetb,0.75,case_II,1284,20,0.16209221191282064,255.9,4.0,0.00024852754538629116,0.00039836818251210414,3.3516311523487174,721,957,764,897,573
house-bills_m2_hetb,0.75,case_II,1285,20,0.10181914389287461,356.85,3.0,4.47729225092978e-05,0.00034604275407380217,2.694542568321376,679,1085,1092,984,660
house-bills_m2_hetb,0.75,case_II,1286,20,0.35286870065857456,355.9,3.0,4.853693814345936e-05,0.00033532082824800876,1.9413938980242764,682,1086,1081,1009,784
house-bills_m2_hetb,0.75,case_II,1287,20,0.3562605533678569,526.15,3.0,3.8964804372891856e-05,0.00029241266676298806,1.9312183398964293,640,1087,1106,1094,787
house-bills_m2_hetb,0.75,case_II,1288,20,0.7492930954460025,0.0,4.0,0.0002916597373618198,0.0005210125271122178,1.0028276182159899,1263,958,721,717,997
house-bills_m2_hetb,0.75,case_II,1289,20,0.729520125674327,0.0,7.0,0.0004567122030847129,0.0006437811944600306,1.8933591202797109,1264,675,611,560,794
house-bills_m2_hetb,0.75,case_II,1290,0,0.8824147325613924,0.0,0.0,0.0,0.00010743061772605194,0.0,1265,1461,1431,1461,1461
house-bills_m2_hetb,0.75,case_II,1291,20,0.6829980203089694,2298.55,2.0,7.896777502202197e-05,0.0002512180832595011,0.6340039593820612,204,1202,1009,1159,1137
house-bills_m2_hetb,0.75,case_II,1292,20,0.5955341403008954,0.0,7.0,0.0002674943737995728,0.0006087451681082711,2.8312610178937323,1266,676,745,593,631
house-bills_m2_hetb,0.75,case_II,1293,0,0.9943332014900896,0.0,0.0,0.0,0.00010743061772605194,0.0,1267,1462,1432,1462,1462
house-bills_m2_hetb,0.75,case_II,1294,20,0.641966715068702,1145.95,6.0,0.0005514893768923097,0.0006575478539023206,2.1481997095877885,463,775,565,545,747
house-bills_m2_hetb,0.75,case_II,1295,20,0.38947175820665025,-131.65,3.0,8.564059468157432e-05,0.00030239855721525067,1.8315847253800492,1406,1088,989,1069,806
house-bills_m2_hetb,0.75,case_II,1296,20,0.30476714505493985,1062.0,3.0,6.668007832107268e-05,0.0003277937155227623,2.0856985648351802,491,1089,1037,1020,760
house-bills_m2_hetb,0.75,case_II,1297,20,0.03575133589109658,1084.95,4.0,0.00015297926864440926,0.00042286256294431907,3.8569946564356137,478,959,872,859,516
house-bills_m2_hetb,0.75,case_II,1298,20,0.9441383821019347,0.0,4.0,0.00020584373137243816,0.0003975256424515501,0.22344647159226128,1268,960,811,900,1302
house-bills_m2_hetb,0.75,case_II,1299,20,0.7526396033854349,0.0,14.0,0.0015416380457863078,0.00115730801360882,3.4630455526039112,1269,304,283,226,563
house-bills_m2_hetb,0.75,case_II,1300,20,0.37707447403851413,-195.8,4.0,0.00021310264041116833,0.00042973673795137655,2.4917021038459435,1428,961,803,851,692
house-bills_m2_hetb,0.75,case_II,1301,20,0.8750264088387725,0.0,2.0,4.207108875512408e-06,0.0002454275278749637,0.24994718232245505,1270,1203,1241,1180,1286
house-bills_m2_hetb,0.75,case_II,1302,0,0.762923530257859,0.0,0.0,0.0,0.00010743061772605194,0.0,1271,1463,1433,1463,1463
house-bills_m2_hetb,0.75,case_II,1303,20,0.4651733664606914,0.0,2.0,2.2609734606842086e-05,0.0002831432379653986,1.0696532670786172,1272,1204,1165,1113,981
house-bills_m2_hetb,0.75,case_II,1304,20,0.9557833448132415,0.0,4.0,0.00025147254831701254,0.0003886014829976883,0.1768666207470342,1273,962,760,920,1320
house-bills_m2_hetb,0.75,case_II,1305,20,0.8923995250960749,1174.65,6.0,0.00041571694808722456,0.0005344230802612929,0.6456028494235506,436,776,632,692,1131
house-bills_m2_hetb,0.75,case_II,1306,20,0.44604622264781335,0.0,2.0,3.102487146916118e-05,0.00026542777272572276,1.1079075547043733,1274,1205,1129,1144,970
house-bills_m2_hetb,0.75,case_II,1307,20,0.42700993551797906,0.0,2.0,2.6086910274252504e-05,0.0002479469243521766,1.1459801289640419,1275,1206,1151,1170,963
house-bills_m2_hetb,0.75,case_II,1308,20,0.15169585002881392,0.0,1.0,0.0,0.0001682257300788605,0.8483041499711861,1276,1349,1434,1340,1053
house-bills_m2_hetb,0.75,case_II,1309,20,0.10240712821765441,0.0,3.0,5.3741119096301186e-05,0.0003002179344743915,2.692778615347037,1277,1090,1061,1075,661
house-bills_m2_hetb,0.75,case_II,1310,20,0.35721058583261145,2849.85,2.0,1.5833391878845806e-05,0.00025809666991009975,1.285578828334777,134,1207,1192,1151,929
house-bills_m2_hetb,0.75,case_II,1311,20,0.21459632226542213,0.0,2.0,2.077150805867467e-05,0.00023295986630962135,1.5708073554691557,1278,1208,1176,1216,868
house-bills_m2_hetb,0.75,case_II,1312,20,0.06860487535924498,3250.6,6.0,0.0006628020798202117,0.0005871318264909165,5.588370747844531,95,777,520,614,375
house-bills_m2_hetb,0.75,case_II,1313,20,0.7354797423575674,2084.75,4.0,0.00012166149448501988,0.0003882349311831205,1.0580810305697304,245,963,936,922,984
house-bills_m2_hetb,0.75,case_II,1314,20,0.9611756267230731,0.0,3.0,0.00010926279443406564,0.0003235963939011552,0.11647311983078068,1279,1091,950,1025,1346
house-bills_m2_hetb,0.75,case_II,1315,20,0.6873883811420436,0.0,2.0,0.00010338346917566961,0.00027082113421101364,0.6252232377159128,1280,1209,960,1138,1142
house-bills_m2_hetb,0.75,case_II,1316,20,0.9074324780725449,-277.7,1.0,0.0,0.00016826835436041884,0.0925675219274551,1449,1350,1435,1337,1354
house-bills_m2_hetb,0.75,case_II,1317,20,0.8703669412946711,0.0,2.0,4.5692830001470916e-05,0.00025761830384067445,0.25926611741065786,1281,1210,1089,1152,1281
house-bills_m2_hetb,0.75,case_II,1318,20,0.6460543691700241,0.0,4.0,0.00010556804537271678,0.00038824812166004857,1.4157825233199035,1282,964,954,921,900
house-bills_m2_hetb,0.75,case_II,1319,20,0.5226129115246972,1440.15,6.0,0.0002378315934977087,0.0005568254871345564,2.8643225308518163,353,778,782,659,626
house-bills_m2_hetb,0.75,case_II,1320,20,0.3579013924678206,1257.8,8.0,0.0017862929347015547,0.0007508845142678642,5.136788860257435,419,593,255,463,410
house-bills_m2_hetb,0.75,case_II,1321,20,0.4949761755722949,-4027.0,4.0,0.00023371368169377416,0.0003751111845190925,2.0200952977108204,1493,965,786,947,767
house-bills_m2_hetb,0.75,case_II,1322,20,0.32125195150149877,1078.6,8.0,0.0004142181463698168,0.0006437037925767783,5.42998438798801,487,594,633,562,389
house-bills_m2_hetb,0.75,case_II,1323,20,0.17206667731800673,269.6,5.0,0.00014769088837875738,0.0004450782014534622,4.1396666134099664,718,875,882,826,482
house-bills_m2_hetb,0.75,case_II,1324,20,0.49532700513829475,0.0,5.0,0.0007142500335709461,0.0005504679842575289,2.5233649743085262,1283,876,497,665,682
house-bills_m2_hetb,0.75,case_II,1325,20,0.6611575082946666,62.5,10.0,0.0009301528275372098,0.0008471430899718322,3.3884249170533343,792,483,424,390,569
house-bills_m2_hetb,0.75,case_II,1326,0,0.5853151200539239,0.0,0.0,0.0,0.00010743061772605194,0.0,1284,1464,1436,1464,1464
house-bills_m2_hetb,0.75,case_II,1327,20,0.7378227930383214,2437.05,6.0,0.00025628196528289064,0.000521520162114708,1.5730632417700714,184,779,755,714,867
house-bills_m2_hetb,0.75,case_II,1328,20,0.3359702633489273,1079.15,10.0,0.0007352443207695663,0.0007889125659525139,6.640297366510727,481,484,488,432,317
house-bills_m2_hetb,0.75,case_II,1329,200,9.60405599956804e-05,4412.205,12.0,0.0010944295298096127,0.0008636053073201842,11.998847513280051,43,393,379,372,133
house-bills_m2_hetb,0.75,case_II,1330,20,0.21265952370959307,0.0,1.0,0.0,0.00017591493624500345,0.7873404762904069,1285,1351,1437,1303,1071
house-bills_m2_hetb,0.75,case_II,1331,20,0.2896953747711416,535.1,6.0,0.00022232814664711737,0.0004976576182142346,4.261827751373151,638,780,797,759,475
house-bills_m2_hetb,0.75,case_II,1332,20,0.553104867010391,0.0,2.0,7.262193269888791e-05,0.0002932528284171587,0.8937902659792181,1286,1211,1024,1092,1037
house-bills_m2_hetb,0.75,case_II,1333,20,0.38945151534759304,1463.7,2.0,3.094481666647308e-05,0.0002639114971747802,1.221096969304814,350,1212,1131,1146,948
house-bills_m2_hetb,0.75,case_II,1334,0,0.6576718802427545,0.0,0.0,0.0,0.00010743061772605194,0.0,1287,1465,1438,1465,1465
house-bills_m2_hetb,0.75,case_II,1335,20,0.22394291858206627,-1883.8,6.0,0.0008343881356033556,0.000594663184102152,4.656342488507603,1485,781,457,607,443
house-bills_m2_hetb,0.75,case_II,1336,20,0.4680172846291024,2152.05,11.0,0.0005952773789264602,0.0008542195645323623,5.851809869079873,228,432,542,384,351
house-bills_m2_hetb,0.75,case_II,1337,20,0.0022461445398733737,901.65,3.0,7.123613414152118e-05,0.000345081711589398,2.99326156638038,566,1092,1026,990,610
house-bills_m2_hetb,0.75,case_II,1338,20,0.6863003978230826,1145.95,4.0,0.00015039924083048704,0.000440706487342993,1.2547984087076696,464,966,874,830,936
house-bills_m2_hetb,0.75,case_II,1339,20,0.865358765091174,1914.15,10.0,0.0013543889071921302,0.0008573036720347995,1.3464123490882596,268,485,313,381,918
house-bills_m2_hetb,0.75,case_II,1340,20,0.8586576209689326,0.0,4.0,0.00033642086225086346,0.0004234259163459821,0.5653695161242696,1288,967,677,858,1162
house-bills_m2_hetb,0.75,case_II,1341,20,0.8746833990846345,-153.95,4.0,9.220203577589686e-05,0.00037446513619207545,0.5012664036614618,1419,968,978,948,1187
house-bills_m2_hetb,0.75,case_II,1342,200,0.19613198994143588,2148.94,10.0,0.0008974657289466007,0.000770473518192874,8.03868010058564,229,486,435,447,257
house-bills_m2_hetb,0.75,case_II,1343,0,0.9814212886300421,0.0,0.0,0.0,0.00010743061772605194,0.0,1289,1466,1439,1466,1466
house-bills_m2_hetb,0.75,case_II,1344,20,0.551370055537916,0.0,6.0,0.00020615233488010694,0.0005502316984247163,2.6917796667725042,1290,782,809,666,662
house-bills_m2_hetb,0.75,case_II,1345,0,0.18557979048288287,0.0,0.0,0.0,0.00010743061772605194,0.0,1291,1467,1440,1467,1467
house-bills_m2_hetb,0.75,case_II,1346,20,0.09105406245491632,934.35,2.0,7.2456723429540875e-06,0.00023634029504463077,1.8178918750901674,558,1213,1226,1209,808
house-bills_m2_hetb,0.75,case_II,1347,20,0.07097567714896569,0.0,3.0,0.00010468397485654901,0.0003436382630060197,2.787072968553103,1292,1093,958,994,642
house-bills_m2_hetb,0.75,case_II,1348,20,0.6369673359898222,1579.1,2.0,2.1074902927366168e-05,0.00024276008045516996,0.7260653280203555,327,1214,1172,1187,1103
house-bills_m2_hetb,0.75,case_II,1349,20,0.6285879455462029,0.0,2.0,5.570425335871688e-05,0.0002702875174456687,0.7428241089075942,1293,1215,1059,1140,1098
house-bills_m2_hetb,0.75,case_II,1350,20,0.7867578153046024,1393.25,4.0,0.0001348326013849717,0.00040034824618877,0.8529687387815903,370,969,906,891,1051
house-bills_m2_hetb,0.75,case_II,1351,20,0.6586148779360064,0.0,2.0,3.7706315955469105e-05,0.0002718858935936558,0.6827702441279873,1294,1216,1109,1136,1119
house-bills_m2_hetb,0.75,case_II,1352,20,0.5194036064022658,111.85,2.0,2.222807619929994e-05,0.0002468137086121927,0.9611927871954684,784,1217,1168,1175,1018
house-bills_m2_hetb,0.75,case_II,1353,20,0.16282164580531622,808.15,9.0,0.0007465323034876957,0.000818741379864104,7.534605187752154,579,531,485,407,279
house-bills_m2_hetb,0.75,case_II,1354,20,0.7344738470457473,1084.95,6.0,0.0002522010837808171,0.0005444304776315258,1.5931569177255165,479,783,759,672,860
house-bills_m2_hetb,0.75,case_II,1355,20,0.004060779175259488,1145.95,2.0,5.4785826888831354e-06,0.0002367879691294394,1.991878441649481,465,1218,1235,1208,771
house-bills_m2_hetb,0.75,case_II,1356,20,0.6603056326225697,1145.95,5.0,0.00016348714567922162,0.0004343715348316266,1.6984718368871516,466,877,863,842,840
house-bills_m2_hetb,0.75,case_II,1357,20,0.1653106406351319,1987.35,13.0,0.0011933872902881117,0.0009974390424581675,10.850961671743285,259,352,347,292,161
house-bills_m2_hetb,0.75,case_II,1358,20,0.158812500494112,1659.7,4.0,5.2188198677234125e-05,0.0003888011730825181,3.364749998023552,314,970,1066,918,572
house-bills_m2_hetb,0.75,case_II,1359,20,0.9060919823220174,0.0,4.0,0.0002048040132725164,0.000380343080524439,0.3756320707119305,1295,971,812,943,1235
house-bills_m2_hetb,0.75,case_II,1360,20,0.9272687987305654,0.0,6.0,0.000614817720569133,0.0006388149873767544,0.4363872076166073,1296,784,538,567,1216
house-bills_m2_hetb,0.75,case_II,1361,20,0.7202854143764663,0.0,1.0,0.0,0.00017409718255584626,0.2797145856235337,1297,1352,1441,1316,1270
house-bills_m2_hetb,0.75,case_II,1362,20,0.22861327495178618,1695.0,9.0,0.0013138242635976655,0.000808259032327926,6.942480525433925,299,532,324,420,302
house-bills_m2_hetb,0.75,case_II,1363,20,0.4693763724185115,403.6,10.0,0.00036392263433950126,0.0008113163000108135,5.306236275814885,670,487,656,415,399
house-bills_m2_hetb,0.75,case_II,1364,20,0.3461982610739972,342.35,7.0,0.001105570773868696,0.0006533952598340669,4.57661217248202,687,677,376,550,451
house-bills_m2_hetb,0.75,case_II,1365,20,0.11760454808957232,3568.0,7.0,0.000285014791464801,0.0005891836195049559,6.176768163372993,67,678,731,611,335
house-bills_m2_hetb,0.75,case_II,1366,20,0.2368161436599996,0.0,5.0,0.00017709443305449388,0.00045512521497000893,3.815919281700002,1298,878,841,816,521
house-bills_m2_hetb,0.75,case_II,1367,20,0.05796887217318003,569.1,2.0,0.00013284532325582562,0.0002981341142162595,1.88406225565364,627,1219,912,1080,798
house-bills_m2_hetb,0.75,case_II,1368,20,0.9722989391173463,0.0,5.0,0.00015258667972888713,0.00042260799319242,0.13850530441326836,1299,879,873,860,1339
house-bills_m2_hetb,0.75,case_II,1369,20,0.23629518316635556,1629.35,8.0,0.00035397568447301654,0.0006687839675003271,6.1096385346691555,319,595,665,532,337
house-bills_m2_hetb,0.75,case_II,1370,20,0.38713030333004994,1283.0,7.0,0.00027474641702713855,0.0005974053291953426,4.29008787668965,399,679,741,602,473
house-bills_m2_hetb,0.75,case_II,1371,20,0.24661303847950433,655.1,4.0,0.0002407072438787949,0.0003687206402525542,3.0135478460819827,604,972,775,955,609
house-bills_m2_hetb,0.75,case_II,1372,20,0.6512560958980139,0.0,3.0,0.00012559707909454694,0.00034532246249422793,1.0462317123059584,1300,1094,925,989,987
house-bills_m2_hetb,0.75,case_II,1373,20,0.5625293241165457,58.3,2.0,4.114253218378026e-05,0.0002549642684172832,0.8749413517669087,795,1220,1100,1154,1042
house-bills_m2_hetb,0.75,case_II,1374,20,0.7656657950986049,0.0,4.0,0.0001808101436674536,0.00041898977361851954,0.9373368196055805,1301,973,838,864,1024
house-bills_m2_hetb,0.75,case_II,1375,20,0.011416982486606608,0.0,4.0,0.0002913877297084473,0.0004803048148840256,3.9543320700535736,1302,974,722,783,503
house-bills_m2_hetb,0.75,case_II,1376,20,0.204675351213916,0.0,2.0,2.1716223338263902e-05,0.0002725719126988686,1.590649297572168,1303,1221,1171,1135,862
house-bills_m2_hetb,0.75,case_II,1377,20,0.5987377284896298,1067.3,7.0,0.00030991959520096276,0.0006020962468878239,2.8088359005725914,488,680,700,597,637
house-bills_m2_hetb,0.75,case_II,1378,20,0.576566930148022,0.0,4.0,5.1840115819848156e-05,0.00038727358735967754,1.6937322794079122,1304,975,1067,924,842
house-bills_m2_hetb,0.75,case_II,1379,20,0.8244385564254193,0.0,1.0,0.0,0.00019657145971662928,0.1755614435745807,1305,1353,1442,1267,1323
house-bills_m2_hetb,0.75,case_II,1380,20,0.08054686457535809,1043.8,5.0,0.00036622607965486207,0.0005248969501949606,4.597265677123209,524,880,654,705,449
house-bills_m2_hetb,0.75,case_II,1381,20,0.37115249309909026,0.0,1.0,0.0,0.00018772038091215682,0.6288475069009097,1306,1354,1443,1280,1140
house-bills_m2_hetb,0.75,case_II,1382,20,0.40375613940200017,1852.75,12.0,0.0015206968147154275,0.0010053844436663604,7.154926327175998,276,394,285,288,293
house-bills_m2_hetb,0.75,case_II,1383,20,0.5130269217785087,0.0,3.0,0.00030637639656996645,0.0004737272072721004,1.4609192346644737,1307,1095,706,792,885
house-bills_m2_hetb,0.75,case_II,1384,20,0.35142921922895287,1416.25,6.0,0.00024359332654836277,0.0005133185585092839,3.8914246846262825,358,785,769,734,512
house-bills_m2_hetb,0.75,case_II,1385,20,0.734669791447239,1056.65,5.0,8.316121734754992e-05,0.0004452626105742178,1.326651042763805,494,881,997,825,921
house-bills_m2_hetb,0.75,case_II,1386,200,0.1043126694432297,2192.885,18.0,0.002004108400016914,0.0014146257243104294,16.122371950021865,221,199,229,140,78
house-bills_m2_hetb,0.75,case_II,1387,20,0.06062654877327156,407.8,2.0,7.889850474111524e-05,0.00031320604549176976,1.8787469024534569,669,1222,1010,1041,800
house-bills_m2_hetb,0.75,case_II,1388,20,0.3134969656943688,0.0,4.0,0.00013375392319668183,0.0004081376654213124,2.746012137222525,1308,976,910,878,654
house-bills_m2_hetb,0.75,case_II,1389,0,0.08936835835602008,0.0,0.0,0.0,0.00010743061772605194,0.0,1309,1468,1444,1468,1468
house-bills_m2_hetb,0.75,case_II,1390,20,0.3924113107452132,111.85,2.0,1.9093395332770004e-05,0.0002567805235411969,1.2151773785095736,785,1223,1178,1153,949
house-bills_m2_hetb,0.75,case_II,1391,20,0.5784304362761635,1043.8,2.0,2.639384905940675e-05,0.0002479520543400116,0.8431391274476729,525,1224,1149,1169,1057
house-bills_m2_hetb,0.75,case_II,1392,20,0.0841896335863821,0.0,7.0,0.0004542090306926908,0.000639997408895123,6.410672564895325,1310,681,612,564,324
house-bills_m2_hetb,0.75,case_II,1393,20,0.4597958892749636,776.85,2.0,5.790333550132587e-05,0.00024297034674582602,1.0804082214500728,580,1225,1053,1185,979
house-bills_m2_hetb,0.75,case_II,1394,20,0.5553176384279525,0.0,3.0,0.0011563825832308658,0.00043997131843211633,1.3340470847161425,1311,1096,358,832,920
house-bills_m2_hetb,0.75,case_II,1395,0,0.5645392862095029,0.0,0.0,0.0,0.00010743061772605194,0.0,1312,1469,1445,1469,1469
house-bills_m2_hetb,0.75,case_II,1396,20,0.0302027113843083,0.0,1.0,0.0,0.00017507114463947087,0.9697972886156917,1313,1355,1446,1308,1012
house-bills_m2_hetb,0.75,case_II,1397,20,0.7732342916221171,0.0,5.0,0.00017629627137369697,0.0004659362724903285,1.1338285418894145,1314,882,843,804,964
house-bills_m2_hetb,0.75,case_II,1398,20,0.7219944120767331,1024.0,4.0,0.00015466468088437996,0.00036061181054620626,1.1120223516930676,535,977,871,965,968
house-bills_m2_hetb,0.75,case_II,1399,200,0.2970111784747991,916.0,7.0,0.00067703129493433,0.0006193321010114465,4.920921750676406,563,682,516,585,423
house-bills_m2_hetb,0.75,case_II,1400,20,0.4713454304536444,0.0,6.0,0.0003338212142343825,0.00057493484933228,3.1719274172781335,1315,786,678,632,591
house-bills_m2_hetb,0.75,case_II,1401,20,0.7391818794487419,0.0,2.0,2.725739779099472e-05,0.0002322904117013667,0.5216362411025162,1316,1226,1144,1219,1181
house-bills_m2_hetb,0.75,case_II,1402,20,0.8340747307980766,0.0,1.0,0.0,0.00020596420562177465,0.1659252692019234,1317,1356,1447,1259,1328
house-bills_m2_hetb,0.75,case_II,1403,20,0.2477164179479444,1043.8,1.0,0.0,0.00020831544649068477,0.7522835820520556,526,1357,1448,1257,1092
house-bills_m2_hetb,0.75,case_II,1404,20,0.7708320963728408,0.0,2.0,3.1228004315995166e-05,0.00023897505497836463,0.45833580725431844,1318,1227,1128,1203,1206
house-bills_m2_hetb,0.75,case_II,1405,20,0.4241983695702475,1393.25,2.0,6.960901861433965e-06,0.00026778043550094885,1.151603260859505,371,1228,1229,1142,959
house-bills_m2_hetb,0.75,case_II,1406,20,0.9531604880370382,0.0,2.0,2.7099895246901553e-05,0.00023939734591297995,0.09367902392592353,1319,1229,1145,1198,1353
house-bills_m2_hetb,0.75,case_II,1407,20,0.8783654950164146,0.0,2.0,0.0001275241044069685,0.00030072389533281226,0.24326900996717082,1320,1230,920,1073,1291
house-bills_m2_hetb,0.75,case_II,1408,20,0.35799152310807314,0.0,2.0,8.155436322137642e-05,0.00029333900101901093,1.2840169537838537,1321,1231,999,1091,930
house-bills_m2_hetb,0.75,case_II,1409,20,0.35983251422247087,0.0,2.0,2.388052433270495e-05,0.0002762936366470395,1.2803349715550583,1322,1232,1160,1129,932
house-bills_m2_hetb,0.75,case_II,1410,0,0.4858358613989018,0.0,0.0,0.0,0.00010743061772605194,0.0,1323,1470,1449,1470,1470
house-bills_m2_hetb,0.75,case_II,1411,20,0.9606447966726998,0.0,2.0,2.2883401432517582e-05,0.00024465754919110125,0.0787104066546005,1324,1233,1163,1182,1357
house-bills_m2_hetb,0.75,case_II,1412,20,0.14398054119793513,1637.3,8.0,0.0006564694367377047,0.0006951403867550566,6.848155670416519,317,596,522,498,309
house-bills_m2_hetb,0.75,case_II,1413,20,0.5489012665123931,0.0,6.0,0.00026140921250856174,0.0005236174936920832,2.7065924009256412,1325,787,752,709,658
house-bills_m2_hetb,0.75,case_II,1414,20,0.6477107544433567,0.0,3.0,2.6689936074935086e-05,0.00030386374284719275,1.05686773666993,1326,1097,1148,1062,985
house-bills_m2_hetb,0.75,case_II,1415,20,0.7200550744245918,51.95,5.0,0.000147938676960598,0.0004892470613024319,1.399724627877041,797,883,878,768,902
house-bills_m2_hetb,0.75,case_II,1416,20,0.06711485073801471,3477.0,6.0,0.00021102625756333701,0.0005626089482016505,5.597310895571912,76,788,806,649,373
house-bills_m2_hetb,0.75,case_II,1417,20,0.5993153176299014,0.0,3.0,4.182924090180256e-05,0.00029786503304107175,1.2020540471102956,1327,1098,1096,1082,950
house-bills_m2_hetb,0.75,case_II,1418,20,0.4504410344368798,1056.65,2.0,2.8681866815767448e-05,0.000265399705669779,1.0991179311262405,495,1234,1140,1145,975
house-bills_m2_hetb,0.75,case_II,1419,20,0.3394168925365474,1393.25,3.0,0.0001226142558317789,0.0003566173865162287,1.9817493223903577,372,1099,933,969,773
house-bills_m2_hetb,0.75,case_II,1420,0,0.970535745395725,0.0,0.0,0.0,0.00010743061772605194,0.0,1328,1471,1450,1471,1471
house-bills_m2_hetb,0.75,case_II,1421,20,0.10602912183064539,344.35,7.0,0.0009364842857978808,0.0007282515147099056,6.257796147185482,685,683,422,473,331
house-bills_m2_hetb,0.75,case_II,1422,20,0.708691782471572,0.0,2.0,3.4568990689321125e-05,0.00029310925552060224,0.5826164350568559,1329,1235,1117,1093,1158
house-bills_m2_hetb,0.75,case_II,1423,20,0.20436046231027005,2376.85,2.0,1.3718024653539506e-05,0.00024515989797036826,1.59127907537946,199,1236,1200,1181,861
house-bills_m2_hetb,0.75,case_II,1424,20,0.9481022894736189,0.0,1.0,0.0,0.00021013673914506466,0.05189771052638115,1330,1358,1451,1255,1364
house-bills_m2_hetb,0.75,case_II,1425,0,0.5003145590931377,0.0,0.0,0.0,0.00010743061772605194,0.0,1331,1472,1452,1472,1472
house-bills_m2_hetb,0.75,case_II,1426,20,0.45338759132585316,0.0,8.0,0.00031314306883790255,0.0006744663946262554,4.372899269393175,1332,597,697,526,465
house-bills_m2_hetb,0.75,case_II,1427,0,0.24850168001187267,0.0,0.0,0.0,0.00010743061772605194,0.0,1333,1473,1453,1473,1473
house-bills_m2_hetb,0.75,case_II,1428,20,0.5337793923358432,0.0,2.0,3.325631639757184e-05,0.0002471209546462042,0.9324412153283137,1334,1237,1121,1174,1025
house-bills_m2_hetb,0.75,case_II,1429,20,0.8643289560409935,0.0,4.0,0.0005719715935272737,0.00046202778426963757,0.5426841758360261,1335,978,554,810,1173
house-bills_m2_hetb,0.75,case_II,1430,20,0.07207328121152723,539.45,6.0,0.0004986408675771836,0.0006200444934519307,5.567560312730837,637,789,585,584,379
house-bills_m2_hetb,0.75,case_II,1431,20,0.6582265017536821,0.0,4.0,0.00019882402941833306,0.00038494097632084184,1.3670939929852715,1336,979,817,934,910
house-bills_m2_hetb,0.75,case_II,1432,20,0.1465543869611854,135.35,1.0,0.0,0.0001787872429362915,0.8534456130388146,761,1359,1454,1299,1049
house-bills_m2_hetb,0.75,case_II,1433,20,0.22507047398884616,0.0,3.0,6.864257622401312e-05,0.00033784011406924803,2.3247885780334614,1337,1100,1030,1005,722
house-bills_m2_hetb,0.75,case_II,1434,0,0.8538524976332683,0.0,0.0,0.0,0.00010743061772605194,0.0,1338,1474,1455,1474,1474
house-bills_m2_hetb,0.75,case_II,1435,20,0.07227156302991455,3432.75,4.0,0.00013057785166346484,0.00042228913416701404,3.710913747880342,81,980,916,861,533
house-bills_m2_hetb,0.75,case_II,1436,20,0.7316708832017987,0.0,1.0,0.0,0.00017171900306115257,0.26832911679820126,1339,1360,1456,1328,1275
house-bills_m2_hetb,0.75,case_II,1437,20,0.05785312375657925,0.0,1.0,0.0,0.00018150368677098856,0.9421468762434208,1340,1361,1457,1288,1023
house-bills_m2_hetb,0.75,case_II,1438,20,0.5095432760207479,0.0,2.0,4.803561085418893e-05,0.00028826839010775193,0.9809134479585042,1341,1238,1082,1102,1006
house-bills_m2_hetb,0.75,case_II,1439,0,0.6235079875011236,0.0,0.0,0.0,0.00010743061772605194,0.0,1342,1475,1458,1475,1475
house-bills_m2_hetb,0.75,case_II,1440,20,0.14699853666224239,0.0,1.0,0.0,0.00017969687695173928,0.8530014633377576,1343,1362,1459,1291,1050
house-bills_m2_hetb,0.75,case_II,1441,0,0.8021095935456756,0.0,0.0,0.0,0.00010743061772605194,0.0,1344,1476,1460,1476,1476
house-bills_m2_hetb,0.75,case_II,1442,0,0.22101077998114638,0.0,0.0,0.0,0.00010743061772605194,0.0,1345,1477,1461,1477,1477
house-bills_m2_hetb,0.75,case_II,1443,20,0.47568248579721106,0.0,4.0,0.000512167714186035,0.00045740343926888895,2.0972700568111557,1346,981,579,814,759
house-bills_m2_hetb,0.75,case_II,1444,20,0.24028121129313518,0.0,4.0,0.00010115228577434288,0.00040903969335684225,3.0388751548274593,1347,982,964,877,605
house-bills_m2_hetb,0.75,case_II,1445,20,0.7635859224107355,1145.95,3.0,0.00017280454716826632,0.000342191294121796,0.7092422327677934,467,1101,848,999,1107
house-bills_m2_hetb,0.75,case_II,1446,20,0.25114131979706644,1402.1,3.0,0.00011694843744048678,0.00032542892368745595,2.246576040608801,363,1102,941,1021,733
house-bills_m2_hetb,0.75,case_II,1447,20,0.262182598526722,0.0,1.0,0.0,0.00018753108251179373,0.737817401473278,1348,1363,1462,1281,1100
house-bills_m2_hetb,0.75,case_II,1448,20,0.012176776794017075,-562.3,1.0,0.0,0.00017600067695736464,0.9878232232059829,1462,1364,1463,1302,1004
house-bills_m2_hetb,0.75,case_II,1449,20,0.8998375981764654,0.0,3.0,7.552688044472602e-05,0.0003417538163503356,0.3004872054706039,1349,1103,1017,1001,1263
house-bills_m2_hetb,0.75,case_II,1450,20,0.03359696275689261,459.3,1.0,0.0,0.0001758089367997986,0.9664030372431074,656,1365,1464,1304,1014
house-bills_m2_hetb,0.75,case_II,1451,0,0.3145864476464628,0.0,0.0,0.0,0.00010743061772605194,0.0,1350,1478,1465,1478,1478
house-bills_m2_hetb,0.75,case_II,1452,0,0.6470071622065572,0.0,0.0,0.0,0.00010743061772605194,0.0,1351,1479,1466,1479,1479
house-bills_m2_hetb,0.75,case_II,1453,20,0.3320857338144194,1043.8,2.0,0.00011276037350189433,0.00031836008393480166,1.3358285323711612,527,1239,945,1034,919
house-bills_m2_hetb,0.75,case_II,1454,0,0.5972060998913077,0.0,0.0,0.0,0.00010743061772605194,0.0,1352,1480,1467,1480,1480
house-bills_m2_hetb,0.75,case_II,1455,0,0.36456487311529495,0.0,0.0,0.0,0.00010743061772605194,0.0,1353,1481,1468,1481,1481
house-bills_m2_hetb,0.75,case_II,1456,20,0.8799511230920498,0.0,1.0,0.0,0.00017514804194303,0.12004887690795019,1354,1366,1469,1307,1345
house-bills_m2_hetb,0.75,case_II,1457,0,0.15897921629231215,0.0,0.0,0.0,0.00010743061772605194,0.0,1355,1482,1470,1482,1482
house-bills_m2_hetb,0.75,case_II,1458,20,0.018410431182694587,0.0,1.0,0.0,0.00018923976562594026,0.9815895688173054,1356,1367,1471,1277,1005
house-bills_m2_hetb,0.75,case_II,1459,0,0.09970000366462284,0.0,0.0,0.0,0.00010743061772605194,0.0,1357,1483,1472,1483,1483
house-bills_m2_hetb,0.75,case_II,1460,20,0.5239920370250133,2649.85,5.0,0.00021811883347577887,0.00046926963297233754,2.3800398148749338,156,884,799,798,712
house-bills_m2_hetb,0.75,case_II,1461,20,0.592268699619776,1381.3,7.0,0.0016205150688497955,0.0006899353857808628,2.854119102661568,378,684,276,503,628
house-bills_m2_hetb,0.75,case_II,1462,20,0.8339028183744194,0.0,1.0,0.0,0.00017947338951103625,0.16609718162558063,1358,1368,1473,1295,1327
house-bills_m2_hetb,0.75,case_II,1463,20,0.9546479818986865,0.0,2.0,4.1893829114520645e-06,0.00025265317627707733,0.09070403620262701,1359,1240,1242,1157,1355
house-bills_m2_hetb,0.75,case_II,1464,20,0.401304424874914,0.0,1.0,0.0,0.00017409718255584626,0.598695575125086,1360,1369,1474,1317,1152
house-bills_m2_hetb,0.75,case_II,1465,0,0.8236951744580298,0.0,0.0,0.0,0.00010743061772605194,0.0,1361,1484,1475,1484,1484
house-bills_m2_hetb,0.75,case_II,1466,20,0.40516974684934126,1996.65,5.0,0.0001370169446706913,0.00043017526492416364,2.9741512657532936,257,885,902,847,611
house-bills_m2_hetb,0.75,case_II,1467,20,0.3706570239468989,58.3,2.0,2.8350536540236422e-05,0.0002607407541651656,1.2586859521062022,796,1241,1142,1150,935
house-bills_m2_hetb,0.75,case_II,1468,20,0.1326942880592098,0.0,1.0,0.0,0.0001779136178900579,0.8673057119407902,1362,1370,1476,1300,1044
house-bills_m2_hetb,0.75,case_II,1469,20,0.8686533835131917,0.0,2.0,9.789499885736651e-06,0.00023902736945616596,0.2626932329736167,1363,1242,1213,1202,1279
house-bills_m2_hetb,0.75,case_II,1470,20,0.3361072638152569,0.0,1.0,0.0,0.00017364544773996597,0.6638927361847431,1364,1371,1477,1320,1127
house-bills_m2_hetb,0.75,case_II,1471,0,0.6466911011130169,0.0,0.0,0.0,0.00010743061772605194,0.0,1365,1485,1478,1485,1485
house-bills_m2_hetb,0.75,case_II,1472,20,0.5171654789011755,0.0,3.0,5.61555325375998e-05,0.0003133143842744289,1.4485035632964736,1366,1104,1057,1040,889
house-bills_m2_hetb,0.75,case_II,1473,0,0.9968375249315817,0.0,0.0,0.0,0.00010743061772605194,0.0,1367,1486,1479,1486,1486
house-bills_m2_hetb,0.75,case_II,1474,20,0.2556339822243743,0.0,2.0,1.5062900746598498e-05,0.00027647860676575285,1.4887320355512514,1368,1243,1196,1127,881
house-bills_m2_hetb,0.75,case_II,1475,20,0.5514986455993405,944.95,2.0,4.0206618064052196e-05,0.00026933910622262467,0.897002708801319,555,1244,1104,1141,1036
house-bills_m2_hetb,0.75,case_II,1476,0,0.7896322571214801,0.0,0.0,0.0,0.00010743061772605194,0.0,1369,1487,1480,1487,1487
house-bills_m2_hetb,0.75,case_II,1477,20,0.19108099964792524,1675.95,1.0,0.0,0.00019672892194584835,0.8089190003520748,309,1372,1481,1264,1067
house-bills_m2_hetb,0.75,case_II,1478,0,0.8231738011496573,0.0,0.0,0.0,0.00010743061772605194,0.0,1370,1488,1482,1488,1488
house-bills_m2_hetb,0.75,case_II,1479,20,0.5581697323222211,0.0,1.0,0.0,0.00019619149630603213,0.4418302676777789,1371,1373,1483,1268,1213
house-bills_m2_hetb,0.75,case_II,1480,20,0.10351906938606403,1426.5,2.0,7.313864118818316e-06,0.00027654742445909497,1.792961861227872,357,1245,1225,1126,812
house-bills_m2_hetb,0.75,case_II,1481,0,0.9680567674181526,0.0,0.0,0.0,0.00010743061772605194,0.0,1372,1489,1484,1489,1489
house-bills_m2_hetb,0.75,case_II,1482,0,0.4118515661605675,0.0,0.0,0.0,0.00010743061772605194,0.0,1373,1490,1485,1490,1490
house-bills_m2_hetb,0.75,case_II,1483,20,0.475406182769067,0.0,1.0,0.0,0.00018501208033415287,0.524593817230933,1374,1374,1486,1285,1179
house-bills_m2_hetb,0.75,case_II,1484,20,0.7844622831603345,0.0,2.0,6.011254185426174e-06,0.0002492515743136533,0.431075433679331,1375,1246,1232,1164,1220
house-bills_m2_hetb,0.75,case_II,1485,20,0.9646372922171242,0.0,5.0,0.0002352739591953341,0.0005212901812269969,0.1768135389143788,1376,886,785,715,1321
house-bills_m2_hetb,0.75,case_II,1486,20,0.24553852625628458,1043.8,1.0,0.0,0.00021697106971274512,0.7544614737437154,528,1375,1487,1252,1089
house-bills_m2_hetb,0.75,case_II,1487,20,0.13616548832232767,292.35,2.0,3.407457059441469e-05,0.00027139167095729076,1.7276690233553447,709,1247,1119,1137,831
house-bills_m2_hetb,0.75,case_II,1488,20,0.7447308953008215,0.0,1.0,0.0,0.00019538823810223027,0.2552691046991785,1377,1376,1488,1269,1283
house-bills_m2_hetb,0.75,case_II,1489,0,0.6770375078933076,0.0,0.0,0.0,0.00010743061772605194,0.0,1378,1491,1489,1491,1491
house-bills_m2_hetb,0.75,case_II,1490,20,0.4465205431987034,0.0,1.0,0.0,0.00023687124221744322,0.5534794568012966,1379,1377,1490,1207,1169
house-bills_m2_hetb,0.75,case_II,1491,0,0.6476068992896135,0.0,0.0,0.0,0.00010743061772605194,0.0,1380,1492,1491,1492,1492
house-bills_m2_hetb,0.75,case_II,1492,0,0.9441499806395017,0.0,0.0,0.0,0.00010743061772605194,0.0,1381,1493,1492,1493,1493
house-bills_m2_hetb,0.75,case_II,1493,20,0.8419109783899698,0.0,1.0,0.0,0.00017956098914187734,0.15808902161003024,1382,1378,1493,1293,1333
